make  all-recursive
make[1]: Entering directory '/app'
Making all in po
make[2]: Entering directory '/app/po'
file=`echo fr | sed 's,.*/,,'`.gmo \
  && rm -f $file && /usr/bin/msgfmt -o $file fr.po
make[2]: Leaving directory '/app/po'
Making all in libquiver
make[2]: Entering directory '/app/libquiver'
make[3]: Entering directory '/app/libquiver'
/usr/bin/glib-genmarshal './quiver-marshallers.list'	--header --prefix=_quiver_marshal > quiver-marshallers.h
depbase=`echo quiver-pixbuf-utils.lo | sed 's|[^/]*$|.deps/&|;s|\.lo$||'`;\
/bin/bash ../libtool  --tag=CC   --mode=compile gcc -DHAVE_CONFIG_H -I. -I..    -I/usr/include/gtk-3.0 -I/usr/include/pango-1.0 -I/usr/include/glib-2.0 -I/usr/lib/x86_64-linux-gnu/glib-2.0/include -I/usr/include/harfbuzz -I/usr/include/freetype2 -I/usr/include/libpng16 -I/usr/include/libmount -I/usr/include/blkid -I/usr/include/fribidi -I/usr/include/cairo -I/usr/include/pixman-1 -I/usr/include/gdk-pixbuf-2.0 -I/usr/include/x86_64-linux-gnu -I/usr/include/webp -I/usr/include/gio-unix-2.0 -I/usr/include/atk-1.0 -I/usr/include/at-spi2-atk/2.0 -I/usr/include/at-spi-2.0 -I/usr/include/dbus-1.0 -I/usr/lib/x86_64-linux-gnu/dbus-1.0/include -pthread  -Wall -Wincompatible-pointer-types -Werror=incompatible-pointer-types -Werror=int-conversion -Werror=implicit-function-declaration -Wwrite-strings -MT quiver-pixbuf-utils.lo -MD -MP -MF $depbase.Tpo -c -o quiver-pixbuf-utils.lo quiver-pixbuf-utils.c &&\
mv -f $depbase.Tpo $depbase.Plo
INFO: Reading ./quiver-marshallers.list...
echo "#include \"quiver-marshallers.h\"" > quiver-marshallers.c && \
/usr/bin/glib-genmarshal './quiver-marshallers.list'	--body --prefix=_quiver_marshal > quiver-marshallers.c
depbase=`echo quiver-image-view.lo | sed 's|[^/]*$|.deps/&|;s|\.lo$||'`;\
/bin/bash ../libtool  --tag=CC   --mode=compile gcc -DHAVE_CONFIG_H -I. -I..    -I/usr/include/gtk-3.0 -I/usr/include/pango-1.0 -I/usr/include/glib-2.0 -I/usr/lib/x86_64-linux-gnu/glib-2.0/include -I/usr/include/harfbuzz -I/usr/include/freetype2 -I/usr/include/libpng16 -I/usr/include/libmount -I/usr/include/blkid -I/usr/include/fribidi -I/usr/include/cairo -I/usr/include/pixman-1 -I/usr/include/gdk-pixbuf-2.0 -I/usr/include/x86_64-linux-gnu -I/usr/include/webp -I/usr/include/gio-unix-2.0 -I/usr/include/atk-1.0 -I/usr/include/at-spi2-atk/2.0 -I/usr/include/at-spi-2.0 -I/usr/include/dbus-1.0 -I/usr/lib/x86_64-linux-gnu/dbus-1.0/include -pthread  -Wall -Wincompatible-pointer-types -Werror=incompatible-pointer-types -Werror=int-conversion -Werror=implicit-function-declaration -Wwrite-strings -MT quiver-image-view.lo -MD -MP -MF $depbase.Tpo -c -o quiver-image-view.lo quiver-image-view.c &&\
mv -f $depbase.Tpo $depbase.Plo
depbase=`echo quiver-icon-view.lo | sed 's|[^/]*$|.deps/&|;s|\.lo$||'`;\
/bin/bash ../libtool  --tag=CC   --mode=compile gcc -DHAVE_CONFIG_H -I. -I..    -I/usr/include/gtk-3.0 -I/usr/include/pango-1.0 -I/usr/include/glib-2.0 -I/usr/lib/x86_64-linux-gnu/glib-2.0/include -I/usr/include/harfbuzz -I/usr/include/freetype2 -I/usr/include/libpng16 -I/usr/include/libmount -I/usr/include/blkid -I/usr/include/fribidi -I/usr/include/cairo -I/usr/include/pixman-1 -I/usr/include/gdk-pixbuf-2.0 -I/usr/include/x86_64-linux-gnu -I/usr/include/webp -I/usr/include/gio-unix-2.0 -I/usr/include/atk-1.0 -I/usr/include/at-spi2-atk/2.0 -I/usr/include/at-spi-2.0 -I/usr/include/dbus-1.0 -I/usr/lib/x86_64-linux-gnu/dbus-1.0/include -pthread  -Wall -Wincompatible-pointer-types -Werror=incompatible-pointer-types -Werror=int-conversion -Werror=implicit-function-declaration -Wwrite-strings -MT quiver-icon-view.lo -MD -MP -MF $depbase.Tpo -c -o quiver-icon-view.lo quiver-icon-view.c &&\
mv -f $depbase.Tpo $depbase.Plo
INFO: Reading ./quiver-marshallers.list...
depbase=`echo quiver-navigation-control.lo | sed 's|[^/]*$|.deps/&|;s|\.lo$||'`;\
/bin/bash ../libtool  --tag=CC   --mode=compile gcc -DHAVE_CONFIG_H -I. -I..    -I/usr/include/gtk-3.0 -I/usr/include/pango-1.0 -I/usr/include/glib-2.0 -I/usr/lib/x86_64-linux-gnu/glib-2.0/include -I/usr/include/harfbuzz -I/usr/include/freetype2 -I/usr/include/libpng16 -I/usr/include/libmount -I/usr/include/blkid -I/usr/include/fribidi -I/usr/include/cairo -I/usr/include/pixman-1 -I/usr/include/gdk-pixbuf-2.0 -I/usr/include/x86_64-linux-gnu -I/usr/include/webp -I/usr/include/gio-unix-2.0 -I/usr/include/atk-1.0 -I/usr/include/at-spi2-atk/2.0 -I/usr/include/at-spi-2.0 -I/usr/include/dbus-1.0 -I/usr/lib/x86_64-linux-gnu/dbus-1.0/include -pthread  -Wall -Wincompatible-pointer-types -Werror=incompatible-pointer-types -Werror=int-conversion -Werror=implicit-function-declaration -Wwrite-strings -MT quiver-navigation-control.lo -MD -MP -MF $depbase.Tpo -c -o quiver-navigation-control.lo quiver-navigation-control.c &&\
mv -f $depbase.Tpo $depbase.Plo
libtool: compile:  gcc -DHAVE_CONFIG_H -I. -I.. -I/usr/include/gtk-3.0 -I/usr/include/pango-1.0 -I/usr/include/glib-2.0 -I/usr/lib/x86_64-linux-gnu/glib-2.0/include -I/usr/include/harfbuzz -I/usr/include/freetype2 -I/usr/include/libpng16 -I/usr/include/libmount -I/usr/include/blkid -I/usr/include/fribidi -I/usr/include/cairo -I/usr/include/pixman-1 -I/usr/include/gdk-pixbuf-2.0 -I/usr/include/x86_64-linux-gnu -I/usr/include/webp -I/usr/include/gio-unix-2.0 -I/usr/include/atk-1.0 -I/usr/include/at-spi2-atk/2.0 -I/usr/include/at-spi-2.0 -I/usr/include/dbus-1.0 -I/usr/lib/x86_64-linux-gnu/dbus-1.0/include -pthread -Wall -Wincompatible-pointer-types -Werror=incompatible-pointer-types -Werror=int-conversion -Werror=implicit-function-declaration -Wwrite-strings -MT quiver-pixbuf-utils.lo -MD -MP -MF .deps/quiver-pixbuf-utils.Tpo -c quiver-pixbuf-utils.c  -fPIC -DPIC -o .libs/quiver-pixbuf-utils.o
libtool: compile:  gcc -DHAVE_CONFIG_H -I. -I.. -I/usr/include/gtk-3.0 -I/usr/include/pango-1.0 -I/usr/include/glib-2.0 -I/usr/lib/x86_64-linux-gnu/glib-2.0/include -I/usr/include/harfbuzz -I/usr/include/freetype2 -I/usr/include/libpng16 -I/usr/include/libmount -I/usr/include/blkid -I/usr/include/fribidi -I/usr/include/cairo -I/usr/include/pixman-1 -I/usr/include/gdk-pixbuf-2.0 -I/usr/include/x86_64-linux-gnu -I/usr/include/webp -I/usr/include/gio-unix-2.0 -I/usr/include/atk-1.0 -I/usr/include/at-spi2-atk/2.0 -I/usr/include/at-spi-2.0 -I/usr/include/dbus-1.0 -I/usr/lib/x86_64-linux-gnu/dbus-1.0/include -pthread -Wall -Wincompatible-pointer-types -Werror=incompatible-pointer-types -Werror=int-conversion -Werror=implicit-function-declaration -Wwrite-strings -MT quiver-image-view.lo -MD -MP -MF .deps/quiver-image-view.Tpo -c quiver-image-view.c  -fPIC -DPIC -o .libs/quiver-image-view.o
libtool: compile:  gcc -DHAVE_CONFIG_H -I. -I.. -I/usr/include/gtk-3.0 -I/usr/include/pango-1.0 -I/usr/include/glib-2.0 -I/usr/lib/x86_64-linux-gnu/glib-2.0/include -I/usr/include/harfbuzz -I/usr/include/freetype2 -I/usr/include/libpng16 -I/usr/include/libmount -I/usr/include/blkid -I/usr/include/fribidi -I/usr/include/cairo -I/usr/include/pixman-1 -I/usr/include/gdk-pixbuf-2.0 -I/usr/include/x86_64-linux-gnu -I/usr/include/webp -I/usr/include/gio-unix-2.0 -I/usr/include/atk-1.0 -I/usr/include/at-spi2-atk/2.0 -I/usr/include/at-spi-2.0 -I/usr/include/dbus-1.0 -I/usr/lib/x86_64-linux-gnu/dbus-1.0/include -pthread -Wall -Wincompatible-pointer-types -Werror=incompatible-pointer-types -Werror=int-conversion -Werror=implicit-function-declaration -Wwrite-strings -MT quiver-icon-view.lo -MD -MP -MF .deps/quiver-icon-view.Tpo -c quiver-icon-view.c  -fPIC -DPIC -o .libs/quiver-icon-view.o
libtool: compile:  gcc -DHAVE_CONFIG_H -I. -I.. -I/usr/include/gtk-3.0 -I/usr/include/pango-1.0 -I/usr/include/glib-2.0 -I/usr/lib/x86_64-linux-gnu/glib-2.0/include -I/usr/include/harfbuzz -I/usr/include/freetype2 -I/usr/include/libpng16 -I/usr/include/libmount -I/usr/include/blkid -I/usr/include/fribidi -I/usr/include/cairo -I/usr/include/pixman-1 -I/usr/include/gdk-pixbuf-2.0 -I/usr/include/x86_64-linux-gnu -I/usr/include/webp -I/usr/include/gio-unix-2.0 -I/usr/include/atk-1.0 -I/usr/include/at-spi2-atk/2.0 -I/usr/include/at-spi-2.0 -I/usr/include/dbus-1.0 -I/usr/lib/x86_64-linux-gnu/dbus-1.0/include -pthread -Wall -Wincompatible-pointer-types -Werror=incompatible-pointer-types -Werror=int-conversion -Werror=implicit-function-declaration -Wwrite-strings -MT quiver-navigation-control.lo -MD -MP -MF .deps/quiver-navigation-control.Tpo -c quiver-navigation-control.c  -fPIC -DPIC -o .libs/quiver-navigation-control.o
quiver-pixbuf-utils.c: In function 'pixbuf_set_alpha':
quiver-pixbuf-utils.c:10:54: warning: unused variable 'bytes_per_pixel' [-Wunused-variable]
   10 |         int width, height, has_alpha, src_rowstride, bytes_per_pixel,n_channels;
      |                                                      ^~~~~~~~~~~~~~~
quiver-pixbuf-utils.c:9:19: warning: unused variable 't' [-Wunused-variable]
    9 |         int i, j, t;
      |                   ^
quiver-pixbuf-utils.c: In function 'pixbuf_set_grayscale':
quiver-pixbuf-utils.c:59:19: warning: unused variable 't' [-Wunused-variable]
   59 |         int i, j, t;
      |                   ^
quiver-icon-view.c: In function 'quiver_icon_view_class_init':
quiver-icon-view.c:287:9: warning: 'g_type_class_add_private' is deprecated [-Wdeprecated-declarations]
  287 |         g_type_class_add_private (obj_class, sizeof (QuiverIconViewPrivate));
      |         ^~~~~~~~~~~~~~~~~~~~~~~~
In file included from /usr/include/glib-2.0/gobject/gobject.h:26,
                 from /usr/include/glib-2.0/gobject/gbinding.h:31,
                 from /usr/include/glib-2.0/glib-object.h:24,
                 from /usr/include/glib-2.0/gio/gioenums.h:30,
                 from /usr/include/glib-2.0/gio/giotypes.h:30,
                 from /usr/include/glib-2.0/gio/gio.h:28,
                 from /usr/include/gtk-3.0/gdk/gdkapplaunchcontext.h:28,
                 from /usr/include/gtk-3.0/gdk/gdk.h:32,
                 from /usr/include/gtk-3.0/gtk/gtk.h:30,
                 from quiver-icon-view.c:2:
/usr/include/glib-2.0/gobject/gtype.h:1497:10: note: declared here
 1497 | void     g_type_class_add_private       (gpointer                    g_class,
      |          ^~~~~~~~~~~~~~~~~~~~~~~~
quiver-icon-view.c:332:17: warning: 'gdk_color_get_type' is deprecated: Use 'gdk_rgba_get_type' instead [-Wdeprecated-declarations]
  332 |                 GDK_TYPE_COLOR,
      |                 ^~~~~~~~~~~~~~
In file included from /usr/include/gtk-3.0/gdk/gdkcairo.h:26,
                 from /usr/include/gtk-3.0/gdk/gdk.h:33:
/usr/include/gtk-3.0/gdk/deprecated/gdkcolor.h:65:11: note: declared here
   65 | GType     gdk_color_get_type (void) G_GNUC_CONST;
      |           ^~~~~~~~~~~~~~~~~~
quiver-icon-view.c: In function 'quiver_icon_view_init':
quiver-icon-view.c:385:20: warning: Deprecated pre-processor symbol: replace with "G_ADD_PRIVATE"
  385 |         iconview->priv = QUIVER_ICON_VIEW_GET_PRIVATE(iconview);
      |                    ^~~~~~~~~~~~~~~~~~~~~~~~~~~~~~~~~~~~~~~~~~~~~
quiver-icon-view.c: In function 'quiver_icon_view_realize':
quiver-icon-view.c:550:9: warning: 'gtk_style_context_set_background' is deprecated: Use 'gtk_render_background' instead [-Wdeprecated-declarations]
  550 |         gtk_style_context_set_background(context, gtk_widget_get_window(widget));
      |         ^~~~~~~~~~~~~~~~~~~~~~~~~~~~~~~~
In file included from /usr/include/gtk-3.0/gtk/gtkicontheme.h:27,
                 from /usr/include/gtk-3.0/gtk/gtk.h:127:
/usr/include/gtk-3.0/gtk/gtkstylecontext.h:1232:6: note: declared here
 1232 | void gtk_style_context_set_background       (GtkStyleContext *context,
      |      ^~~~~~~~~~~~~~~~~~~~~~~~~~~~~~~~
quiver-image-view.c: In function 'quiver_image_view_class_init':
quiver-image-view.c:299:9: warning: 'g_type_class_add_private' is deprecated [-Wdeprecated-declarations]
  299 |         g_type_class_add_private (obj_class, sizeof (QuiverImageViewPrivate));
      |         ^~~~~~~~~~~~~~~~~~~~~~~~
In file included from /usr/include/glib-2.0/gobject/gobject.h:26,
                 from /usr/include/glib-2.0/gobject/gbinding.h:31,
                 from /usr/include/glib-2.0/glib-object.h:24,
                 from /usr/include/glib-2.0/gio/gioenums.h:30,
                 from /usr/include/glib-2.0/gio/giotypes.h:30,
                 from /usr/include/glib-2.0/gio/gio.h:28,
                 from /usr/include/gtk-3.0/gdk/gdkapplaunchcontext.h:28,
                 from /usr/include/gtk-3.0/gdk/gdk.h:32,
                 from /usr/include/gtk-3.0/gtk/gtk.h:30,
                 from quiver-image-view.c:2:
/usr/include/glib-2.0/gobject/gtype.h:1497:10: note: declared here
 1497 | void     g_type_class_add_private       (gpointer                    g_class,
      |          ^~~~~~~~~~~~~~~~~~~~~~~~
quiver-image-view.c: In function 'quiver_image_view_init':
quiver-image-view.c:370:20: warning: Deprecated pre-processor symbol: replace with "G_ADD_PRIVATE"
  370 |         imageview->priv = QUIVER_IMAGE_VIEW_GET_PRIVATE(imageview);
      |                    ^~~~~~~~~~~~~~~~~~~~~~~~~~~~~~~~~~~~~~~~~~~~~~~~
quiver-image-view.c: In function 'quiver_image_view_realize':
quiver-image-view.c:486:9: warning: 'gtk_widget_set_style' is deprecated [-Wdeprecated-declarations]
  486 |         gtk_widget_set_style(widget, gtk_style_attach(gtk_widget_get_style(widget), gtk_widget_get_window(widget)));
      |         ^~~~~~~~~~~~~~~~~~~~
In file included from /usr/include/gtk-3.0/gtk/gtk.h:277:
/usr/include/gtk-3.0/gtk/deprecated/gtkstyle.h:737:13: note: declared here
  737 | void        gtk_widget_set_style          (GtkWidget            *widget,
      |             ^~~~~~~~~~~~~~~~~~~~
quiver-image-view.c:486:9: warning: 'gtk_style_attach' is deprecated: Use 'GtkStyleContext' instead [-Wdeprecated-declarations]
  486 |         gtk_widget_set_style(widget, gtk_style_attach(gtk_widget_get_style(widget), gtk_widget_get_window(widget)));
      |         ^~~~~~~~~~~~~~~~~~~~
/usr/include/gtk-3.0/gtk/deprecated/gtkstyle.h:446:11: note: declared here
  446 | GtkStyle* gtk_style_attach                   (GtkStyle     *style,
      |           ^~~~~~~~~~~~~~~~
quiver-image-view.c:486:9: warning: 'gtk_widget_get_style' is deprecated: Use 'gtk_widget_get_style_context' instead [-Wdeprecated-declarations]
  486 |         gtk_widget_set_style(widget, gtk_style_attach(gtk_widget_get_style(widget), gtk_widget_get_window(widget)));
      |         ^~~~~~~~~~~~~~~~~~~~
/usr/include/gtk-3.0/gtk/deprecated/gtkstyle.h:742:13: note: declared here
  742 | GtkStyle *  gtk_widget_get_style          (GtkWidget            *widget);
      |             ^~~~~~~~~~~~~~~~~~~~
quiver-icon-view.c: In function 'quiver_icon_view_draw':
quiver-image-view.c:487:9: warning: 'gtk_style_set_background' is deprecated: Use 'GtkStyleContext' instead [-Wdeprecated-declarations]
  487 |         gtk_style_set_background(gtk_widget_get_style(widget), gtk_widget_get_window(widget), GTK_STATE_NORMAL);
      |         ^~~~~~~~~~~~~~~~~~~~~~~~
/usr/include/gtk-3.0/gtk/deprecated/gtkstyle.h:451:11: note: declared here
  451 | void      gtk_style_set_background           (GtkStyle     *style,
      |           ^~~~~~~~~~~~~~~~~~~~~~~~
quiver-image-view.c:487:9: warning: 'gtk_widget_get_style' is deprecated: Use 'gtk_widget_get_style_context' instead [-Wdeprecated-declarations]
  487 |         gtk_style_set_background(gtk_widget_get_style(widget), gtk_widget_get_window(widget), GTK_STATE_NORMAL);
      |         ^~~~~~~~~~~~~~~~~~~~~~~~
/usr/include/gtk-3.0/gtk/deprecated/gtkstyle.h:742:13: note: declared here
  742 | GtkStyle *  gtk_widget_get_style          (GtkWidget            *widget);
      |             ^~~~~~~~~~~~~~~~~~~~
quiver-icon-view.c:1037:25: warning: variable 'iconview' set but not used [-Wunused-but-set-variable]
 1037 |         QuiverIconView *iconview;
      |                         ^~~~~~~~
quiver-image-view.c: In function 'quiver_image_view_finalize':
quiver-image-view.c:569:31: warning: variable 'obj_class' set but not used [-Wunused-but-set-variable]
  569 |         GObjectClass *parent,*obj_class;
      |                               ^~~~~~~~~
quiver-icon-view.c: In function 'rubberband_scroll_timeout':
quiver-image-view.c: In function 'quiver_image_view_size_request':
quiver-image-view.c:613:26: warning: variable 'imageview' set but not used [-Wunused-but-set-variable]
  613 |         QuiverImageView *imageview;
      |                          ^~~~~~~~~
quiver-icon-view.c:1240:9: warning: 'gdk_threads_enter' is deprecated [-Wdeprecated-declarations]
 1240 |         gdk_threads_enter ();
      |         ^~~~~~~~~~~~~~~~~
In file included from /usr/include/gtk-3.0/gdk/gdk.h:61:
/usr/include/gtk-3.0/gdk/gdkthreads.h:46:10: note: declared here
   46 | void     gdk_threads_enter                    (void);
      |          ^~~~~~~~~~~~~~~~~
quiver-image-view.c: In function 'quiver_image_view_configure_event':
quiver-image-view.c:672:9: warning: 'gdk_window_get_pointer' is deprecated: Use 'gdk_window_get_device_position' instead [-Wdeprecated-declarations]
  672 |         gdk_window_get_pointer(gtk_widget_get_window(widget),&x,&y,&mask);
      |         ^~~~~~~~~~~~~~~~~~~~~~
quiver-icon-view.c:1258:9: warning: 'gdk_threads_leave' is deprecated [-Wdeprecated-declarations]
 1258 |         gdk_threads_leave ();
      |         ^~~~~~~~~~~~~~~~~
In file included from /usr/include/gtk-3.0/gdk/gdkseat.h:28,
                 from /usr/include/gtk-3.0/gdk/gdkdisplay.h:33,
                 from /usr/include/gtk-3.0/gdk/gdkscreen.h:32,
                 from /usr/include/gtk-3.0/gdk/gdkapplaunchcontext.h:31:
/usr/include/gtk-3.0/gdk/gdkwindow.h:860:15: note: declared here
  860 | GdkWindow *   gdk_window_get_pointer     (GdkWindow       *window,
      |               ^~~~~~~~~~~~~~~~~~~~~~
/usr/include/gtk-3.0/gdk/gdkthreads.h:48:10: note: declared here
   48 | void     gdk_threads_leave                    (void);
      |          ^~~~~~~~~~~~~~~~~
quiver-icon-view.c: In function 'quiver_icon_view_motion_notify_event':
quiver-icon-view.c:1274:17: warning: 'gdk_window_get_pointer' is deprecated: Use 'gdk_window_get_device_position' instead [-Wdeprecated-declarations]
 1274 |                 gdk_window_get_pointer(event->window, &x, &y, &state);
      |                 ^~~~~~~~~~~~~~~~~~~~~~
quiver-image-view.c: In function 'quiver_image_view_create_next_transition_pixbuf':
In file included from /usr/include/gtk-3.0/gdk/gdkseat.h:28,
                 from /usr/include/gtk-3.0/gdk/gdkdisplay.h:33,
                 from /usr/include/gtk-3.0/gdk/gdkscreen.h:32,
                 from /usr/include/gtk-3.0/gdk/gdkapplaunchcontext.h:31:
/usr/include/gtk-3.0/gdk/gdkwindow.h:860:15: note: declared here
  860 | GdkWindow *   gdk_window_get_pointer     (GdkWindow       *window,
      |               ^~~~~~~~~~~~~~~~~~~~~~
quiver-image-view.c:839:9: warning: 'gtk_widget_get_style' is deprecated: Use 'gtk_widget_get_style_context' instead [-Wdeprecated-declarations]
  839 |         GdkColor c = gtk_widget_get_style(GTK_WIDGET(imageview))->bg[GTK_STATE_NORMAL];
      |         ^~~~~~~~
/usr/include/gtk-3.0/gtk/deprecated/gtkstyle.h:742:13: note: declared here
  742 | GtkStyle *  gtk_widget_get_style          (GtkWidget            *widget);
      |             ^~~~~~~~~~~~~~~~~~~~
quiver-image-view.c: In function 'quiver_image_view_create_scaled_pixbuf':
quiver-image-view.c:889:18: warning: variable 'stretch' set but not used [-Wunused-but-set-variable]
  889 |         gboolean stretch;
      |                  ^~~~~~~
quiver-image-view.c:887:20: warning: variable 'height' set but not used [-Wunused-but-set-variable]
  887 |         gint width,height;
      |                    ^~~~~~
quiver-image-view.c: In function 'draw_pixbuf':
quiver-image-view.c:1061:19: warning: variable 'vadj' set but not used [-Wunused-but-set-variable]
 1061 |         gint hadj,vadj;
      |                   ^~~~
quiver-image-view.c:1061:14: warning: variable 'hadj' set but not used [-Wunused-but-set-variable]
 1061 |         gint hadj,vadj;
      |              ^~~~
quiver-image-view.c: In function 'quiver_image_view_timeout_smooth_scroll_slowdown':
quiver-image-view.c:1181:9: warning: 'gdk_threads_enter' is deprecated [-Wdeprecated-declarations]
 1181 |         gdk_threads_enter();
      |         ^~~~~~~~~~~~~~~~~
In file included from /usr/include/gtk-3.0/gdk/gdk.h:61:
/usr/include/gtk-3.0/gdk/gdkthreads.h:46:10: note: declared here
   46 | void     gdk_threads_enter                    (void);
      |          ^~~~~~~~~~~~~~~~~
quiver-image-view.c:1291:9: warning: 'gdk_threads_leave' is deprecated [-Wdeprecated-declarations]
 1291 |         gdk_threads_leave();
      |         ^~~~~~~~~~~~~~~~~
/usr/include/gtk-3.0/gdk/gdkthreads.h:48:10: note: declared here
   48 | void     gdk_threads_leave                    (void);
      |          ^~~~~~~~~~~~~~~~~
quiver-image-view.c: In function 'quiver_image_view_motion_notify_event':
quiver-image-view.c:1373:17: warning: 'gdk_window_get_pointer' is deprecated: Use 'gdk_window_get_device_position' instead [-Wdeprecated-declarations]
 1373 |                 gdk_window_get_pointer(event->window, &x, &y, &state);
      |                 ^~~~~~~~~~~~~~~~~~~~~~
/usr/include/gtk-3.0/gdk/gdkwindow.h:860:15: note: declared here
  860 | GdkWindow *   gdk_window_get_pointer     (GdkWindow       *window,
      |               ^~~~~~~~~~~~~~~~~~~~~~
quiver-image-view.c: In function 'quiver_image_view_scroll_event':
quiver-image-view.c:1495:13: warning: variable 'adjustment' set but not used [-Wunused-but-set-variable]
 1495 |         int adjustment = 5;
      |             ^~~~~~~~~~
quiver-image-view.c: In function 'quiver_image_view_timeout_scale_hq':
quiver-image-view.c:1648:9: warning: 'gdk_threads_enter' is deprecated [-Wdeprecated-declarations]
 1648 |         gdk_threads_enter();
      |         ^~~~~~~~~~~~~~~~~
/usr/include/gtk-3.0/gdk/gdkthreads.h:46:10: note: declared here
   46 | void     gdk_threads_enter                    (void);
      |          ^~~~~~~~~~~~~~~~~
quiver-icon-view.c: In function 'quiver_icon_view_timeout_smooth_scroll':
quiver-icon-view.c:1917:9: warning: 'gdk_threads_enter' is deprecated [-Wdeprecated-declarations]
 1917 |         gdk_threads_enter();
      |         ^~~~~~~~~~~~~~~~~
/usr/include/gtk-3.0/gdk/gdkthreads.h:46:10: note: declared here
   46 | void     gdk_threads_enter                    (void);
      |          ^~~~~~~~~~~~~~~~~
quiver-icon-view.c:1919:9: warning: 'gdk_threads_leave' is deprecated [-Wdeprecated-declarations]
 1919 |         gdk_threads_leave();
      |         ^~~~~~~~~~~~~~~~~
/usr/include/gtk-3.0/gdk/gdkthreads.h:48:10: note: declared here
   48 | void     gdk_threads_leave                    (void);
      |          ^~~~~~~~~~~~~~~~~
quiver-icon-view.c: In function 'quiver_icon_view_timeout_smooth_scroll_slowdown':
quiver-icon-view.c:1935:9: warning: 'gdk_threads_enter' is deprecated [-Wdeprecated-declarations]
 1935 |         gdk_threads_enter();
      |         ^~~~~~~~~~~~~~~~~
/usr/include/gtk-3.0/gdk/gdkthreads.h:46:10: note: declared here
   46 | void     gdk_threads_enter                    (void);
      |          ^~~~~~~~~~~~~~~~~
quiver-image-view.c:1654:9: warning: 'gdk_window_get_pointer' is deprecated: Use 'gdk_window_get_device_position' instead [-Wdeprecated-declarations]
 1654 |         gdk_window_get_pointer(gtk_widget_get_window(widget),&x,&y,&mask);
      |         ^~~~~~~~~~~~~~~~~~~~~~
/usr/include/gtk-3.0/gdk/gdkwindow.h:860:15: note: declared here
  860 | GdkWindow *   gdk_window_get_pointer     (GdkWindow       *window,
      |               ^~~~~~~~~~~~~~~~~~~~~~
quiver-icon-view.c:2029:9: warning: 'gdk_threads_leave' is deprecated [-Wdeprecated-declarations]
 2029 |         gdk_threads_leave();
      |         ^~~~~~~~~~~~~~~~~
/usr/include/gtk-3.0/gdk/gdkthreads.h:48:10: note: declared here
   48 | void     gdk_threads_leave                    (void);
      |          ^~~~~~~~~~~~~~~~~
quiver-image-view.c:1680:9: warning: 'gdk_threads_leave' is deprecated [-Wdeprecated-declarations]
 1680 |         gdk_threads_leave();
      |         ^~~~~~~~~~~~~~~~~
/usr/include/gtk-3.0/gdk/gdkthreads.h:48:10: note: declared here
   48 | void     gdk_threads_leave                    (void);
      |          ^~~~~~~~~~~~~~~~~
quiver-icon-view.c: In function 'quiver_icon_view_style_set':
quiver-image-view.c: In function 'quiver_image_view_scroll':
quiver-icon-view.c:2037:25: warning: unused variable 'iconview' [-Wunused-variable]
 2037 |         QuiverIconView* iconview = QUIVER_ICON_VIEW(widget);
      |                         ^~~~~~~~
quiver-image-view.c:1706:25: warning: 'gdk_window_process_updates' is deprecated [-Wdeprecated-declarations]
 1706 |                         gdk_window_process_updates(gtk_widget_get_window(widget), FALSE);
      |                         ^~~~~~~~~~~~~~~~~~~~~~~~~~
/usr/include/gtk-3.0/gdk/gdkwindow.h:1069:12: note: declared here
 1069 | void       gdk_window_process_updates     (GdkWindow    *window,
      |            ^~~~~~~~~~~~~~~~~~~~~~~~~~
quiver-image-view.c: In function 'quiver_image_view_timeout_scroll':
quiver-icon-view.c: In function 'quiver_icon_view_adjustment_value_changed':
quiver-image-view.c:1723:9: warning: 'gdk_threads_enter' is deprecated [-Wdeprecated-declarations]
 1723 |         gdk_threads_enter();
      |         ^~~~~~~~~~~~~~~~~
/usr/include/gtk-3.0/gdk/gdkthreads.h:46:10: note: declared here
   46 | void     gdk_threads_enter                    (void);
      |          ^~~~~~~~~~~~~~~~~
quiver-icon-view.c:2059:25: warning: 'gdk_window_process_updates' is deprecated [-Wdeprecated-declarations]
 2059 |                         gdk_window_process_updates(gtk_widget_get_window(widget), FALSE);
      |                         ^~~~~~~~~~~~~~~~~~~~~~~~~~
/usr/include/gtk-3.0/gdk/gdkwindow.h:1069:12: note: declared here
 1069 | void       gdk_window_process_updates     (GdkWindow    *window,
      |            ^~~~~~~~~~~~~~~~~~~~~~~~~~
quiver-image-view.c:1727:9: warning: 'gdk_threads_leave' is deprecated [-Wdeprecated-declarations]
 1727 |         gdk_threads_leave();
      |         ^~~~~~~~~~~~~~~~~
/usr/include/gtk-3.0/gdk/gdkthreads.h:48:10: note: declared here
   48 | void     gdk_threads_leave                    (void);
      |          ^~~~~~~~~~~~~~~~~
quiver-image-view.c: In function 'quiver_image_view_set_adjustment_upper':
quiver-icon-view.c: In function 'quiver_icon_view_set_adjustment_upper':
quiver-image-view.c:1861:5: warning: 'gtk_adjustment_changed' is deprecated [-Wdeprecated-declarations]
 1861 |     gtk_adjustment_changed (adj);
      |     ^~~~~~~~~~~~~~~~~~~~~~
In file included from /usr/include/gtk-3.0/gtk/gtk.h:38:
/usr/include/gtk-3.0/gtk/gtkadjustment.h:87:12: note: declared here
   87 | void       gtk_adjustment_changed               (GtkAdjustment   *adjustment);
      |            ^~~~~~~~~~~~~~~~~~~~~~
quiver-icon-view.c:2204:5: warning: 'gtk_adjustment_changed' is deprecated [-Wdeprecated-declarations]
 2204 |     gtk_adjustment_changed (adj);
      |     ^~~~~~~~~~~~~~~~~~~~~~
In file included from /usr/include/gtk-3.0/gtk/gtk.h:38:
/usr/include/gtk-3.0/gtk/gtkadjustment.h:87:12: note: declared here
   87 | void       gtk_adjustment_changed               (GtkAdjustment   *adjustment);
      |            ^~~~~~~~~~~~~~~~~~~~~~
quiver-image-view.c:1863:5: warning: 'gtk_adjustment_value_changed' is deprecated [-Wdeprecated-declarations]
 1863 |     gtk_adjustment_value_changed (adj);
      |     ^~~~~~~~~~~~~~~~~~~~~~~~~~~~
/usr/include/gtk-3.0/gtk/gtkadjustment.h:89:12: note: declared here
   89 | void       gtk_adjustment_value_changed         (GtkAdjustment   *adjustment);
      |            ^~~~~~~~~~~~~~~~~~~~~~~~~~~~
quiver-icon-view.c:2206:5: warning: 'gtk_adjustment_value_changed' is deprecated [-Wdeprecated-declarations]
 2206 |     gtk_adjustment_value_changed (adj);
      |     ^~~~~~~~~~~~~~~~~~~~~~~~~~~~
/usr/include/gtk-3.0/gtk/gtkadjustment.h:89:12: note: declared here
   89 | void       gtk_adjustment_value_changed         (GtkAdjustment   *adjustment);
      |            ^~~~~~~~~~~~~~~~~~~~~~~~~~~~
quiver-image-view.c: In function 'quiver_image_view_update_size':
quiver-image-view.c:1899:9: warning: 'gtk_adjustment_changed' is deprecated [-Wdeprecated-declarations]
 1899 |         gtk_adjustment_changed (hadjustment);
      |         ^~~~~~~~~~~~~~~~~~~~~~
/usr/include/gtk-3.0/gtk/gtkadjustment.h:87:12: note: declared here
   87 | void       gtk_adjustment_changed               (GtkAdjustment   *adjustment);
      |            ^~~~~~~~~~~~~~~~~~~~~~
quiver-image-view.c:1900:9: warning: 'gtk_adjustment_changed' is deprecated [-Wdeprecated-declarations]
 1900 |         gtk_adjustment_changed (vadjustment);
      |         ^~~~~~~~~~~~~~~~~~~~~~
/usr/include/gtk-3.0/gtk/gtkadjustment.h:87:12: note: declared here
   87 | void       gtk_adjustment_changed               (GtkAdjustment   *adjustment);
      |            ^~~~~~~~~~~~~~~~~~~~~~
quiver-image-view.c: In function 'quiver_image_view_timeout_animation':
quiver-icon-view.c: In function 'quiver_icon_view_update_rubber_band':
quiver-image-view.c:1957:9: warning: 'gdk_threads_enter' is deprecated [-Wdeprecated-declarations]
 1957 |         gdk_threads_enter();
      |         ^~~~~~~~~~~~~~~~~
/usr/include/gtk-3.0/gdk/gdkthreads.h:46:10: note: declared here
   46 | void     gdk_threads_enter                    (void);
      |          ^~~~~~~~~~~~~~~~~
quiver-icon-view.c:2543:9: warning: 'gdk_window_get_pointer' is deprecated: Use 'gdk_window_get_device_position' instead [-Wdeprecated-declarations]
 2543 |         gdk_window_get_pointer(gtk_widget_get_window(widget), &x, &y, &state);
      |         ^~~~~~~~~~~~~~~~~~~~~~
/usr/include/gtk-3.0/gdk/gdkwindow.h:860:15: note: declared here
  860 | GdkWindow *   gdk_window_get_pointer     (GdkWindow       *window,
      |               ^~~~~~~~~~~~~~~~~~~~~~
quiver-image-view.c:1976:9: warning: 'gdk_threads_leave' is deprecated [-Wdeprecated-declarations]
 1976 |         gdk_threads_leave();
      |         ^~~~~~~~~~~~~~~~~
/usr/include/gtk-3.0/gdk/gdkthreads.h:48:10: note: declared here
   48 | void     gdk_threads_leave                    (void);
      |          ^~~~~~~~~~~~~~~~~
quiver-image-view.c: In function 'quiver_image_view_idle_transition_create':
quiver-image-view.c:1991:9: warning: 'gdk_threads_enter' is deprecated [-Wdeprecated-declarations]
 1991 |         gdk_threads_enter();
      |         ^~~~~~~~~~~~~~~~~
/usr/include/gtk-3.0/gdk/gdkthreads.h:46:10: note: declared here
   46 | void     gdk_threads_enter                    (void);
      |          ^~~~~~~~~~~~~~~~~
quiver-icon-view.c: In function 'quiver_icon_view_update_icon_size':
quiver-icon-view.c:2705:9: warning: 'gtk_adjustment_changed' is deprecated [-Wdeprecated-declarations]
 2705 |         gtk_adjustment_changed (hadjustment);
      |         ^~~~~~~~~~~~~~~~~~~~~~
/usr/include/gtk-3.0/gtk/gtkadjustment.h:87:12: note: declared here
   87 | void       gtk_adjustment_changed               (GtkAdjustment   *adjustment);
      |            ^~~~~~~~~~~~~~~~~~~~~~
quiver-image-view.c:2017:9: warning: 'gdk_threads_leave' is deprecated [-Wdeprecated-declarations]
 2017 |         gdk_threads_leave();
      |         ^~~~~~~~~~~~~~~~~
/usr/include/gtk-3.0/gdk/gdkthreads.h:48:10: note: declared here
   48 | void     gdk_threads_leave                    (void);
      |          ^~~~~~~~~~~~~~~~~
quiver-icon-view.c:2706:9: warning: 'gtk_adjustment_changed' is deprecated [-Wdeprecated-declarations]
 2706 |         gtk_adjustment_changed (vadjustment);
      |         ^~~~~~~~~~~~~~~~~~~~~~
/usr/include/gtk-3.0/gtk/gtkadjustment.h:87:12: note: declared here
   87 | void       gtk_adjustment_changed               (GtkAdjustment   *adjustment);
      |            ^~~~~~~~~~~~~~~~~~~~~~
quiver-image-view.c:1985:20: warning: variable 'widget' set but not used [-Wunused-but-set-variable]
 1985 |         GtkWidget *widget;
      |                    ^~~~~~
quiver-image-view.c: In function 'quiver_image_view_transition_stop':
quiver-image-view.c:2069:29: warning: variable 'height' set but not used [-Wunused-but-set-variable]
 2069 |                 gint width, height;
      |                             ^~~~~~
quiver-icon-view.c:2723:17: warning: 'gdk_window_process_updates' is deprecated [-Wdeprecated-declarations]
 2723 |                 gdk_window_process_updates(gtk_widget_get_window(widget),FALSE);
      |                 ^~~~~~~~~~~~~~~~~~~~~~~~~~
/usr/include/gtk-3.0/gdk/gdkwindow.h:1069:12: note: declared here
 1069 | void       gdk_window_process_updates     (GdkWindow    *window,
      |            ^~~~~~~~~~~~~~~~~~~~~~~~~~
quiver-image-view.c:2069:22: warning: variable 'width' set but not used [-Wunused-but-set-variable]
 2069 |                 gint width, height;
      |                      ^~~~~
quiver-image-view.c:2029:20: warning: variable 'widget' set but not used [-Wunused-but-set-variable]
 2029 |         GtkWidget *widget;
      |                    ^~~~~~
quiver-image-view.c: In function 'quiver_image_view_timeout_transition':
quiver-image-view.c:2096:9: warning: 'gdk_threads_enter' is deprecated [-Wdeprecated-declarations]
 2096 |         gdk_threads_enter();
      |         ^~~~~~~~~~~~~~~~~
/usr/include/gtk-3.0/gdk/gdkthreads.h:46:10: note: declared here
   46 | void     gdk_threads_enter                    (void);
      |          ^~~~~~~~~~~~~~~~~
quiver-icon-view.c: In function 'quiver_icon_view_get_cell_mouse_position':
quiver-image-view.c:2162:25: warning: 'gdk_window_process_updates' is deprecated [-Wdeprecated-declarations]
 2162 |                         gdk_window_process_updates(gtk_widget_get_window(widget), FALSE);
      |                         ^~~~~~~~~~~~~~~~~~~~~~~~~~
/usr/include/gtk-3.0/gdk/gdkwindow.h:1069:12: note: declared here
 1069 | void       gdk_window_process_updates     (GdkWindow    *window,
      |            ^~~~~~~~~~~~~~~~~~~~~~~~~~
quiver-icon-view.c:2915:9: warning: 'gtk_widget_get_pointer' is deprecated: Use 'gdk_window_get_device_position' instead [-Wdeprecated-declarations]
 2915 |         gtk_widget_get_pointer(GTK_WIDGET(iconview), &wx, &wy);
      |         ^~~~~~~~~~~~~~~~~~~~~~
In file included from /usr/include/gtk-3.0/gtk/gtkapplication.h:27,
                 from /usr/include/gtk-3.0/gtk/gtkwindow.h:33,
                 from /usr/include/gtk-3.0/gtk/gtkdialog.h:32,
                 from /usr/include/gtk-3.0/gtk/gtkaboutdialog.h:30,
                 from /usr/include/gtk-3.0/gtk/gtk.h:31:
/usr/include/gtk-3.0/gtk/gtkwidget.h:1121:14: note: declared here
 1121 | void         gtk_widget_get_pointer     (GtkWidget      *widget,
      |              ^~~~~~~~~~~~~~~~~~~~~~
quiver-image-view.c:2166:9: warning: 'gdk_threads_leave' is deprecated [-Wdeprecated-declarations]
 2166 |         gdk_threads_leave();
      |         ^~~~~~~~~~~~~~~~~
/usr/include/gtk-3.0/gdk/gdkthreads.h:48:10: note: declared here
   48 | void     gdk_threads_leave                    (void);
      |          ^~~~~~~~~~~~~~~~~
quiver-image-view.c: In function 'quiver_image_view_timeout_magnification':
quiver-image-view.c:2182:9: warning: 'gdk_threads_enter' is deprecated [-Wdeprecated-declarations]
 2182 |         gdk_threads_enter();
      |         ^~~~~~~~~~~~~~~~~
/usr/include/gtk-3.0/gdk/gdkthreads.h:46:10: note: declared here
   46 | void     gdk_threads_enter                    (void);
      |          ^~~~~~~~~~~~~~~~~
quiver-image-view.c:2214:9: warning: 'gdk_threads_leave' is deprecated [-Wdeprecated-declarations]
 2214 |         gdk_threads_leave();
      |         ^~~~~~~~~~~~~~~~~
/usr/include/gtk-3.0/gdk/gdkthreads.h:48:10: note: declared here
   48 | void     gdk_threads_leave                    (void);
      |          ^~~~~~~~~~~~~~~~~
quiver-image-view.c: In function 'quiver_image_view_invalidate_old_image_area':
quiver-image-view.c:2327:20: warning: variable 'old_pixbuf' set but not used [-Wunused-but-set-variable]
 2327 |         GdkPixbuf *old_pixbuf;
      |                    ^~~~~~~~~~
libtool: compile:  gcc -DHAVE_CONFIG_H -I. -I.. -I/usr/include/gtk-3.0 -I/usr/include/pango-1.0 -I/usr/include/glib-2.0 -I/usr/lib/x86_64-linux-gnu/glib-2.0/include -I/usr/include/harfbuzz -I/usr/include/freetype2 -I/usr/include/libpng16 -I/usr/include/libmount -I/usr/include/blkid -I/usr/include/fribidi -I/usr/include/cairo -I/usr/include/pixman-1 -I/usr/include/gdk-pixbuf-2.0 -I/usr/include/x86_64-linux-gnu -I/usr/include/webp -I/usr/include/gio-unix-2.0 -I/usr/include/atk-1.0 -I/usr/include/at-spi2-atk/2.0 -I/usr/include/at-spi-2.0 -I/usr/include/dbus-1.0 -I/usr/lib/x86_64-linux-gnu/dbus-1.0/include -pthread -Wall -Wincompatible-pointer-types -Werror=incompatible-pointer-types -Werror=int-conversion -Werror=implicit-function-declaration -Wwrite-strings -MT quiver-pixbuf-utils.lo -MD -MP -MF .deps/quiver-pixbuf-utils.Tpo -c quiver-pixbuf-utils.c -o quiver-pixbuf-utils.o >/dev/null 2>&1
quiver-image-view.c: In function 'quiver_image_view_get_magnification':
quiver-image-view.c:2688:20: warning: variable 'widget' set but not used [-Wunused-but-set-variable]
 2688 |         GtkWidget *widget;
      |                    ^~~~~~
quiver-image-view.c: In function 'quiver_image_view_set_magnification_full':
quiver-image-view.c:2825:9: warning: 'gdk_window_get_pointer' is deprecated: Use 'gdk_window_get_device_position' instead [-Wdeprecated-declarations]
 2825 |         gdk_window_get_pointer(gtk_widget_get_window(widget),&x,&y,&mask);
      |         ^~~~~~~~~~~~~~~~~~~~~~
/usr/include/gtk-3.0/gdk/gdkwindow.h:860:15: note: declared here
  860 | GdkWindow *   gdk_window_get_pointer     (GdkWindow       *window,
      |               ^~~~~~~~~~~~~~~~~~~~~~
quiver-navigation-control.c:109:50: warning: excess elements in array initializer
  109 | static guint navcontrol_signals[SIGNAL_COUNT] = {0};
      |                                                  ^
quiver-navigation-control.c:109:50: note: (near initialization for 'navcontrol_signals')
quiver-navigation-control.c: In function 'quiver_navigation_control_class_init':
quiver-navigation-control.c:164:9: warning: 'g_type_class_add_private' is deprecated [-Wdeprecated-declarations]
  164 |         g_type_class_add_private (obj_class, sizeof (QuiverNavigationControlPrivate));
      |         ^~~~~~~~~~~~~~~~~~~~~~~~
In file included from /usr/include/glib-2.0/gobject/gobject.h:26,
                 from /usr/include/glib-2.0/gobject/gbinding.h:31,
                 from /usr/include/glib-2.0/glib-object.h:24,
                 from /usr/include/glib-2.0/gio/gioenums.h:30,
                 from /usr/include/glib-2.0/gio/giotypes.h:30,
                 from /usr/include/glib-2.0/gio/gio.h:28,
                 from /usr/include/gtk-3.0/gdk/gdkapplaunchcontext.h:28,
                 from /usr/include/gtk-3.0/gdk/gdk.h:32,
                 from /usr/include/gtk-3.0/gtk/gtk.h:30,
                 from quiver-navigation-control.c:2:
/usr/include/glib-2.0/gobject/gtype.h:1497:10: note: declared here
 1497 | void     g_type_class_add_private       (gpointer                    g_class,
      |          ^~~~~~~~~~~~~~~~~~~~~~~~
quiver-image-view.c: In function 'pixbuf_loader_area_updated':
quiver-navigation-control.c: In function 'quiver_navigation_control_init':
quiver-navigation-control.c:170:20: warning: Deprecated pre-processor symbol: replace with "G_ADD_PRIVATE"
  170 |         navcontrol->priv = QUIVER_NAVIGATION_CONTROL_GET_PRIVATE(navcontrol);
      |                    ^~~~~~~~~~~~~~~~~~~~~~~~~~~~~~~~~~~~~~~~~~~~~~~~~~~~~~~~~~
quiver-image-view.c:3142:20: warning: variable 'widget' set but not used [-Wunused-but-set-variable]
 3142 |         GtkWidget *widget;
      |                    ^~~~~~
quiver-navigation-control.c: In function 'quiver_navigation_control_finalize':
quiver-navigation-control.c:190:31: warning: variable 'obj_class' set but not used [-Wunused-but-set-variable]
  190 |         GObjectClass *parent,*obj_class;
      |                               ^~~~~~~~~
quiver-image-view.c: In function 'pixbuf_loader_closed':
quiver-navigation-control.c: In function 'quiver_navigation_control_realize':
quiver-image-view.c:3203:20: warning: variable 'widget' set but not used [-Wunused-but-set-variable]
 3203 |         GtkWidget *widget;
      |                    ^~~~~~
quiver-navigation-control.c:262:9: warning: 'gtk_widget_set_style' is deprecated [-Wdeprecated-declarations]
  262 |         gtk_widget_set_style(widget, gtk_style_attach(gtk_widget_get_style(widget), gtk_widget_get_window(widget)));
      |         ^~~~~~~~~~~~~~~~~~~~
In file included from /usr/include/gtk-3.0/gtk/gtk.h:277:
/usr/include/gtk-3.0/gtk/deprecated/gtkstyle.h:737:13: note: declared here
  737 | void        gtk_widget_set_style          (GtkWidget            *widget,
      |             ^~~~~~~~~~~~~~~~~~~~
quiver-navigation-control.c:262:9: warning: 'gtk_style_attach' is deprecated: Use 'GtkStyleContext' instead [-Wdeprecated-declarations]
  262 |         gtk_widget_set_style(widget, gtk_style_attach(gtk_widget_get_style(widget), gtk_widget_get_window(widget)));
      |         ^~~~~~~~~~~~~~~~~~~~
/usr/include/gtk-3.0/gtk/deprecated/gtkstyle.h:446:11: note: declared here
  446 | GtkStyle* gtk_style_attach                   (GtkStyle     *style,
      |           ^~~~~~~~~~~~~~~~
quiver-navigation-control.c:262:9: warning: 'gtk_widget_get_style' is deprecated: Use 'gtk_widget_get_style_context' instead [-Wdeprecated-declarations]
  262 |         gtk_widget_set_style(widget, gtk_style_attach(gtk_widget_get_style(widget), gtk_widget_get_window(widget)));
      |         ^~~~~~~~~~~~~~~~~~~~
/usr/include/gtk-3.0/gtk/deprecated/gtkstyle.h:742:13: note: declared here
  742 | GtkStyle *  gtk_widget_get_style          (GtkWidget            *widget);
      |             ^~~~~~~~~~~~~~~~~~~~
quiver-navigation-control.c:263:9: warning: 'gtk_style_set_background' is deprecated: Use 'GtkStyleContext' instead [-Wdeprecated-declarations]
  263 |         gtk_style_set_background (gtk_widget_get_style(widget), gtk_widget_get_window(widget), GTK_STATE_NORMAL);
      |         ^~~~~~~~~~~~~~~~~~~~~~~~
/usr/include/gtk-3.0/gtk/deprecated/gtkstyle.h:451:11: note: declared here
  451 | void      gtk_style_set_background           (GtkStyle     *style,
      |           ^~~~~~~~~~~~~~~~~~~~~~~~
quiver-navigation-control.c:263:9: warning: 'gtk_widget_get_style' is deprecated: Use 'gtk_widget_get_style_context' instead [-Wdeprecated-declarations]
  263 |         gtk_style_set_background (gtk_widget_get_style(widget), gtk_widget_get_window(widget), GTK_STATE_NORMAL);
      |         ^~~~~~~~~~~~~~~~~~~~~~~~
/usr/include/gtk-3.0/gtk/deprecated/gtkstyle.h:742:13: note: declared here
  742 | GtkStyle *  gtk_widget_get_style          (GtkWidget            *widget);
      |             ^~~~~~~~~~~~~~~~~~~~
quiver-navigation-control.c: In function 'quiver_navigation_control_size_request':
quiver-navigation-control.c:301:34: warning: variable 'navcontrol' set but not used [-Wunused-but-set-variable]
  301 |         QuiverNavigationControl *navcontrol;
      |                                  ^~~~~~~~~~
quiver-navigation-control.c: In function 'quiver_navigation_control_draw':
quiver-navigation-control.c:441:1: warning: no return statement in function returning non-void [-Wreturn-type]
  441 | }
      | ^
quiver-navigation-control.c: In function 'quiver_navigation_control_motion_notify_event':
quiver-navigation-control.c:514:17: warning: 'gdk_window_get_pointer' is deprecated: Use 'gdk_window_get_device_position' instead [-Wdeprecated-declarations]
  514 |                 gdk_window_get_pointer (gtk_widget_get_window(widget), &x, &y, &state);
      |                 ^~~~~~~~~~~~~~~~~~~~~~
In file included from /usr/include/gtk-3.0/gdk/gdkseat.h:28,
                 from /usr/include/gtk-3.0/gdk/gdkdisplay.h:33,
                 from /usr/include/gtk-3.0/gdk/gdkscreen.h:32,
                 from /usr/include/gtk-3.0/gdk/gdkapplaunchcontext.h:31:
/usr/include/gtk-3.0/gdk/gdkwindow.h:860:15: note: declared here
  860 | GdkWindow *   gdk_window_get_pointer     (GdkWindow       *window,
      |               ^~~~~~~~~~~~~~~~~~~~~~
quiver-navigation-control.c: At top level:
quiver-navigation-control.c:109:14: warning: 'navcontrol_signals' defined but not used [-Wunused-variable]
  109 | static guint navcontrol_signals[SIGNAL_COUNT] = {0};
      |              ^~~~~~~~~~~~~~~~~~
quiver-image-view.c: At top level:
quiver-image-view.c:1487:10: warning: 'quiver_image_view_scroll_event' defined but not used [-Wunused-function]
 1487 | gboolean quiver_image_view_scroll_event ( GtkWidget *widget,
      |          ^~~~~~~~~~~~~~~~~~~~~~~~~~~~~~
libtool: compile:  gcc -DHAVE_CONFIG_H -I. -I.. -I/usr/include/gtk-3.0 -I/usr/include/pango-1.0 -I/usr/include/glib-2.0 -I/usr/lib/x86_64-linux-gnu/glib-2.0/include -I/usr/include/harfbuzz -I/usr/include/freetype2 -I/usr/include/libpng16 -I/usr/include/libmount -I/usr/include/blkid -I/usr/include/fribidi -I/usr/include/cairo -I/usr/include/pixman-1 -I/usr/include/gdk-pixbuf-2.0 -I/usr/include/x86_64-linux-gnu -I/usr/include/webp -I/usr/include/gio-unix-2.0 -I/usr/include/atk-1.0 -I/usr/include/at-spi2-atk/2.0 -I/usr/include/at-spi-2.0 -I/usr/include/dbus-1.0 -I/usr/lib/x86_64-linux-gnu/dbus-1.0/include -pthread -Wall -Wincompatible-pointer-types -Werror=incompatible-pointer-types -Werror=int-conversion -Werror=implicit-function-declaration -Wwrite-strings -MT quiver-navigation-control.lo -MD -MP -MF .deps/quiver-navigation-control.Tpo -c quiver-navigation-control.c -o quiver-navigation-control.o >/dev/null 2>&1
libtool: compile:  gcc -DHAVE_CONFIG_H -I. -I.. -I/usr/include/gtk-3.0 -I/usr/include/pango-1.0 -I/usr/include/glib-2.0 -I/usr/lib/x86_64-linux-gnu/glib-2.0/include -I/usr/include/harfbuzz -I/usr/include/freetype2 -I/usr/include/libpng16 -I/usr/include/libmount -I/usr/include/blkid -I/usr/include/fribidi -I/usr/include/cairo -I/usr/include/pixman-1 -I/usr/include/gdk-pixbuf-2.0 -I/usr/include/x86_64-linux-gnu -I/usr/include/webp -I/usr/include/gio-unix-2.0 -I/usr/include/atk-1.0 -I/usr/include/at-spi2-atk/2.0 -I/usr/include/at-spi-2.0 -I/usr/include/dbus-1.0 -I/usr/lib/x86_64-linux-gnu/dbus-1.0/include -pthread -Wall -Wincompatible-pointer-types -Werror=incompatible-pointer-types -Werror=int-conversion -Werror=implicit-function-declaration -Wwrite-strings -MT quiver-image-view.lo -MD -MP -MF .deps/quiver-image-view.Tpo -c quiver-image-view.c -o quiver-image-view.o >/dev/null 2>&1
libtool: compile:  gcc -DHAVE_CONFIG_H -I. -I.. -I/usr/include/gtk-3.0 -I/usr/include/pango-1.0 -I/usr/include/glib-2.0 -I/usr/lib/x86_64-linux-gnu/glib-2.0/include -I/usr/include/harfbuzz -I/usr/include/freetype2 -I/usr/include/libpng16 -I/usr/include/libmount -I/usr/include/blkid -I/usr/include/fribidi -I/usr/include/cairo -I/usr/include/pixman-1 -I/usr/include/gdk-pixbuf-2.0 -I/usr/include/x86_64-linux-gnu -I/usr/include/webp -I/usr/include/gio-unix-2.0 -I/usr/include/atk-1.0 -I/usr/include/at-spi2-atk/2.0 -I/usr/include/at-spi-2.0 -I/usr/include/dbus-1.0 -I/usr/lib/x86_64-linux-gnu/dbus-1.0/include -pthread -Wall -Wincompatible-pointer-types -Werror=incompatible-pointer-types -Werror=int-conversion -Werror=implicit-function-declaration -Wwrite-strings -MT quiver-icon-view.lo -MD -MP -MF .deps/quiver-icon-view.Tpo -c quiver-icon-view.c -o quiver-icon-view.o >/dev/null 2>&1
depbase=`echo quiver-marshallers.lo | sed 's|[^/]*$|.deps/&|;s|\.lo$||'`;\
/bin/bash ../libtool  --tag=CC   --mode=compile gcc -DHAVE_CONFIG_H -I. -I..    -I/usr/include/gtk-3.0 -I/usr/include/pango-1.0 -I/usr/include/glib-2.0 -I/usr/lib/x86_64-linux-gnu/glib-2.0/include -I/usr/include/harfbuzz -I/usr/include/freetype2 -I/usr/include/libpng16 -I/usr/include/libmount -I/usr/include/blkid -I/usr/include/fribidi -I/usr/include/cairo -I/usr/include/pixman-1 -I/usr/include/gdk-pixbuf-2.0 -I/usr/include/x86_64-linux-gnu -I/usr/include/webp -I/usr/include/gio-unix-2.0 -I/usr/include/atk-1.0 -I/usr/include/at-spi2-atk/2.0 -I/usr/include/at-spi-2.0 -I/usr/include/dbus-1.0 -I/usr/lib/x86_64-linux-gnu/dbus-1.0/include -pthread  -Wall -Wincompatible-pointer-types -Werror=incompatible-pointer-types -Werror=int-conversion -Werror=implicit-function-declaration -Wwrite-strings -MT quiver-marshallers.lo -MD -MP -MF $depbase.Tpo -c -o quiver-marshallers.lo quiver-marshallers.c &&\
mv -f $depbase.Tpo $depbase.Plo
libtool: compile:  gcc -DHAVE_CONFIG_H -I. -I.. -I/usr/include/gtk-3.0 -I/usr/include/pango-1.0 -I/usr/include/glib-2.0 -I/usr/lib/x86_64-linux-gnu/glib-2.0/include -I/usr/include/harfbuzz -I/usr/include/freetype2 -I/usr/include/libpng16 -I/usr/include/libmount -I/usr/include/blkid -I/usr/include/fribidi -I/usr/include/cairo -I/usr/include/pixman-1 -I/usr/include/gdk-pixbuf-2.0 -I/usr/include/x86_64-linux-gnu -I/usr/include/webp -I/usr/include/gio-unix-2.0 -I/usr/include/atk-1.0 -I/usr/include/at-spi2-atk/2.0 -I/usr/include/at-spi-2.0 -I/usr/include/dbus-1.0 -I/usr/lib/x86_64-linux-gnu/dbus-1.0/include -pthread -Wall -Wincompatible-pointer-types -Werror=incompatible-pointer-types -Werror=int-conversion -Werror=implicit-function-declaration -Wwrite-strings -MT quiver-marshallers.lo -MD -MP -MF .deps/quiver-marshallers.Tpo -c quiver-marshallers.c  -fPIC -DPIC -o .libs/quiver-marshallers.o
libtool: compile:  gcc -DHAVE_CONFIG_H -I. -I.. -I/usr/include/gtk-3.0 -I/usr/include/pango-1.0 -I/usr/include/glib-2.0 -I/usr/lib/x86_64-linux-gnu/glib-2.0/include -I/usr/include/harfbuzz -I/usr/include/freetype2 -I/usr/include/libpng16 -I/usr/include/libmount -I/usr/include/blkid -I/usr/include/fribidi -I/usr/include/cairo -I/usr/include/pixman-1 -I/usr/include/gdk-pixbuf-2.0 -I/usr/include/x86_64-linux-gnu -I/usr/include/webp -I/usr/include/gio-unix-2.0 -I/usr/include/atk-1.0 -I/usr/include/at-spi2-atk/2.0 -I/usr/include/at-spi-2.0 -I/usr/include/dbus-1.0 -I/usr/lib/x86_64-linux-gnu/dbus-1.0/include -pthread -Wall -Wincompatible-pointer-types -Werror=incompatible-pointer-types -Werror=int-conversion -Werror=implicit-function-declaration -Wwrite-strings -MT quiver-marshallers.lo -MD -MP -MF .deps/quiver-marshallers.Tpo -c quiver-marshallers.c -o quiver-marshallers.o >/dev/null 2>&1
/bin/bash ../libtool  --tag=CC   --mode=link gcc -I/usr/include/gtk-3.0 -I/usr/include/pango-1.0 -I/usr/include/glib-2.0 -I/usr/lib/x86_64-linux-gnu/glib-2.0/include -I/usr/include/harfbuzz -I/usr/include/freetype2 -I/usr/include/libpng16 -I/usr/include/libmount -I/usr/include/blkid -I/usr/include/fribidi -I/usr/include/cairo -I/usr/include/pixman-1 -I/usr/include/gdk-pixbuf-2.0 -I/usr/include/x86_64-linux-gnu -I/usr/include/webp -I/usr/include/gio-unix-2.0 -I/usr/include/atk-1.0 -I/usr/include/at-spi2-atk/2.0 -I/usr/include/at-spi-2.0 -I/usr/include/dbus-1.0 -I/usr/lib/x86_64-linux-gnu/dbus-1.0/include -pthread  -Wall -Wincompatible-pointer-types -Werror=incompatible-pointer-types -Werror=int-conversion -Werror=implicit-function-declaration -Wwrite-strings -avoid-version  -o libquiver.la  quiver-marshallers.lo quiver-pixbuf-utils.lo quiver-image-view.lo quiver-icon-view.lo quiver-navigation-control.lo
libtool: link: ar cr .libs/libquiver.a .libs/quiver-marshallers.o .libs/quiver-pixbuf-utils.o .libs/quiver-image-view.o .libs/quiver-icon-view.o .libs/quiver-navigation-control.o
libtool: link: ranlib .libs/libquiver.a
libtool: link: ( cd ".libs" && rm -f "libquiver.la" && ln -s "../libquiver.la" "libquiver.la" )
make[3]: Leaving directory '/app/libquiver'
make[2]: Leaving directory '/app/libquiver'
Making all in data
make[2]: Entering directory '/app/data'
make[2]: Nothing to be done for 'all'.
make[2]: Leaving directory '/app/data'
Making all in src
make[2]: Entering directory '/app/src'
Making all in icons
make[3]: Entering directory '/app/src/icons'
make[3]: Nothing to be done for 'all'.
make[3]: Leaving directory '/app/src/icons'
make[3]: Entering directory '/app/src'
depbase=`echo MD5.o | sed 's|[^/]*$|.deps/&|;s|\.o$||'`;\
g++ -DHAVE_CONFIG_H -I. -I..  -I.. -DPACKAGE_LOCALE_DIR=\""/usr/local/share/locale"\" -DPACKAGE_SRC_DIR=\""."\" -DPACKAGE_DATA_DIR=\""/usr/local/share"\" -DQUIVER_DATADIR=\""/app/data"\" -I/usr/include/gtk-3.0 -I/usr/include/pango-1.0 -I/usr/include/glib-2.0 -I/usr/lib/x86_64-linux-gnu/glib-2.0/include -I/usr/include/harfbuzz -I/usr/include/freetype2 -I/usr/include/libpng16 -I/usr/include/libmount -I/usr/include/blkid -I/usr/include/fribidi -I/usr/include/cairo -I/usr/include/pixman-1 -I/usr/include/gdk-pixbuf-2.0 -I/usr/include/x86_64-linux-gnu -I/usr/include/webp -I/usr/include/gio-unix-2.0 -I/usr/include/atk-1.0 -I/usr/include/at-spi2-atk/2.0 -I/usr/include/at-spi-2.0 -I/usr/include/dbus-1.0 -I/usr/lib/x86_64-linux-gnu/dbus-1.0/include -pthread        -I/usr/include   -I/usr/include/gstreamer-1.0 -I/usr/include/glib-2.0 -I/usr/lib/x86_64-linux-gnu/glib-2.0/include -I/usr/include/x86_64-linux-gnu -I/usr/include/orc-0.4 -pthread  -Wall    -Wincompatible-pointer-types -Werror=incompatible-pointer-types -Werror=int-conversion -Werror=implicit-function-declaration -Wwrite-strings -MT MD5.o -MD -MP -MF $depbase.Tpo -c -o MD5.o MD5.cpp &&\
mv -f $depbase.Tpo $depbase.Po
cc1plus: warning: command-line option ‘-Wincompatible-pointer-types’ is valid for C/ObjC but not for C++
cc1plus: warning: ‘-Werror=’ argument ‘-Werror=incompatible-pointer-types’ is not valid for C++
cc1plus: warning: ‘-Werror=’ argument ‘-Werror=int-conversion’ is not valid for C++
cc1plus: warning: ‘-Werror=’ argument ‘-Werror=implicit-function-declaration’ is not valid for C++
depbase=`echo ExifView.o | sed 's|[^/]*$|.deps/&|;s|\.o$||'`;\
g++ -DHAVE_CONFIG_H -I. -I..  -I.. -DPACKAGE_LOCALE_DIR=\""/usr/local/share/locale"\" -DPACKAGE_SRC_DIR=\""."\" -DPACKAGE_DATA_DIR=\""/usr/local/share"\" -DQUIVER_DATADIR=\""/app/data"\" -I/usr/include/gtk-3.0 -I/usr/include/pango-1.0 -I/usr/include/glib-2.0 -I/usr/lib/x86_64-linux-gnu/glib-2.0/include -I/usr/include/harfbuzz -I/usr/include/freetype2 -I/usr/include/libpng16 -I/usr/include/libmount -I/usr/include/blkid -I/usr/include/fribidi -I/usr/include/cairo -I/usr/include/pixman-1 -I/usr/include/gdk-pixbuf-2.0 -I/usr/include/x86_64-linux-gnu -I/usr/include/webp -I/usr/include/gio-unix-2.0 -I/usr/include/atk-1.0 -I/usr/include/at-spi2-atk/2.0 -I/usr/include/at-spi-2.0 -I/usr/include/dbus-1.0 -I/usr/lib/x86_64-linux-gnu/dbus-1.0/include -pthread        -I/usr/include   -I/usr/include/gstreamer-1.0 -I/usr/include/glib-2.0 -I/usr/lib/x86_64-linux-gnu/glib-2.0/include -I/usr/include/x86_64-linux-gnu -I/usr/include/orc-0.4 -pthread  -Wall    -Wincompatible-pointer-types -Werror=incompatible-pointer-types -Werror=int-conversion -Werror=implicit-function-declaration -Wwrite-strings -MT ExifView.o -MD -MP -MF $depbase.Tpo -c -o ExifView.o ExifView.cpp &&\
mv -f $depbase.Tpo $depbase.Po
depbase=`echo PreferencesEventSource.o | sed 's|[^/]*$|.deps/&|;s|\.o$||'`;\
g++ -DHAVE_CONFIG_H -I. -I..  -I.. -DPACKAGE_LOCALE_DIR=\""/usr/local/share/locale"\" -DPACKAGE_SRC_DIR=\""."\" -DPACKAGE_DATA_DIR=\""/usr/local/share"\" -DQUIVER_DATADIR=\""/app/data"\" -I/usr/include/gtk-3.0 -I/usr/include/pango-1.0 -I/usr/include/glib-2.0 -I/usr/lib/x86_64-linux-gnu/glib-2.0/include -I/usr/include/harfbuzz -I/usr/include/freetype2 -I/usr/include/libpng16 -I/usr/include/libmount -I/usr/include/blkid -I/usr/include/fribidi -I/usr/include/cairo -I/usr/include/pixman-1 -I/usr/include/gdk-pixbuf-2.0 -I/usr/include/x86_64-linux-gnu -I/usr/include/webp -I/usr/include/gio-unix-2.0 -I/usr/include/atk-1.0 -I/usr/include/at-spi2-atk/2.0 -I/usr/include/at-spi-2.0 -I/usr/include/dbus-1.0 -I/usr/lib/x86_64-linux-gnu/dbus-1.0/include -pthread        -I/usr/include   -I/usr/include/gstreamer-1.0 -I/usr/include/glib-2.0 -I/usr/lib/x86_64-linux-gnu/glib-2.0/include -I/usr/include/x86_64-linux-gnu -I/usr/include/orc-0.4 -pthread  -Wall    -Wincompatible-pointer-types -Werror=incompatible-pointer-types -Werror=int-conversion -Werror=implicit-function-declaration -Wwrite-strings -MT PreferencesEventSource.o -MD -MP -MF $depbase.Tpo -c -o PreferencesEventSource.o PreferencesEventSource.cpp &&\
mv -f $depbase.Tpo $depbase.Po
depbase=`echo Preferences.o | sed 's|[^/]*$|.deps/&|;s|\.o$||'`;\
g++ -DHAVE_CONFIG_H -I. -I..  -I.. -DPACKAGE_LOCALE_DIR=\""/usr/local/share/locale"\" -DPACKAGE_SRC_DIR=\""."\" -DPACKAGE_DATA_DIR=\""/usr/local/share"\" -DQUIVER_DATADIR=\""/app/data"\" -I/usr/include/gtk-3.0 -I/usr/include/pango-1.0 -I/usr/include/glib-2.0 -I/usr/lib/x86_64-linux-gnu/glib-2.0/include -I/usr/include/harfbuzz -I/usr/include/freetype2 -I/usr/include/libpng16 -I/usr/include/libmount -I/usr/include/blkid -I/usr/include/fribidi -I/usr/include/cairo -I/usr/include/pixman-1 -I/usr/include/gdk-pixbuf-2.0 -I/usr/include/x86_64-linux-gnu -I/usr/include/webp -I/usr/include/gio-unix-2.0 -I/usr/include/atk-1.0 -I/usr/include/at-spi2-atk/2.0 -I/usr/include/at-spi-2.0 -I/usr/include/dbus-1.0 -I/usr/lib/x86_64-linux-gnu/dbus-1.0/include -pthread        -I/usr/include   -I/usr/include/gstreamer-1.0 -I/usr/include/glib-2.0 -I/usr/lib/x86_64-linux-gnu/glib-2.0/include -I/usr/include/x86_64-linux-gnu -I/usr/include/orc-0.4 -pthread  -Wall    -Wincompatible-pointer-types -Werror=incompatible-pointer-types -Werror=int-conversion -Werror=implicit-function-declaration -Wwrite-strings -MT Preferences.o -MD -MP -MF $depbase.Tpo -c -o Preferences.o Preferences.cpp &&\
mv -f $depbase.Tpo $depbase.Po
cc1plus: warning: command-line option ‘-Wincompatible-pointer-types’ is valid for C/ObjC but not for C++
cc1plus: warning: ‘-Werror=’ argument ‘-Werror=incompatible-pointer-types’ is not valid for C++
cc1plus: warning: ‘-Werror=’ argument ‘-Werror=int-conversion’ is not valid for C++
cc1plus: warning: ‘-Werror=’ argument ‘-Werror=implicit-function-declaration’ is not valid for C++
cc1plus: warning: command-line option ‘-Wincompatible-pointer-types’ is valid for C/ObjC but not for C++
cc1plus: warning: ‘-Werror=’ argument ‘-Werror=incompatible-pointer-types’ is not valid for C++
cc1plus: warning: ‘-Werror=’ argument ‘-Werror=int-conversion’ is not valid for C++
cc1plus: warning: ‘-Werror=’ argument ‘-Werror=implicit-function-declaration’ is not valid for C++
cc1plus: warning: command-line option ‘-Wincompatible-pointer-types’ is valid for C/ObjC but not for C++
cc1plus: warning: ‘-Werror=’ argument ‘-Werror=incompatible-pointer-types’ is not valid for C++
cc1plus: warning: ‘-Werror=’ argument ‘-Werror=int-conversion’ is not valid for C++
cc1plus: warning: ‘-Werror=’ argument ‘-Werror=implicit-function-declaration’ is not valid for C++
depbase=`echo PreferencesDlg.o | sed 's|[^/]*$|.deps/&|;s|\.o$||'`;\
g++ -DHAVE_CONFIG_H -I. -I..  -I.. -DPACKAGE_LOCALE_DIR=\""/usr/local/share/locale"\" -DPACKAGE_SRC_DIR=\""."\" -DPACKAGE_DATA_DIR=\""/usr/local/share"\" -DQUIVER_DATADIR=\""/app/data"\" -I/usr/include/gtk-3.0 -I/usr/include/pango-1.0 -I/usr/include/glib-2.0 -I/usr/lib/x86_64-linux-gnu/glib-2.0/include -I/usr/include/harfbuzz -I/usr/include/freetype2 -I/usr/include/libpng16 -I/usr/include/libmount -I/usr/include/blkid -I/usr/include/fribidi -I/usr/include/cairo -I/usr/include/pixman-1 -I/usr/include/gdk-pixbuf-2.0 -I/usr/include/x86_64-linux-gnu -I/usr/include/webp -I/usr/include/gio-unix-2.0 -I/usr/include/atk-1.0 -I/usr/include/at-spi2-atk/2.0 -I/usr/include/at-spi-2.0 -I/usr/include/dbus-1.0 -I/usr/lib/x86_64-linux-gnu/dbus-1.0/include -pthread        -I/usr/include   -I/usr/include/gstreamer-1.0 -I/usr/include/glib-2.0 -I/usr/lib/x86_64-linux-gnu/glib-2.0/include -I/usr/include/x86_64-linux-gnu -I/usr/include/orc-0.4 -pthread  -Wall    -Wincompatible-pointer-types -Werror=incompatible-pointer-types -Werror=int-conversion -Werror=implicit-function-declaration -Wwrite-strings -MT PreferencesDlg.o -MD -MP -MF $depbase.Tpo -c -o PreferencesDlg.o PreferencesDlg.cpp &&\
mv -f $depbase.Tpo $depbase.Po
cc1plus: warning: command-line option ‘-Wincompatible-pointer-types’ is valid for C/ObjC but not for C++
cc1plus: warning: ‘-Werror=’ argument ‘-Werror=incompatible-pointer-types’ is not valid for C++
cc1plus: warning: ‘-Werror=’ argument ‘-Werror=int-conversion’ is not valid for C++
cc1plus: warning: ‘-Werror=’ argument ‘-Werror=implicit-function-declaration’ is not valid for C++
In file included from /usr/include/boost/function/detail/requires_cxx11.hpp:9,
                 from /usr/include/boost/function/detail/prologue.hpp:12,
                 from /usr/include/boost/function.hpp:30,
                 from /usr/include/boost/signals2/signal.hpp:19,
                 from AbstractEventSource.h:5,
                 from PreferencesEventSource.h:4,
                 from PreferencesEventSource.cpp:1:
/usr/include/boost/bind.hpp:36:1: note: ‘#pragma message: The practice of declaring the Bind placeholders (_1, _2, ...) in the global namespace is deprecated. Please use <boost/bind/bind.hpp> + using namespace boost::placeholders, or define BOOST_BIND_GLOBAL_PLACEHOLDERS to retain the current behavior.’
   36 | BOOST_PRAGMA_MESSAGE(
      | ^~~~~~~~~~~~~~~~~~~~
In file included from /usr/include/boost/smart_ptr/detail/requires_cxx11.hpp:9,
                 from /usr/include/boost/smart_ptr/shared_ptr.hpp:17,
                 from /usr/include/boost/shared_ptr.hpp:17,
                 from Preferences.h:5,
                 from Preferences.cpp:8:
/usr/include/boost/bind.hpp:36:1: note: ‘#pragma message: The practice of declaring the Bind placeholders (_1, _2, ...) in the global namespace is deprecated. Please use <boost/bind/bind.hpp> + using namespace boost::placeholders, or define BOOST_BIND_GLOBAL_PLACEHOLDERS to retain the current behavior.’
   36 | BOOST_PRAGMA_MESSAGE(
      | ^~~~~~~~~~~~~~~~~~~~
In file included from /usr/include/boost/smart_ptr/detail/requires_cxx11.hpp:9,
                 from /usr/include/boost/smart_ptr/shared_ptr.hpp:17,
                 from /usr/include/boost/shared_ptr.hpp:17,
                 from ExifView.h:4,
                 from ExifView.cpp:2:
/usr/include/boost/bind.hpp:36:1: note: ‘#pragma message: The practice of declaring the Bind placeholders (_1, _2, ...) in the global namespace is deprecated. Please use <boost/bind/bind.hpp> + using namespace boost::placeholders, or define BOOST_BIND_GLOBAL_PLACEHOLDERS to retain the current behavior.’
   36 | BOOST_PRAGMA_MESSAGE(
      | ^~~~~~~~~~~~~~~~~~~~
ExifView.cpp: In constructor ‘ExifView::ExifView()’:
ExifView.cpp:262:24: warning: ‘gboolean gdk_color_parse(const gchar*, GdkColor*)’ is deprecated: Use 'gdk_rgba_parse' instead [-Wdeprecated-declarations]
  262 |         gdk_color_parse("#00f",&editable_color);
      |         ~~~~~~~~~~~~~~~^~~~~~~~~~~~~~~~~~~~~~~~
In file included from /usr/include/gtk-3.0/gdk/gdkcairo.h:26,
                 from /usr/include/gtk-3.0/gdk/gdk.h:33,
                 from /usr/include/gtk-3.0/gtk/gtk.h:30,
                 from ExifView.cpp:1:
/usr/include/gtk-3.0/gdk/deprecated/gdkcolor.h:79:11: note: declared here
   79 | gboolean  gdk_color_parse     (const gchar    *spec,
      |           ^~~~~~~~~~~~~~~
ExifView.cpp:263:24: warning: ‘gboolean gdk_color_parse(const gchar*, GdkColor*)’ is deprecated: Use 'gdk_rgba_parse' instead [-Wdeprecated-declarations]
  263 |         gdk_color_parse("#fa1",&highlight_color1);
      |         ~~~~~~~~~~~~~~~^~~~~~~~~~~~~~~~~~~~~~~~~~
/usr/include/gtk-3.0/gdk/deprecated/gdkcolor.h:79:11: note: declared here
   79 | gboolean  gdk_color_parse     (const gchar    *spec,
      |           ^~~~~~~~~~~~~~~
ExifView.cpp:264:24: warning: ‘gboolean gdk_color_parse(const gchar*, GdkColor*)’ is deprecated: Use 'gdk_rgba_parse' instead [-Wdeprecated-declarations]
  264 |         gdk_color_parse("#f90",&highlight_color2);
      |         ~~~~~~~~~~~~~~~^~~~~~~~~~~~~~~~~~~~~~~~~~
/usr/include/gtk-3.0/gdk/deprecated/gdkcolor.h:79:11: note: declared here
   79 | gboolean  gdk_color_parse     (const gchar    *spec,
      |           ^~~~~~~~~~~~~~~
ExifView.cpp: In function ‘gboolean exif_view_idle_load_exif_tree_view(gpointer)’:
ExifView.cpp:585:26: warning: ‘void gdk_threads_enter()’ is deprecated [-Wdeprecated-declarations]
  585 |         gdk_threads_enter();
      |         ~~~~~~~~~~~~~~~~~^~
In file included from /usr/include/gtk-3.0/gdk/gdk.h:61:
/usr/include/gtk-3.0/gdk/gdkthreads.h:46:10: note: declared here
   46 | void     gdk_threads_enter                    (void);
      |          ^~~~~~~~~~~~~~~~~
ExifView.cpp:608:26: warning: ‘void gdk_threads_leave()’ is deprecated [-Wdeprecated-declarations]
  608 |         gdk_threads_leave();
      |         ~~~~~~~~~~~~~~~~~^~
/usr/include/gtk-3.0/gdk/gdkthreads.h:48:10: note: declared here
   48 | void     gdk_threads_leave                    (void);
      |          ^~~~~~~~~~~~~~~~~
ExifView.cpp: In function ‘void exif_tree_store_update_iter_entry(ExifView::ExifViewImpl*, GtkTreeStore*, GtkTreeIter*, ExifEntry*)’:
ExifView.cpp:735:21: warning: variable ‘name’ set but not used [-Wunused-but-set-variable]
  735 |         const char *name;
      |                     ^~~~
ExifView.cpp:737:21: warning: variable ‘description’ set but not used [-Wunused-but-set-variable]
  737 |         const char *description;
      |                     ^~~~~~~~~~~
In file included from /usr/include/gtk-3.0/gtk/deprecated/gtkactiongroup.h:37,
                 from /usr/include/gtk-3.0/gtk/gtk.h:254:
ExifView.cpp: In function ‘void exif_tree_show_popup_menu(ExifView::ExifViewImpl*, GtkWidget*, guint, guint32)’:
/usr/include/gtk-3.0/gtk/deprecated/gtkstock.h:132:38: warning: ‘GtkStock’ is deprecated [-Wdeprecated-declarations]
  132 | #define GTK_STOCK_ADD              ((GtkStock)"gtk-add")
      |                                      ^~~~~~~~
QuiverStockIcons.h:29:38: note: in expansion of macro ‘GTK_STOCK_ADD’
   29 | #define QUIVER_STOCK_ADD             GTK_STOCK_ADD
      |                                      ^~~~~~~~~~~~~
ExifView.cpp:975:91: note: in expansion of macro ‘QUIVER_STOCK_ADD’
  975 |                                                         image = gtk_image_new_from_stock (QUIVER_STOCK_ADD,GTK_ICON_SIZE_MENU);
      |                                                                                           ^~~~~~~~~~~~~~~~
/usr/include/gtk-3.0/gtk/deprecated/gtkstock.h:108:16: note: declared here
  108 | typedef char * GtkStock;
      |                ^~~~~~~~
ExifView.cpp:975:90: warning: ‘GtkWidget* gtk_image_new_from_stock(const gchar*, GtkIconSize)’ is deprecated: Use 'gtk_image_new_from_icon_name' instead [-Wdeprecated-declarations]
  975 |                                                         image = gtk_image_new_from_stock (QUIVER_STOCK_ADD,GTK_ICON_SIZE_MENU);
      |                                                                 ~~~~~~~~~~~~~~~~~~~~~~~~~^~~~~~~~~~~~~~~~~~~~~~~~~~~~~~~~~~~~~
In file included from /usr/include/gtk-3.0/gtk/gtkentry.h:42,
                 from /usr/include/gtk-3.0/gtk/gtktreeview.h:29,
                 from /usr/include/gtk-3.0/gtk/gtkcombobox.h:27,
                 from /usr/include/gtk-3.0/gtk/gtkappchooserbutton.h:29,
                 from /usr/include/gtk-3.0/gtk/gtk.h:42:
/usr/include/gtk-3.0/gtk/gtkimage.h:122:12: note: declared here
  122 | GtkWidget* gtk_image_new_from_stock     (const gchar     *stock_id,
      |            ^~~~~~~~~~~~~~~~~~~~~~~~
ExifView.cpp:977:102: warning: ‘GtkWidget* gtk_image_menu_item_new_with_label(const gchar*)’ is deprecated: Use 'gtk_menu_item_new_with_label' instead [-Wdeprecated-declarations]
  977 |                                                         menuitem = gtk_image_menu_item_new_with_label("Add Tag");
      |                                                                    ~~~~~~~~~~~~~~~~~~~~~~~~~~~~~~~~~~^~~~~~~~~~~
In file included from /usr/include/gtk-3.0/gtk/gtk.h:269:
/usr/include/gtk-3.0/gtk/deprecated/gtkimagemenuitem.h:80:12: note: declared here
   80 | GtkWidget* gtk_image_menu_item_new_with_label    (const gchar      *label);
      |            ^~~~~~~~~~~~~~~~~~~~~~~~~~~~~~~~~~
In file included from /usr/include/glib-2.0/gobject/gobject.h:26,
                 from /usr/include/glib-2.0/gobject/gbinding.h:31,
                 from /usr/include/glib-2.0/glib-object.h:24,
                 from /usr/include/glib-2.0/gio/gioenums.h:30,
                 from /usr/include/glib-2.0/gio/giotypes.h:30,
                 from /usr/include/glib-2.0/gio/gio.h:28,
                 from /usr/include/gtk-3.0/gdk/gdkapplaunchcontext.h:28,
                 from /usr/include/gtk-3.0/gdk/gdk.h:32:
/usr/include/gtk-3.0/gtk/deprecated/gtkimagemenuitem.h:38:75: warning: ‘GType gtk_image_menu_item_get_type()’ is deprecated: Use 'gtk_menu_item_get_type' instead [-Wdeprecated-declarations]
   38 | #define GTK_TYPE_IMAGE_MENU_ITEM            (gtk_image_menu_item_get_type ())
      |                                              ~~~~~~~~~~~~~~~~~~~~~~~~~~~~~^~
/usr/include/glib-2.0/gobject/gtype.h:2660:70: note: in definition of macro ‘_G_TYPE_CIC’
 2660 |     ((ct*) (void *) g_type_check_instance_cast ((GTypeInstance*) ip, gt))
      |                                                                      ^~
/usr/include/gtk-3.0/gtk/deprecated/gtkimagemenuitem.h:39:46: note: in expansion of macro ‘G_TYPE_CHECK_INSTANCE_CAST’
   39 | #define GTK_IMAGE_MENU_ITEM(obj)            (G_TYPE_CHECK_INSTANCE_CAST ((obj), GTK_TYPE_IMAGE_MENU_ITEM, GtkImageMenuItem))
      |                                              ^~~~~~~~~~~~~~~~~~~~~~~~~~
/usr/include/gtk-3.0/gtk/deprecated/gtkimagemenuitem.h:39:81: note: in expansion of macro ‘GTK_TYPE_IMAGE_MENU_ITEM’
   39 | #define GTK_IMAGE_MENU_ITEM(obj)            (G_TYPE_CHECK_INSTANCE_CAST ((obj), GTK_TYPE_IMAGE_MENU_ITEM, GtkImageMenuItem))
      |                                                                                 ^~~~~~~~~~~~~~~~~~~~~~~~
ExifView.cpp:978:87: note: in expansion of macro ‘GTK_IMAGE_MENU_ITEM’
  978 |                                                         gtk_image_menu_item_set_image(GTK_IMAGE_MENU_ITEM(menuitem),image);
      |                                                                                       ^~~~~~~~~~~~~~~~~~~
/usr/include/gtk-3.0/gtk/deprecated/gtkimagemenuitem.h:76:12: note: declared here
   76 | GType      gtk_image_menu_item_get_type          (void) G_GNUC_CONST;
      |            ^~~~~~~~~~~~~~~~~~~~~~~~~~~~
ExifView.cpp:978:86: warning: ‘void gtk_image_menu_item_set_image(GtkImageMenuItem*, GtkWidget*)’ is deprecated [-Wdeprecated-declarations]
  978 |                                                         gtk_image_menu_item_set_image(GTK_IMAGE_MENU_ITEM(menuitem),image);
      |                                                         ~~~~~~~~~~~~~~~~~~~~~~~~~~~~~^~~~~~~~~~~~~~~~~~~~~~~~~~~~~~~~~~~~~
/usr/include/gtk-3.0/gtk/deprecated/gtkimagemenuitem.h:92:12: note: declared here
   92 | void       gtk_image_menu_item_set_image         (GtkImageMenuItem *image_menu_item,
      |            ^~~~~~~~~~~~~~~~~~~~~~~~~~~~~
/usr/include/gtk-3.0/gtk/deprecated/gtkstock.h:946:38: warning: ‘GtkStock’ is deprecated [-Wdeprecated-declarations]
  946 | #define GTK_STOCK_REMOVE           ((GtkStock)"gtk-remove")
      |                                      ^~~~~~~~
QuiverStockIcons.h:30:38: note: in expansion of macro ‘GTK_STOCK_REMOVE’
   30 | #define QUIVER_STOCK_REMOVE          GTK_STOCK_REMOVE
      |                                      ^~~~~~~~~~~~~~~~
ExifView.cpp:1001:67: note: in expansion of macro ‘QUIVER_STOCK_REMOVE’
 1001 |                                 image = gtk_image_new_from_stock (QUIVER_STOCK_REMOVE,GTK_ICON_SIZE_MENU);
      |                                                                   ^~~~~~~~~~~~~~~~~~~
/usr/include/gtk-3.0/gtk/deprecated/gtkstock.h:108:16: note: declared here
  108 | typedef char * GtkStock;
      |                ^~~~~~~~
ExifView.cpp:1001:66: warning: ‘GtkWidget* gtk_image_new_from_stock(const gchar*, GtkIconSize)’ is deprecated: Use 'gtk_image_new_from_icon_name' instead [-Wdeprecated-declarations]
 1001 |                                 image = gtk_image_new_from_stock (QUIVER_STOCK_REMOVE,GTK_ICON_SIZE_MENU);
      |                                         ~~~~~~~~~~~~~~~~~~~~~~~~~^~~~~~~~~~~~~~~~~~~~~~~~~~~~~~~~~~~~~~~~
/usr/include/gtk-3.0/gtk/gtkimage.h:122:12: note: declared here
  122 | GtkWidget* gtk_image_new_from_stock     (const gchar     *stock_id,
      |            ^~~~~~~~~~~~~~~~~~~~~~~~
ExifView.cpp:1002:78: warning: ‘GtkWidget* gtk_image_menu_item_new_with_label(const gchar*)’ is deprecated: Use 'gtk_menu_item_new_with_label' instead [-Wdeprecated-declarations]
 1002 |                                 menuitem = gtk_image_menu_item_new_with_label("Remove Tag");
      |                                            ~~~~~~~~~~~~~~~~~~~~~~~~~~~~~~~~~~^~~~~~~~~~~~~~
/usr/include/gtk-3.0/gtk/deprecated/gtkimagemenuitem.h:80:12: note: declared here
   80 | GtkWidget* gtk_image_menu_item_new_with_label    (const gchar      *label);
      |            ^~~~~~~~~~~~~~~~~~~~~~~~~~~~~~~~~~
/usr/include/gtk-3.0/gtk/deprecated/gtkimagemenuitem.h:38:75: warning: ‘GType gtk_image_menu_item_get_type()’ is deprecated: Use 'gtk_menu_item_get_type' instead [-Wdeprecated-declarations]
   38 | #define GTK_TYPE_IMAGE_MENU_ITEM            (gtk_image_menu_item_get_type ())
      |                                              ~~~~~~~~~~~~~~~~~~~~~~~~~~~~~^~
/usr/include/glib-2.0/gobject/gtype.h:2660:70: note: in definition of macro ‘_G_TYPE_CIC’
 2660 |     ((ct*) (void *) g_type_check_instance_cast ((GTypeInstance*) ip, gt))
      |                                                                      ^~
/usr/include/gtk-3.0/gtk/deprecated/gtkimagemenuitem.h:39:46: note: in expansion of macro ‘G_TYPE_CHECK_INSTANCE_CAST’
   39 | #define GTK_IMAGE_MENU_ITEM(obj)            (G_TYPE_CHECK_INSTANCE_CAST ((obj), GTK_TYPE_IMAGE_MENU_ITEM, GtkImageMenuItem))
      |                                              ^~~~~~~~~~~~~~~~~~~~~~~~~~
/usr/include/gtk-3.0/gtk/deprecated/gtkimagemenuitem.h:39:81: note: in expansion of macro ‘GTK_TYPE_IMAGE_MENU_ITEM’
   39 | #define GTK_IMAGE_MENU_ITEM(obj)            (G_TYPE_CHECK_INSTANCE_CAST ((obj), GTK_TYPE_IMAGE_MENU_ITEM, GtkImageMenuItem))
      |                                                                                 ^~~~~~~~~~~~~~~~~~~~~~~~
ExifView.cpp:1004:63: note: in expansion of macro ‘GTK_IMAGE_MENU_ITEM’
 1004 |                                 gtk_image_menu_item_set_image(GTK_IMAGE_MENU_ITEM(menuitem),image);
      |                                                               ^~~~~~~~~~~~~~~~~~~
/usr/include/gtk-3.0/gtk/deprecated/gtkimagemenuitem.h:76:12: note: declared here
   76 | GType      gtk_image_menu_item_get_type          (void) G_GNUC_CONST;
      |            ^~~~~~~~~~~~~~~~~~~~~~~~~~~~
ExifView.cpp:1004:62: warning: ‘void gtk_image_menu_item_set_image(GtkImageMenuItem*, GtkWidget*)’ is deprecated [-Wdeprecated-declarations]
 1004 |                                 gtk_image_menu_item_set_image(GTK_IMAGE_MENU_ITEM(menuitem),image);
      |                                 ~~~~~~~~~~~~~~~~~~~~~~~~~~~~~^~~~~~~~~~~~~~~~~~~~~~~~~~~~~~~~~~~~~
/usr/include/gtk-3.0/gtk/deprecated/gtkimagemenuitem.h:92:12: note: declared here
   92 | void       gtk_image_menu_item_set_image         (GtkImageMenuItem *image_menu_item,
      |            ^~~~~~~~~~~~~~~~~~~~~~~~~~~~~
ExifView.cpp:1025:39: warning: ‘void gtk_menu_popup(GtkMenu*, GtkWidget*, GtkWidget*, GtkMenuPositionFunc, gpointer, guint, guint32)’ is deprecated: Use '(gtk_menu_popup_at_widget, gtk_menu_popup_at_pointer, gtk_menu_popup_at_rect)' instead [-Wdeprecated-declarations]
 1025 |                         gtk_menu_popup(GTK_MENU(menu), NULL, NULL, NULL, NULL,
      |                         ~~~~~~~~~~~~~~^~~~~~~~~~~~~~~~~~~~~~~~~~~~~~~~~~~~~~~~
 1026 |                                                           button, activate_time);
      |                                                           ~~~~~~~~~~~~~~~~~~~~~~
In file included from /usr/include/gtk-3.0/gtk/gtklabel.h:34,
                 from /usr/include/gtk-3.0/gtk/gtkaccellabel.h:35,
                 from /usr/include/gtk-3.0/gtk/gtk.h:33:
/usr/include/gtk-3.0/gtk/gtkmenu.h:138:12: note: declared here
  138 | void       gtk_menu_popup                 (GtkMenu             *menu,
      |            ^~~~~~~~~~~~~~
ExifView.cpp: In function ‘void exif_tree_update_iter_entry(ExifView::ExifViewImpl*, GtkTreeIter*, ExifEntry*)’:
ExifView.cpp:1514:21: warning: variable ‘name’ set but not used [-Wunused-but-set-variable]
 1514 |         const char *name;
      |                     ^~~~
ExifView.cpp:1516:21: warning: variable ‘description’ set but not used [-Wunused-but-set-variable]
 1516 |         const char *description;
      |                     ^~~~~~~~~~~
depbase=`echo FolderTree.o | sed 's|[^/]*$|.deps/&|;s|\.o$||'`;\
g++ -DHAVE_CONFIG_H -I. -I..  -I.. -DPACKAGE_LOCALE_DIR=\""/usr/local/share/locale"\" -DPACKAGE_SRC_DIR=\""."\" -DPACKAGE_DATA_DIR=\""/usr/local/share"\" -DQUIVER_DATADIR=\""/app/data"\" -I/usr/include/gtk-3.0 -I/usr/include/pango-1.0 -I/usr/include/glib-2.0 -I/usr/lib/x86_64-linux-gnu/glib-2.0/include -I/usr/include/harfbuzz -I/usr/include/freetype2 -I/usr/include/libpng16 -I/usr/include/libmount -I/usr/include/blkid -I/usr/include/fribidi -I/usr/include/cairo -I/usr/include/pixman-1 -I/usr/include/gdk-pixbuf-2.0 -I/usr/include/x86_64-linux-gnu -I/usr/include/webp -I/usr/include/gio-unix-2.0 -I/usr/include/atk-1.0 -I/usr/include/at-spi2-atk/2.0 -I/usr/include/at-spi-2.0 -I/usr/include/dbus-1.0 -I/usr/lib/x86_64-linux-gnu/dbus-1.0/include -pthread        -I/usr/include   -I/usr/include/gstreamer-1.0 -I/usr/include/glib-2.0 -I/usr/lib/x86_64-linux-gnu/glib-2.0/include -I/usr/include/x86_64-linux-gnu -I/usr/include/orc-0.4 -pthread  -Wall    -Wincompatible-pointer-types -Werror=incompatible-pointer-types -Werror=int-conversion -Werror=implicit-function-declaration -Wwrite-strings -MT FolderTree.o -MD -MP -MF $depbase.Tpo -c -o FolderTree.o FolderTree.cpp &&\
mv -f $depbase.Tpo $depbase.Po
cc1plus: warning: command-line option ‘-Wincompatible-pointer-types’ is valid for C/ObjC but not for C++
cc1plus: warning: ‘-Werror=’ argument ‘-Werror=incompatible-pointer-types’ is not valid for C++
cc1plus: warning: ‘-Werror=’ argument ‘-Werror=int-conversion’ is not valid for C++
cc1plus: warning: ‘-Werror=’ argument ‘-Werror=implicit-function-declaration’ is not valid for C++
In file included from /usr/include/boost/smart_ptr/detail/requires_cxx11.hpp:9,
                 from /usr/include/boost/smart_ptr/shared_ptr.hpp:17,
                 from /usr/include/boost/shared_ptr.hpp:17,
                 from PreferencesDlg.h:6,
                 from PreferencesDlg.cpp:3:
/usr/include/boost/bind.hpp:36:1: note: ‘#pragma message: The practice of declaring the Bind placeholders (_1, _2, ...) in the global namespace is deprecated. Please use <boost/bind/bind.hpp> + using namespace boost::placeholders, or define BOOST_BIND_GLOBAL_PLACEHOLDERS to retain the current behavior.’
   36 | BOOST_PRAGMA_MESSAGE(
      | ^~~~~~~~~~~~~~~~~~~~
PreferencesDlg.cpp: In constructor ‘PreferencesDlg::PreferencesDlgPriv::PreferencesDlgPriv(PreferencesDlg*)’:
PreferencesDlg.cpp:123:17: warning: ISO C++ forbids converting a string constant to ‘gchar*’ {aka ‘char*’} [-Wwrite-strings]
  123 |                 "QuiverPreferencesDialog",
      |                 ^~~~~~~~~~~~~~~~~~~~~~~~~
PreferencesDlg.cpp:124:17: warning: ISO C++ forbids converting a string constant to ‘gchar*’ {aka ‘char*’} [-Wwrite-strings]
  124 |                 "adjustment1",
      |                 ^~~~~~~~~~~~~
PreferencesDlg.cpp:125:17: warning: ISO C++ forbids converting a string constant to ‘gchar*’ {aka ‘char*’} [-Wwrite-strings]
  125 |                 "adjustment2",
      |                 ^~~~~~~~~~~~~
PreferencesDlg.cpp:126:17: warning: ISO C++ forbids converting a string constant to ‘gchar*’ {aka ‘char*’} [-Wwrite-strings]
  126 |                 "liststore1",
      |                 ^~~~~~~~~~~~
PreferencesDlg.cpp:127:17: warning: ISO C++ forbids converting a string constant to ‘gchar*’ {aka ‘char*’} [-Wwrite-strings]
  127 |                 "liststore2",
      |                 ^~~~~~~~~~~~
PreferencesDlg.cpp: In member function ‘void PreferencesDlg::PreferencesDlgPriv::UpdateUI()’:
PreferencesDlg.cpp:296:32: warning: ‘gboolean gdk_color_parse(const gchar*, GdkColor*)’ is deprecated: Use 'gdk_rgba_parse' instead [-Wdeprecated-declarations]
  296 |                 gdk_color_parse(strClrBrowser.c_str(), &clrBrowser);
      |                 ~~~~~~~~~~~~~~~^~~~~~~~~~~~~~~~~~~~~~~~~~~~~~~~~~~~
In file included from /usr/include/gtk-3.0/gdk/gdkcairo.h:26,
                 from /usr/include/gtk-3.0/gdk/gdk.h:33,
                 from /usr/include/gtk-3.0/gtk/gtk.h:30,
                 from PreferencesDlg.h:4:
/usr/include/gtk-3.0/gdk/deprecated/gdkcolor.h:79:11: note: declared here
   79 | gboolean  gdk_color_parse     (const gchar    *spec,
      |           ^~~~~~~~~~~~~~~
PreferencesDlg.cpp:297:43: warning: ‘void gtk_color_button_set_color(GtkColorButton*, const GdkColor*)’ is deprecated: Use 'gtk_color_chooser_set_rgba' instead [-Wdeprecated-declarations]
  297 |                 gtk_color_button_set_color(m_pClrBtnBrowser,&clrBrowser);
      |                 ~~~~~~~~~~~~~~~~~~~~~~~~~~^~~~~~~~~~~~~~~~~~~~~~~~~~~~~~
In file included from /usr/include/gtk-3.0/gtk/gtk.h:74:
/usr/include/gtk-3.0/gtk/gtkcolorbutton.h:89:12: note: declared here
   89 | void       gtk_color_button_set_color      (GtkColorButton *button,
      |            ^~~~~~~~~~~~~~~~~~~~~~~~~~
PreferencesDlg.cpp:300:32: warning: ‘gboolean gdk_color_parse(const gchar*, GdkColor*)’ is deprecated: Use 'gdk_rgba_parse' instead [-Wdeprecated-declarations]
  300 |                 gdk_color_parse(strClrViewer.c_str(), &clrViewer);
      |                 ~~~~~~~~~~~~~~~^~~~~~~~~~~~~~~~~~~~~~~~~~~~~~~~~~
/usr/include/gtk-3.0/gdk/deprecated/gdkcolor.h:79:11: note: declared here
   79 | gboolean  gdk_color_parse     (const gchar    *spec,
      |           ^~~~~~~~~~~~~~~
PreferencesDlg.cpp:301:43: warning: ‘void gtk_color_button_set_color(GtkColorButton*, const GdkColor*)’ is deprecated: Use 'gtk_color_chooser_set_rgba' instead [-Wdeprecated-declarations]
  301 |                 gtk_color_button_set_color(m_pClrBtnViewer,&clrViewer);
      |                 ~~~~~~~~~~~~~~~~~~~~~~~~~~^~~~~~~~~~~~~~~~~~~~~~~~~~~~
/usr/include/gtk-3.0/gtk/gtkcolorbutton.h:89:12: note: declared here
   89 | void       gtk_color_button_set_color      (GtkColorButton *button,
      |            ^~~~~~~~~~~~~~~~~~~~~~~~~~
PreferencesDlg.cpp: In function ‘void on_color_set(GtkWidget*, gpointer)’:
PreferencesDlg.cpp:531:44: warning: ‘void gtk_color_button_get_color(GtkColorButton*, GdkColor*)’ is deprecated: Use 'gtk_color_chooser_get_rgba' instead [-Wdeprecated-declarations]
  531 |                 gtk_color_button_get_color (button, &color);
      |                 ~~~~~~~~~~~~~~~~~~~~~~~~~~~^~~~~~~~~~~~~~~~
/usr/include/gtk-3.0/gtk/gtkcolorbutton.h:92:12: note: declared here
   92 | void       gtk_color_button_get_color      (GtkColorButton *button,
      |            ^~~~~~~~~~~~~~~~~~~~~~~~~~
depbase=`echo FolderTreeEventSource.o | sed 's|[^/]*$|.deps/&|;s|\.o$||'`;\
g++ -DHAVE_CONFIG_H -I. -I..  -I.. -DPACKAGE_LOCALE_DIR=\""/usr/local/share/locale"\" -DPACKAGE_SRC_DIR=\""."\" -DPACKAGE_DATA_DIR=\""/usr/local/share"\" -DQUIVER_DATADIR=\""/app/data"\" -I/usr/include/gtk-3.0 -I/usr/include/pango-1.0 -I/usr/include/glib-2.0 -I/usr/lib/x86_64-linux-gnu/glib-2.0/include -I/usr/include/harfbuzz -I/usr/include/freetype2 -I/usr/include/libpng16 -I/usr/include/libmount -I/usr/include/blkid -I/usr/include/fribidi -I/usr/include/cairo -I/usr/include/pixman-1 -I/usr/include/gdk-pixbuf-2.0 -I/usr/include/x86_64-linux-gnu -I/usr/include/webp -I/usr/include/gio-unix-2.0 -I/usr/include/atk-1.0 -I/usr/include/at-spi2-atk/2.0 -I/usr/include/at-spi-2.0 -I/usr/include/dbus-1.0 -I/usr/lib/x86_64-linux-gnu/dbus-1.0/include -pthread        -I/usr/include   -I/usr/include/gstreamer-1.0 -I/usr/include/glib-2.0 -I/usr/lib/x86_64-linux-gnu/glib-2.0/include -I/usr/include/x86_64-linux-gnu -I/usr/include/orc-0.4 -pthread  -Wall    -Wincompatible-pointer-types -Werror=incompatible-pointer-types -Werror=int-conversion -Werror=implicit-function-declaration -Wwrite-strings -MT FolderTreeEventSource.o -MD -MP -MF $depbase.Tpo -c -o FolderTreeEventSource.o FolderTreeEventSource.cpp &&\
mv -f $depbase.Tpo $depbase.Po
cc1plus: warning: command-line option ‘-Wincompatible-pointer-types’ is valid for C/ObjC but not for C++
cc1plus: warning: ‘-Werror=’ argument ‘-Werror=incompatible-pointer-types’ is not valid for C++
cc1plus: warning: ‘-Werror=’ argument ‘-Werror=int-conversion’ is not valid for C++
cc1plus: warning: ‘-Werror=’ argument ‘-Werror=implicit-function-declaration’ is not valid for C++
depbase=`echo ImageCache.o | sed 's|[^/]*$|.deps/&|;s|\.o$||'`;\
g++ -DHAVE_CONFIG_H -I. -I..  -I.. -DPACKAGE_LOCALE_DIR=\""/usr/local/share/locale"\" -DPACKAGE_SRC_DIR=\""."\" -DPACKAGE_DATA_DIR=\""/usr/local/share"\" -DQUIVER_DATADIR=\""/app/data"\" -I/usr/include/gtk-3.0 -I/usr/include/pango-1.0 -I/usr/include/glib-2.0 -I/usr/lib/x86_64-linux-gnu/glib-2.0/include -I/usr/include/harfbuzz -I/usr/include/freetype2 -I/usr/include/libpng16 -I/usr/include/libmount -I/usr/include/blkid -I/usr/include/fribidi -I/usr/include/cairo -I/usr/include/pixman-1 -I/usr/include/gdk-pixbuf-2.0 -I/usr/include/x86_64-linux-gnu -I/usr/include/webp -I/usr/include/gio-unix-2.0 -I/usr/include/atk-1.0 -I/usr/include/at-spi2-atk/2.0 -I/usr/include/at-spi-2.0 -I/usr/include/dbus-1.0 -I/usr/lib/x86_64-linux-gnu/dbus-1.0/include -pthread        -I/usr/include   -I/usr/include/gstreamer-1.0 -I/usr/include/glib-2.0 -I/usr/lib/x86_64-linux-gnu/glib-2.0/include -I/usr/include/x86_64-linux-gnu -I/usr/include/orc-0.4 -pthread  -Wall    -Wincompatible-pointer-types -Werror=incompatible-pointer-types -Werror=int-conversion -Werror=implicit-function-declaration -Wwrite-strings -MT ImageCache.o -MD -MP -MF $depbase.Tpo -c -o ImageCache.o ImageCache.cpp &&\
mv -f $depbase.Tpo $depbase.Po
cc1plus: warning: command-line option ‘-Wincompatible-pointer-types’ is valid for C/ObjC but not for C++
cc1plus: warning: ‘-Werror=’ argument ‘-Werror=incompatible-pointer-types’ is not valid for C++
cc1plus: warning: ‘-Werror=’ argument ‘-Werror=int-conversion’ is not valid for C++
cc1plus: warning: ‘-Werror=’ argument ‘-Werror=implicit-function-declaration’ is not valid for C++
depbase=`echo ImageList.o | sed 's|[^/]*$|.deps/&|;s|\.o$||'`;\
g++ -DHAVE_CONFIG_H -I. -I..  -I.. -DPACKAGE_LOCALE_DIR=\""/usr/local/share/locale"\" -DPACKAGE_SRC_DIR=\""."\" -DPACKAGE_DATA_DIR=\""/usr/local/share"\" -DQUIVER_DATADIR=\""/app/data"\" -I/usr/include/gtk-3.0 -I/usr/include/pango-1.0 -I/usr/include/glib-2.0 -I/usr/lib/x86_64-linux-gnu/glib-2.0/include -I/usr/include/harfbuzz -I/usr/include/freetype2 -I/usr/include/libpng16 -I/usr/include/libmount -I/usr/include/blkid -I/usr/include/fribidi -I/usr/include/cairo -I/usr/include/pixman-1 -I/usr/include/gdk-pixbuf-2.0 -I/usr/include/x86_64-linux-gnu -I/usr/include/webp -I/usr/include/gio-unix-2.0 -I/usr/include/atk-1.0 -I/usr/include/at-spi2-atk/2.0 -I/usr/include/at-spi-2.0 -I/usr/include/dbus-1.0 -I/usr/lib/x86_64-linux-gnu/dbus-1.0/include -pthread        -I/usr/include   -I/usr/include/gstreamer-1.0 -I/usr/include/glib-2.0 -I/usr/lib/x86_64-linux-gnu/glib-2.0/include -I/usr/include/x86_64-linux-gnu -I/usr/include/orc-0.4 -pthread  -Wall    -Wincompatible-pointer-types -Werror=incompatible-pointer-types -Werror=int-conversion -Werror=implicit-function-declaration -Wwrite-strings -MT ImageList.o -MD -MP -MF $depbase.Tpo -c -o ImageList.o ImageList.cpp &&\
mv -f $depbase.Tpo $depbase.Po
cc1plus: warning: command-line option ‘-Wincompatible-pointer-types’ is valid for C/ObjC but not for C++
cc1plus: warning: ‘-Werror=’ argument ‘-Werror=incompatible-pointer-types’ is not valid for C++
cc1plus: warning: ‘-Werror=’ argument ‘-Werror=int-conversion’ is not valid for C++
cc1plus: warning: ‘-Werror=’ argument ‘-Werror=implicit-function-declaration’ is not valid for C++
FolderTree.cpp:1388:13: warning: Deprecated pre-processor symbol: replace with "g_mutex_init"
 1388 |     static GStaticMutex mutex = G_STATIC_MUTEX_INIT;
      |             ^~~~~~~~~~~~~~~~~~~~~~~~~~~~~~~~~~~~~~~~
FolderTree.cpp:1389:20: warning: Deprecated pre-processor symbol
 1389 |         g_static_mutex_lock (&mutex);
      |                    ^~~~~~~~~~~~~~~~~~
FolderTree.cpp:1389:20: warning: Deprecated pre-processor symbol: replace with "g_mutex_lock"
 1389 |         g_static_mutex_lock (&mutex);
      |                    ^~~~~~~~~~~~~~~~~~
FolderTree.cpp:1391:20: warning: Deprecated pre-processor symbol
 1391 |         g_static_mutex_unlock (&mutex);
      |                    ^~~~~~~~~~~~~~~~~~~~
FolderTree.cpp:1391:20: warning: Deprecated pre-processor symbol: replace with "g_mutex_unlock"
 1391 |         g_static_mutex_unlock (&mutex);
      |                    ^~~~~~~~~~~~~~~~~~~~
depbase=`echo ImageListEventSource.o | sed 's|[^/]*$|.deps/&|;s|\.o$||'`;\
g++ -DHAVE_CONFIG_H -I. -I..  -I.. -DPACKAGE_LOCALE_DIR=\""/usr/local/share/locale"\" -DPACKAGE_SRC_DIR=\""."\" -DPACKAGE_DATA_DIR=\""/usr/local/share"\" -DQUIVER_DATADIR=\""/app/data"\" -I/usr/include/gtk-3.0 -I/usr/include/pango-1.0 -I/usr/include/glib-2.0 -I/usr/lib/x86_64-linux-gnu/glib-2.0/include -I/usr/include/harfbuzz -I/usr/include/freetype2 -I/usr/include/libpng16 -I/usr/include/libmount -I/usr/include/blkid -I/usr/include/fribidi -I/usr/include/cairo -I/usr/include/pixman-1 -I/usr/include/gdk-pixbuf-2.0 -I/usr/include/x86_64-linux-gnu -I/usr/include/webp -I/usr/include/gio-unix-2.0 -I/usr/include/atk-1.0 -I/usr/include/at-spi2-atk/2.0 -I/usr/include/at-spi-2.0 -I/usr/include/dbus-1.0 -I/usr/lib/x86_64-linux-gnu/dbus-1.0/include -pthread        -I/usr/include   -I/usr/include/gstreamer-1.0 -I/usr/include/glib-2.0 -I/usr/lib/x86_64-linux-gnu/glib-2.0/include -I/usr/include/x86_64-linux-gnu -I/usr/include/orc-0.4 -pthread  -Wall    -Wincompatible-pointer-types -Werror=incompatible-pointer-types -Werror=int-conversion -Werror=implicit-function-declaration -Wwrite-strings -MT ImageListEventSource.o -MD -MP -MF $depbase.Tpo -c -o ImageListEventSource.o ImageListEventSource.cpp &&\
mv -f $depbase.Tpo $depbase.Po
cc1plus: warning: command-line option ‘-Wincompatible-pointer-types’ is valid for C/ObjC but not for C++
cc1plus: warning: ‘-Werror=’ argument ‘-Werror=incompatible-pointer-types’ is not valid for C++
cc1plus: warning: ‘-Werror=’ argument ‘-Werror=int-conversion’ is not valid for C++
cc1plus: warning: ‘-Werror=’ argument ‘-Werror=implicit-function-declaration’ is not valid for C++
In file included from /usr/include/boost/smart_ptr/detail/requires_cxx11.hpp:9,
                 from /usr/include/boost/smart_ptr/shared_ptr.hpp:17,
                 from /usr/include/boost/shared_ptr.hpp:17,
                 from FolderTree.h:6,
                 from FolderTree.cpp:5:
/usr/include/boost/bind.hpp:36:1: note: ‘#pragma message: The practice of declaring the Bind placeholders (_1, _2, ...) in the global namespace is deprecated. Please use <boost/bind/bind.hpp> + using namespace boost::placeholders, or define BOOST_BIND_GLOBAL_PLACEHOLDERS to retain the current behavior.’
   36 | BOOST_PRAGMA_MESSAGE(
      | ^~~~~~~~~~~~~~~~~~~~
In file included from /usr/include/boost/function/detail/requires_cxx11.hpp:9,
                 from /usr/include/boost/function/detail/prologue.hpp:12,
                 from /usr/include/boost/function.hpp:30,
                 from /usr/include/boost/signals2/signal.hpp:19,
                 from AbstractEventSource.h:5,
                 from FolderTreeEventSource.h:4,
                 from FolderTreeEventSource.cpp:1:
/usr/include/boost/bind.hpp:36:1: note: ‘#pragma message: The practice of declaring the Bind placeholders (_1, _2, ...) in the global namespace is deprecated. Please use <boost/bind/bind.hpp> + using namespace boost::placeholders, or define BOOST_BIND_GLOBAL_PLACEHOLDERS to retain the current behavior.’
   36 | BOOST_PRAGMA_MESSAGE(
      | ^~~~~~~~~~~~~~~~~~~~
FolderTree.cpp: In function ‘gboolean timeout_folder_tree_scroll_to_cell(gpointer)’:
FolderTree.cpp:260:26: warning: ‘void gdk_threads_enter()’ is deprecated [-Wdeprecated-declarations]
  260 |         gdk_threads_enter();
      |         ~~~~~~~~~~~~~~~~~^~
In file included from /usr/include/gtk-3.0/gdk/gdk.h:61,
                 from /usr/include/gtk-3.0/gtk/gtk.h:30,
                 from FolderTree.cpp:7:
/usr/include/gtk-3.0/gdk/gdkthreads.h:46:10: note: declared here
   46 | void     gdk_threads_enter                    (void);
      |          ^~~~~~~~~~~~~~~~~
FolderTree.cpp:292:26: warning: ‘void gdk_threads_leave()’ is deprecated [-Wdeprecated-declarations]
  292 |         gdk_threads_leave();
      |         ~~~~~~~~~~~~~~~~~^~
/usr/include/gtk-3.0/gdk/gdkthreads.h:48:10: note: declared here
   48 | void     gdk_threads_leave                    (void);
      |          ^~~~~~~~~~~~~~~~~
FolderTree.cpp: In member function ‘void FolderTree::FolderTreeImpl::CreateWidget()’:
FolderTree.cpp:456:24: warning: ‘gboolean gdk_color_parse(const gchar*, GdkColor*)’ is deprecated: Use 'gdk_rgba_parse' instead [-Wdeprecated-declarations]
  456 |         gdk_color_parse("#ccc",&highlight_color);
      |         ~~~~~~~~~~~~~~~^~~~~~~~~~~~~~~~~~~~~~~~~
In file included from /usr/include/gtk-3.0/gdk/gdkcairo.h:26,
                 from /usr/include/gtk-3.0/gdk/gdk.h:33:
/usr/include/gtk-3.0/gdk/deprecated/gdkcolor.h:79:11: note: declared here
   79 | gboolean  gdk_color_parse     (const gchar    *spec,
      |           ^~~~~~~~~~~~~~~
FolderTree.cpp: In function ‘void view_popup_menu(GtkWidget*, GdkEventButton*, gpointer)’:
FolderTree.cpp:640:23: warning: ‘void gtk_menu_popup(GtkMenu*, GtkWidget*, GtkWidget*, GtkMenuPositionFunc, gpointer, guint, guint32)’ is deprecated: Use '(gtk_menu_popup_at_widget, gtk_menu_popup_at_pointer, gtk_menu_popup_at_rect)' instead [-Wdeprecated-declarations]
  640 |         gtk_menu_popup(GTK_MENU(menu), NULL, NULL, NULL, NULL,
      |         ~~~~~~~~~~~~~~^~~~~~~~~~~~~~~~~~~~~~~~~~~~~~~~~~~~~~~~
  641 |                           (event != NULL) ? event->button : 0,
      |                           ~~~~~~~~~~~~~~~~~~~~~~~~~~~~~~~~~~~~
  642 |                           gdk_event_get_time((GdkEvent*)event));
      |                           ~~~~~~~~~~~~~~~~~~~~~~~~~~~~~~~~~~~~~
In file included from /usr/include/gtk-3.0/gtk/gtklabel.h:34,
                 from /usr/include/gtk-3.0/gtk/gtkaccellabel.h:35,
                 from /usr/include/gtk-3.0/gtk/gtk.h:33:
/usr/include/gtk-3.0/gtk/gtkmenu.h:138:12: note: declared here
  138 | void       gtk_menu_popup                 (GtkMenu             *menu,
      |            ^~~~~~~~~~~~~~
FolderTree.cpp: In function ‘void thread_check_for_subdirs(gpointer, gpointer)’:
FolderTree.cpp:1109:58: warning: ‘void gdk_threads_enter()’ is deprecated [-Wdeprecated-declarations]
 1109 |                                         gdk_threads_enter();
      |                                         ~~~~~~~~~~~~~~~~~^~
/usr/include/gtk-3.0/gdk/gdkthreads.h:46:10: note: declared here
   46 | void     gdk_threads_enter                    (void);
      |          ^~~~~~~~~~~~~~~~~
FolderTree.cpp:1184:58: warning: ‘void gdk_threads_leave()’ is deprecated [-Wdeprecated-declarations]
 1184 |                                         gdk_threads_leave();
      |                                         ~~~~~~~~~~~~~~~~~^~
/usr/include/gtk-3.0/gdk/gdkthreads.h:48:10: note: declared here
   48 | void     gdk_threads_leave                    (void);
      |          ^~~~~~~~~~~~~~~~~
FolderTree.cpp:1198:58: warning: ‘void gdk_threads_enter()’ is deprecated [-Wdeprecated-declarations]
 1198 |                                         gdk_threads_enter();
      |                                         ~~~~~~~~~~~~~~~~~^~
/usr/include/gtk-3.0/gdk/gdkthreads.h:46:10: note: declared here
   46 | void     gdk_threads_enter                    (void);
      |          ^~~~~~~~~~~~~~~~~
FolderTree.cpp:1202:58: warning: ‘void gdk_threads_leave()’ is deprecated [-Wdeprecated-declarations]
 1202 |                                         gdk_threads_leave();
      |                                         ~~~~~~~~~~~~~~~~~^~
/usr/include/gtk-3.0/gdk/gdkthreads.h:48:10: note: declared here
   48 | void     gdk_threads_leave                    (void);
      |          ^~~~~~~~~~~~~~~~~
FolderTree.cpp:1241:58: warning: ‘void gdk_threads_enter()’ is deprecated [-Wdeprecated-declarations]
 1241 |                                         gdk_threads_enter();
      |                                         ~~~~~~~~~~~~~~~~~^~
/usr/include/gtk-3.0/gdk/gdkthreads.h:46:10: note: declared here
   46 | void     gdk_threads_enter                    (void);
      |          ^~~~~~~~~~~~~~~~~
FolderTree.cpp:1243:58: warning: ‘void gdk_threads_leave()’ is deprecated [-Wdeprecated-declarations]
 1243 |                                         gdk_threads_leave();
      |                                         ~~~~~~~~~~~~~~~~~^~
/usr/include/gtk-3.0/gdk/gdkthreads.h:48:10: note: declared here
   48 | void     gdk_threads_leave                    (void);
      |          ^~~~~~~~~~~~~~~~~
FolderTree.cpp:1266:66: warning: ‘void gdk_threads_enter()’ is deprecated [-Wdeprecated-declarations]
 1266 |                                                 gdk_threads_enter();
      |                                                 ~~~~~~~~~~~~~~~~~^~
/usr/include/gtk-3.0/gdk/gdkthreads.h:46:10: note: declared here
   46 | void     gdk_threads_enter                    (void);
      |          ^~~~~~~~~~~~~~~~~
FolderTree.cpp:1269:66: warning: ‘void gdk_threads_leave()’ is deprecated [-Wdeprecated-declarations]
 1269 |                                                 gdk_threads_leave();
      |                                                 ~~~~~~~~~~~~~~~~~^~
/usr/include/gtk-3.0/gdk/gdkthreads.h:48:10: note: declared here
   48 | void     gdk_threads_leave                    (void);
      |          ^~~~~~~~~~~~~~~~~
FolderTree.cpp:1281:58: warning: ‘void gdk_threads_enter()’ is deprecated [-Wdeprecated-declarations]
 1281 |                                         gdk_threads_enter();
      |                                         ~~~~~~~~~~~~~~~~~^~
/usr/include/gtk-3.0/gdk/gdkthreads.h:46:10: note: declared here
   46 | void     gdk_threads_enter                    (void);
      |          ^~~~~~~~~~~~~~~~~
FolderTree.cpp:1291:58: warning: ‘void gdk_threads_leave()’ is deprecated [-Wdeprecated-declarations]
 1291 |                                         gdk_threads_leave();
      |                                         ~~~~~~~~~~~~~~~~~^~
/usr/include/gtk-3.0/gdk/gdkthreads.h:48:10: note: declared here
   48 | void     gdk_threads_leave                    (void);
      |          ^~~~~~~~~~~~~~~~~
FolderTree.cpp:1310:34: warning: ‘void gdk_threads_enter()’ is deprecated [-Wdeprecated-declarations]
 1310 |                 gdk_threads_enter();
      |                 ~~~~~~~~~~~~~~~~~^~
/usr/include/gtk-3.0/gdk/gdkthreads.h:46:10: note: declared here
   46 | void     gdk_threads_enter                    (void);
      |          ^~~~~~~~~~~~~~~~~
FolderTree.cpp:1313:34: warning: ‘void gdk_threads_leave()’ is deprecated [-Wdeprecated-declarations]
 1313 |                 gdk_threads_leave();
      |                 ~~~~~~~~~~~~~~~~~^~
/usr/include/gtk-3.0/gdk/gdkthreads.h:48:10: note: declared here
   48 | void     gdk_threads_leave                    (void);
      |          ^~~~~~~~~~~~~~~~~
FolderTree.cpp:1318:34: warning: ‘void gdk_threads_enter()’ is deprecated [-Wdeprecated-declarations]
 1318 |                 gdk_threads_enter();
      |                 ~~~~~~~~~~~~~~~~~^~
/usr/include/gtk-3.0/gdk/gdkthreads.h:46:10: note: declared here
   46 | void     gdk_threads_enter                    (void);
      |          ^~~~~~~~~~~~~~~~~
FolderTree.cpp:1321:34: warning: ‘void gdk_threads_leave()’ is deprecated [-Wdeprecated-declarations]
 1321 |                 gdk_threads_leave();
      |                 ~~~~~~~~~~~~~~~~~^~
/usr/include/gtk-3.0/gdk/gdkthreads.h:48:10: note: declared here
   48 | void     gdk_threads_leave                    (void);
      |          ^~~~~~~~~~~~~~~~~
FolderTree.cpp: In function ‘void folder_tree_thread_pool_add(GThreadPool*, MyDataStruct*)’:
FolderTree.cpp:1388:25: warning: ‘GStaticMutex’ is deprecated: Use 'GMutex' instead [-Wdeprecated-declarations]
 1388 |     static GStaticMutex mutex = G_STATIC_MUTEX_INIT;
      |                         ^~~~~
In file included from /usr/include/glib-2.0/glib.h:115,
                 from /usr/include/gtk-3.0/gdk/gdkconfig.h:8,
                 from /usr/include/gtk-3.0/gdk/gdk.h:30:
/usr/include/glib-2.0/glib/deprecated/gthread.h:144:3: note: declared here
  144 | } GStaticMutex GLIB_DEPRECATED_TYPE_IN_2_32_FOR(GMutex);
      |   ^~~~~~~~~~~~
/usr/include/glib-2.0/glib/deprecated/gthread.h:147:44: warning: ‘GMutex* g_static_mutex_get_mutex_impl(GStaticMutex*)’ is deprecated: Use 'GMutex' instead [-Wdeprecated-declarations]
  147 |     g_mutex_lock (g_static_mutex_get_mutex (mutex)) GLIB_DEPRECATED_MACRO_IN_2_32_FOR(g_mutex_lock)
      |                                            ^
FolderTree.cpp:1389:9: note: in expansion of macro ‘g_static_mutex_lock’
 1389 |         g_static_mutex_lock (&mutex);
      |         ^~~~~~~~~~~~~~~~~~~
/usr/include/glib-2.0/glib/deprecated/gthread.h:158:9: note: declared here
  158 | GMutex *g_static_mutex_get_mutex_impl (GStaticMutex *mutex);
      |         ^~~~~~~~~~~~~~~~~~~~~~~~~~~~~
/usr/include/glib-2.0/glib/deprecated/gthread.h:151:46: warning: ‘GMutex* g_static_mutex_get_mutex_impl(GStaticMutex*)’ is deprecated: Use 'GMutex' instead [-Wdeprecated-declarations]
  151 |     g_mutex_unlock (g_static_mutex_get_mutex (mutex)) GLIB_DEPRECATED_MACRO_IN_2_32_FOR(g_mutex_unlock)
      |                                              ^
FolderTree.cpp:1391:9: note: in expansion of macro ‘g_static_mutex_unlock’
 1391 |         g_static_mutex_unlock (&mutex);
      |         ^~~~~~~~~~~~~~~~~~~~~
/usr/include/glib-2.0/glib/deprecated/gthread.h:158:9: note: declared here
  158 | GMutex *g_static_mutex_get_mutex_impl (GStaticMutex *mutex);
      |         ^~~~~~~~~~~~~~~~~~~~~~~~~~~~~
FolderTree.cpp: In function ‘GIcon* folder_tree_get_gicon(GFile*, gboolean)’:
FolderTree.cpp:1418:21: warning: unused variable ‘preferred_icon_name’ [-Wunused-variable]
 1418 |         const char* preferred_icon_name = NULL;
      |                     ^~~~~~~~~~~~~~~~~~~
FolderTree.cpp:1420:23: warning: unused variable ‘icon_theme’ [-Wunused-variable]
 1420 |         GtkIconTheme* icon_theme = gtk_icon_theme_get_default();
      |                       ^~~~~~~~~~
FolderTree.cpp: In member function ‘void FolderTree::FolderTreeImpl::PopulateTreeModel(GtkTreeStore*)’:
FolderTree.cpp:1746:77: warning: cast to pointer from integer of different size [-Wint-to-pointer-cast]
 1746 |         g_hash_table_insert(m_pHashRootNodeOrder,gtk_tree_iter_copy(&iter1),(gpointer)iNodeOrder++);
      |                                                                             ^~~~~~~~~~~~~~~~~~~~~~
FolderTree.cpp:1766:77: warning: cast to pointer from integer of different size [-Wint-to-pointer-cast]
 1766 |         g_hash_table_insert(m_pHashRootNodeOrder,gtk_tree_iter_copy(&iter1),(gpointer)iNodeOrder++);
      |                                                                             ^~~~~~~~~~~~~~~~~~~~~~
FolderTree.cpp:1782:77: warning: cast to pointer from integer of different size [-Wint-to-pointer-cast]
 1782 |         g_hash_table_insert(m_pHashRootNodeOrder,gtk_tree_iter_copy(&iter1),(gpointer)iNodeOrder++);
      |                                                                             ^~~~~~~~~~~~~~~~~~~~~~
FolderTree.cpp:1808:77: warning: cast to pointer from integer of different size [-Wint-to-pointer-cast]
 1808 |         g_hash_table_insert(m_pHashRootNodeOrder,gtk_tree_iter_copy(&iter1),(gpointer)iNodeOrder++);
      |                                                                             ^~~~~~~~~~~~~~~~~~~~~~
FolderTree.cpp:1831:85: warning: cast to pointer from integer of different size [-Wint-to-pointer-cast]
 1831 |                 g_hash_table_insert(m_pHashRootNodeOrder,gtk_tree_iter_copy(&iter1),(gpointer)iNodeOrder++);
      |                                                                                     ^~~~~~~~~~~~~~~~~~~~~~
FolderTree.cpp:1881:101: warning: cast to pointer from integer of different size [-Wint-to-pointer-cast]
 1881 |                                 g_hash_table_insert(m_pHashRootNodeOrder,gtk_tree_iter_copy(&iter1),(gpointer)iNodeOrder++);
      |                                                                                                     ^~~~~~~~~~~~~~~~~~~~~~
depbase=`echo ImageLoader.o | sed 's|[^/]*$|.deps/&|;s|\.o$||'`;\
g++ -DHAVE_CONFIG_H -I. -I..  -I.. -DPACKAGE_LOCALE_DIR=\""/usr/local/share/locale"\" -DPACKAGE_SRC_DIR=\""."\" -DPACKAGE_DATA_DIR=\""/usr/local/share"\" -DQUIVER_DATADIR=\""/app/data"\" -I/usr/include/gtk-3.0 -I/usr/include/pango-1.0 -I/usr/include/glib-2.0 -I/usr/lib/x86_64-linux-gnu/glib-2.0/include -I/usr/include/harfbuzz -I/usr/include/freetype2 -I/usr/include/libpng16 -I/usr/include/libmount -I/usr/include/blkid -I/usr/include/fribidi -I/usr/include/cairo -I/usr/include/pixman-1 -I/usr/include/gdk-pixbuf-2.0 -I/usr/include/x86_64-linux-gnu -I/usr/include/webp -I/usr/include/gio-unix-2.0 -I/usr/include/atk-1.0 -I/usr/include/at-spi2-atk/2.0 -I/usr/include/at-spi-2.0 -I/usr/include/dbus-1.0 -I/usr/lib/x86_64-linux-gnu/dbus-1.0/include -pthread        -I/usr/include   -I/usr/include/gstreamer-1.0 -I/usr/include/glib-2.0 -I/usr/lib/x86_64-linux-gnu/glib-2.0/include -I/usr/include/x86_64-linux-gnu -I/usr/include/orc-0.4 -pthread  -Wall    -Wincompatible-pointer-types -Werror=incompatible-pointer-types -Werror=int-conversion -Werror=implicit-function-declaration -Wwrite-strings -MT ImageLoader.o -MD -MP -MF $depbase.Tpo -c -o ImageLoader.o ImageLoader.cpp &&\
mv -f $depbase.Tpo $depbase.Po
cc1plus: warning: command-line option ‘-Wincompatible-pointer-types’ is valid for C/ObjC but not for C++
cc1plus: warning: ‘-Werror=’ argument ‘-Werror=incompatible-pointer-types’ is not valid for C++
cc1plus: warning: ‘-Werror=’ argument ‘-Werror=int-conversion’ is not valid for C++
cc1plus: warning: ‘-Werror=’ argument ‘-Werror=implicit-function-declaration’ is not valid for C++
depbase=`echo IconViewThumbLoader.o | sed 's|[^/]*$|.deps/&|;s|\.o$||'`;\
g++ -DHAVE_CONFIG_H -I. -I..  -I.. -DPACKAGE_LOCALE_DIR=\""/usr/local/share/locale"\" -DPACKAGE_SRC_DIR=\""."\" -DPACKAGE_DATA_DIR=\""/usr/local/share"\" -DQUIVER_DATADIR=\""/app/data"\" -I/usr/include/gtk-3.0 -I/usr/include/pango-1.0 -I/usr/include/glib-2.0 -I/usr/lib/x86_64-linux-gnu/glib-2.0/include -I/usr/include/harfbuzz -I/usr/include/freetype2 -I/usr/include/libpng16 -I/usr/include/libmount -I/usr/include/blkid -I/usr/include/fribidi -I/usr/include/cairo -I/usr/include/pixman-1 -I/usr/include/gdk-pixbuf-2.0 -I/usr/include/x86_64-linux-gnu -I/usr/include/webp -I/usr/include/gio-unix-2.0 -I/usr/include/atk-1.0 -I/usr/include/at-spi2-atk/2.0 -I/usr/include/at-spi-2.0 -I/usr/include/dbus-1.0 -I/usr/lib/x86_64-linux-gnu/dbus-1.0/include -pthread        -I/usr/include   -I/usr/include/gstreamer-1.0 -I/usr/include/glib-2.0 -I/usr/lib/x86_64-linux-gnu/glib-2.0/include -I/usr/include/x86_64-linux-gnu -I/usr/include/orc-0.4 -pthread  -Wall    -Wincompatible-pointer-types -Werror=incompatible-pointer-types -Werror=int-conversion -Werror=implicit-function-declaration -Wwrite-strings -MT IconViewThumbLoader.o -MD -MP -MF $depbase.Tpo -c -o IconViewThumbLoader.o IconViewThumbLoader.cpp &&\
mv -f $depbase.Tpo $depbase.Po
cc1plus: warning: command-line option ‘-Wincompatible-pointer-types’ is valid for C/ObjC but not for C++
cc1plus: warning: ‘-Werror=’ argument ‘-Werror=incompatible-pointer-types’ is not valid for C++
cc1plus: warning: ‘-Werror=’ argument ‘-Werror=int-conversion’ is not valid for C++
cc1plus: warning: ‘-Werror=’ argument ‘-Werror=implicit-function-declaration’ is not valid for C++
In file included from /usr/include/boost/function/detail/requires_cxx11.hpp:9,
                 from /usr/include/boost/function/detail/prologue.hpp:12,
                 from /usr/include/boost/function.hpp:30,
                 from /usr/include/boost/signals2/signal.hpp:19,
                 from AbstractEventSource.h:5,
                 from ImageListEventSource.h:4,
                 from ImageListEventSource.cpp:1:
/usr/include/boost/bind.hpp:36:1: note: ‘#pragma message: The practice of declaring the Bind placeholders (_1, _2, ...) in the global namespace is deprecated. Please use <boost/bind/bind.hpp> + using namespace boost::placeholders, or define BOOST_BIND_GLOBAL_PLACEHOLDERS to retain the current behavior.’
   36 | BOOST_PRAGMA_MESSAGE(
      | ^~~~~~~~~~~~~~~~~~~~
In file included from /usr/include/boost/function/detail/requires_cxx11.hpp:9,
                 from /usr/include/boost/function/detail/prologue.hpp:12,
                 from /usr/include/boost/function.hpp:30,
                 from /usr/include/boost/algorithm/string/detail/find_iterator.hpp:18,
                 from /usr/include/boost/algorithm/string/find_iterator.hpp:24,
                 from /usr/include/boost/algorithm/string/iter_find.hpp:27,
                 from /usr/include/boost/algorithm/string/split.hpp:16,
                 from /usr/include/boost/algorithm/string.hpp:23,
                 from ImageList.cpp:17:
/usr/include/boost/bind.hpp:36:1: note: ‘#pragma message: The practice of declaring the Bind placeholders (_1, _2, ...) in the global namespace is deprecated. Please use <boost/bind/bind.hpp> + using namespace boost::placeholders, or define BOOST_BIND_GLOBAL_PLACEHOLDERS to retain the current behavior.’
   36 | BOOST_PRAGMA_MESSAGE(
      | ^~~~~~~~~~~~~~~~~~~~
ImageList.cpp: In member function ‘bool ImageList::SetCurrentFile(std::string)’:
ImageList.cpp:190:23: warning: comparison of integer expressions of different signedness: ‘int’ and ‘unsigned int’ [-Wsign-compare]
  190 |         if (old_index != m_ImageListImplPtr->m_iCurrentIndex)
      |             ~~~~~~~~~~^~~~~~~~~~~~~~~~~~~~~~~~~~~~~~~~~~~~~~
ImageList.cpp: In function ‘gboolean timeout_path_changed(gpointer)’:
ImageList.cpp:498:26: warning: ‘void gdk_threads_enter()’ is deprecated [-Wdeprecated-declarations]
  498 |         gdk_threads_enter();
      |         ~~~~~~~~~~~~~~~~~^~
In file included from /usr/include/gtk-3.0/gdk/gdk.h:61,
                 from /usr/include/gtk-3.0/gtk/gtk.h:30,
                 from ImageList.cpp:5:
/usr/include/gtk-3.0/gdk/gdkthreads.h:46:10: note: declared here
   46 | void     gdk_threads_enter                    (void);
      |          ^~~~~~~~~~~~~~~~~
ImageList.cpp:610:26: warning: ‘void gdk_threads_leave()’ is deprecated [-Wdeprecated-declarations]
  610 |         gdk_threads_leave();
      |         ~~~~~~~~~~~~~~~~~^~
/usr/include/gtk-3.0/gdk/gdkthreads.h:48:10: note: declared here
   48 | void     gdk_threads_leave                    (void);
      |          ^~~~~~~~~~~~~~~~~
ImageList.cpp: In function ‘void monitor_callback(GFileMonitor*, GFile*, GFile*, GFileMonitorEvent, gpointer)’:
ImageList.cpp:624:26: warning: ‘void gdk_threads_enter()’ is deprecated [-Wdeprecated-declarations]
  624 |         gdk_threads_enter();
      |         ~~~~~~~~~~~~~~~~~^~
/usr/include/gtk-3.0/gdk/gdkthreads.h:46:10: note: declared here
   46 | void     gdk_threads_enter                    (void);
      |          ^~~~~~~~~~~~~~~~~
ImageList.cpp:656:26: warning: ‘void gdk_threads_leave()’ is deprecated [-Wdeprecated-declarations]
  656 |         gdk_threads_leave();
      |         ~~~~~~~~~~~~~~~~~^~
/usr/include/gtk-3.0/gdk/gdkthreads.h:48:10: note: declared here
   48 | void     gdk_threads_leave                    (void);
      |          ^~~~~~~~~~~~~~~~~
ImageList.cpp: At global scope:
ImageList.cpp:1354:36: warning: ‘template<class _Arg1, class _Arg2, class _Result> struct std::binary_function’ is deprecated [-Wdeprecated-declarations]
 1354 | class SortByFilename : public std::binary_function<QuiverFile,QuiverFile,bool>
      |                                    ^~~~~~~~~~~~~~~
In file included from /usr/include/c++/13/string:49,
                 from /usr/include/c++/13/bits/locale_classes.h:40,
                 from /usr/include/c++/13/bits/ios_base.h:41,
                 from /usr/include/c++/13/ios:44,
                 from /usr/include/c++/13/ostream:40,
                 from /usr/include/c++/13/iostream:41,
                 from ImageList.cpp:3:
/usr/include/c++/13/bits/stl_function.h:131:12: note: declared here
  131 |     struct binary_function
      |            ^~~~~~~~~~~~~~~
ImageList.cpp:1368:43: warning: ‘template<class _Arg1, class _Arg2, class _Result> struct std::binary_function’ is deprecated [-Wdeprecated-declarations]
 1368 | class SortByFilenameNatural : public std::binary_function<QuiverFile,QuiverFile,bool>
      |                                           ^~~~~~~~~~~~~~~
/usr/include/c++/13/bits/stl_function.h:131:12: note: declared here
  131 |     struct binary_function
      |            ^~~~~~~~~~~~~~~
ImageList.cpp:1414:40: warning: ‘template<class _Arg1, class _Arg2, class _Result> struct std::binary_function’ is deprecated [-Wdeprecated-declarations]
 1414 | class SortByDateModified : public std::binary_function<QuiverFile,QuiverFile,bool>
      |                                        ^~~~~~~~~~~~~~~
/usr/include/c++/13/bits/stl_function.h:131:12: note: declared here
  131 |     struct binary_function
      |            ^~~~~~~~~~~~~~~
ImageList.cpp:1436:32: warning: ‘template<class _Arg1, class _Arg2, class _Result> struct std::binary_function’ is deprecated [-Wdeprecated-declarations]
 1436 | class SortByDate : public std::binary_function<QuiverFile,QuiverFile,bool>
      |                                ^~~~~~~~~~~~~~~
/usr/include/c++/13/bits/stl_function.h:131:12: note: declared here
  131 |     struct binary_function
      |            ^~~~~~~~~~~~~~~
ImageList.cpp: In member function ‘void ImageList::ImageListImpl::Sort(ImageList::SortBy, bool, bool)’:
ImageList.cpp:1502:44: warning: ‘void std::random_shuffle(_RAIter, _RAIter) [with _RAIter = __gnu_cxx::__normal_iterator<QuiverFile*, vector<QuiverFile> >]’ is deprecated: use 'std::shuffle' instead [-Wdeprecated-declarations]
 1502 |                         std::random_shuffle(m_QuiverFileList.begin(), m_QuiverFileList.end());
      |                         ~~~~~~~~~~~~~~~~~~~^~~~~~~~~~~~~~~~~~~~~~~~~~~~~~~~~~~~~~~~~~~~~~~~~~
In file included from /usr/include/c++/13/algorithm:61,
                 from ImageList.cpp:4:
/usr/include/c++/13/bits/stl_algo.h:4581:5: note: declared here
 4581 |     random_shuffle(_RandomAccessIterator __first, _RandomAccessIterator __last)
      |     ^~~~~~~~~~~~~~
ImageLoader.cpp: In constructor ‘ImageLoader::ImageLoader()’:
ImageLoader.cpp:55:36: warning: ‘GMutex* g_mutex_new()’ is deprecated [-Wdeprecated-declarations]
   55 |         m_csObservers = g_mutex_new();
      |                         ~~~~~~~~~~~^~
In file included from /usr/include/glib-2.0/glib.h:115,
                 from /usr/include/glib-2.0/gobject/gbinding.h:30,
                 from /usr/include/glib-2.0/glib-object.h:24,
                 from /usr/include/glib-2.0/gio/gioenums.h:30,
                 from /usr/include/glib-2.0/gio/giotypes.h:30,
                 from /usr/include/glib-2.0/gio/gio.h:28,
                 from QuiverFile.h:7,
                 from ImageLoader.h:13,
                 from ImageLoader.cpp:3:
/usr/include/glib-2.0/glib/deprecated/gthread.h:283:17: note: declared here
  283 | GMutex *        g_mutex_new             (void);
      |                 ^~~~~~~~~~~
ImageLoader.cpp: In destructor ‘virtual ImageLoader::~ImageLoader()’:
ImageLoader.cpp:83:21: warning: ‘void g_mutex_free(GMutex*)’ is deprecated [-Wdeprecated-declarations]
   83 |         g_mutex_free(m_csObservers);
      |         ~~~~~~~~~~~~^~~~~~~~~~~~~~~
/usr/include/glib-2.0/glib/deprecated/gthread.h:285:17: note: declared here
  285 | void            g_mutex_free            (GMutex *mutex);
      |                 ^~~~~~~~~~~~
ImageLoader.cpp: In member function ‘int ImageLoader::Run()’:
ImageLoader.cpp:136:30: warning: ‘int pthread_yield()’ is deprecated: pthread_yield is deprecated, use sched_yield instead [-Wdeprecated-declarations]
  136 |                 pthread_yield();
      |                 ~~~~~~~~~~~~~^~
In file included from /usr/include/features.h:502,
                 from /usr/include/pthread.h:21,
                 from ImageLoader.h:4:
/usr/include/pthread.h:479:12: note: declared here
  479 | extern int __REDIRECT_NTH (pthread_yield, (void), sched_yield)
      |            ^~~~~~~~~~~~~~
IconViewThumbLoader.cpp: In destructor ‘virtual IconViewThumbLoader::~IconViewThumbLoader()’:
IconViewThumbLoader.cpp:45:34: warning: ‘void gdk_threads_leave()’ is deprecated [-Wdeprecated-declarations]
   45 |                 gdk_threads_leave();
      |                 ~~~~~~~~~~~~~~~~~^~
In file included from /usr/include/gtk-3.0/gdk/gdk.h:61,
                 from /usr/include/gtk-3.0/gtk/gtk.h:30,
                 from IconViewThumbLoader.h:6,
                 from IconViewThumbLoader.cpp:1:
/usr/include/gtk-3.0/gdk/gdkthreads.h:48:10: note: declared here
   48 | void     gdk_threads_leave                    (void);
      |          ^~~~~~~~~~~~~~~~~
IconViewThumbLoader.cpp: In member function ‘void IconViewThumbLoader::Run(int)’:
IconViewThumbLoader.cpp:248:38: warning: ‘int pthread_yield()’ is deprecated: pthread_yield is deprecated, use sched_yield instead [-Wdeprecated-declarations]
  248 |                         pthread_yield();
      |                         ~~~~~~~~~~~~~^~
In file included from /usr/include/features.h:502,
                 from /usr/include/pthread.h:21,
                 from IconViewThumbLoader.h:4:
/usr/include/pthread.h:479:12: note: declared here
  479 | extern int __REDIRECT_NTH (pthread_yield, (void), sched_yield)
      |            ^~~~~~~~~~~~~~
depbase=`echo ImageSaveManager.o | sed 's|[^/]*$|.deps/&|;s|\.o$||'`;\
g++ -DHAVE_CONFIG_H -I. -I..  -I.. -DPACKAGE_LOCALE_DIR=\""/usr/local/share/locale"\" -DPACKAGE_SRC_DIR=\""."\" -DPACKAGE_DATA_DIR=\""/usr/local/share"\" -DQUIVER_DATADIR=\""/app/data"\" -I/usr/include/gtk-3.0 -I/usr/include/pango-1.0 -I/usr/include/glib-2.0 -I/usr/lib/x86_64-linux-gnu/glib-2.0/include -I/usr/include/harfbuzz -I/usr/include/freetype2 -I/usr/include/libpng16 -I/usr/include/libmount -I/usr/include/blkid -I/usr/include/fribidi -I/usr/include/cairo -I/usr/include/pixman-1 -I/usr/include/gdk-pixbuf-2.0 -I/usr/include/x86_64-linux-gnu -I/usr/include/webp -I/usr/include/gio-unix-2.0 -I/usr/include/atk-1.0 -I/usr/include/at-spi2-atk/2.0 -I/usr/include/at-spi-2.0 -I/usr/include/dbus-1.0 -I/usr/lib/x86_64-linux-gnu/dbus-1.0/include -pthread        -I/usr/include   -I/usr/include/gstreamer-1.0 -I/usr/include/glib-2.0 -I/usr/lib/x86_64-linux-gnu/glib-2.0/include -I/usr/include/x86_64-linux-gnu -I/usr/include/orc-0.4 -pthread  -Wall    -Wincompatible-pointer-types -Werror=incompatible-pointer-types -Werror=int-conversion -Werror=implicit-function-declaration -Wwrite-strings -MT ImageSaveManager.o -MD -MP -MF $depbase.Tpo -c -o ImageSaveManager.o ImageSaveManager.cpp &&\
mv -f $depbase.Tpo $depbase.Po
cc1plus: warning: command-line option ‘-Wincompatible-pointer-types’ is valid for C/ObjC but not for C++
cc1plus: warning: ‘-Werror=’ argument ‘-Werror=incompatible-pointer-types’ is not valid for C++
cc1plus: warning: ‘-Werror=’ argument ‘-Werror=int-conversion’ is not valid for C++
cc1plus: warning: ‘-Werror=’ argument ‘-Werror=implicit-function-declaration’ is not valid for C++
depbase=`echo QuiverFile.o | sed 's|[^/]*$|.deps/&|;s|\.o$||'`;\
g++ -DHAVE_CONFIG_H -I. -I..  -I.. -DPACKAGE_LOCALE_DIR=\""/usr/local/share/locale"\" -DPACKAGE_SRC_DIR=\""."\" -DPACKAGE_DATA_DIR=\""/usr/local/share"\" -DQUIVER_DATADIR=\""/app/data"\" -I/usr/include/gtk-3.0 -I/usr/include/pango-1.0 -I/usr/include/glib-2.0 -I/usr/lib/x86_64-linux-gnu/glib-2.0/include -I/usr/include/harfbuzz -I/usr/include/freetype2 -I/usr/include/libpng16 -I/usr/include/libmount -I/usr/include/blkid -I/usr/include/fribidi -I/usr/include/cairo -I/usr/include/pixman-1 -I/usr/include/gdk-pixbuf-2.0 -I/usr/include/x86_64-linux-gnu -I/usr/include/webp -I/usr/include/gio-unix-2.0 -I/usr/include/atk-1.0 -I/usr/include/at-spi2-atk/2.0 -I/usr/include/at-spi-2.0 -I/usr/include/dbus-1.0 -I/usr/lib/x86_64-linux-gnu/dbus-1.0/include -pthread        -I/usr/include   -I/usr/include/gstreamer-1.0 -I/usr/include/glib-2.0 -I/usr/lib/x86_64-linux-gnu/glib-2.0/include -I/usr/include/x86_64-linux-gnu -I/usr/include/orc-0.4 -pthread  -Wall    -Wincompatible-pointer-types -Werror=incompatible-pointer-types -Werror=int-conversion -Werror=implicit-function-declaration -Wwrite-strings -MT QuiverFile.o -MD -MP -MF $depbase.Tpo -c -o QuiverFile.o QuiverFile.cpp &&\
mv -f $depbase.Tpo $depbase.Po
cc1plus: warning: command-line option ‘-Wincompatible-pointer-types’ is valid for C/ObjC but not for C++
cc1plus: warning: ‘-Werror=’ argument ‘-Werror=incompatible-pointer-types’ is not valid for C++
cc1plus: warning: ‘-Werror=’ argument ‘-Werror=int-conversion’ is not valid for C++
cc1plus: warning: ‘-Werror=’ argument ‘-Werror=implicit-function-declaration’ is not valid for C++
depbase=`echo QuiverFileOps.o | sed 's|[^/]*$|.deps/&|;s|\.o$||'`;\
g++ -DHAVE_CONFIG_H -I. -I..  -I.. -DPACKAGE_LOCALE_DIR=\""/usr/local/share/locale"\" -DPACKAGE_SRC_DIR=\""."\" -DPACKAGE_DATA_DIR=\""/usr/local/share"\" -DQUIVER_DATADIR=\""/app/data"\" -I/usr/include/gtk-3.0 -I/usr/include/pango-1.0 -I/usr/include/glib-2.0 -I/usr/lib/x86_64-linux-gnu/glib-2.0/include -I/usr/include/harfbuzz -I/usr/include/freetype2 -I/usr/include/libpng16 -I/usr/include/libmount -I/usr/include/blkid -I/usr/include/fribidi -I/usr/include/cairo -I/usr/include/pixman-1 -I/usr/include/gdk-pixbuf-2.0 -I/usr/include/x86_64-linux-gnu -I/usr/include/webp -I/usr/include/gio-unix-2.0 -I/usr/include/atk-1.0 -I/usr/include/at-spi2-atk/2.0 -I/usr/include/at-spi-2.0 -I/usr/include/dbus-1.0 -I/usr/lib/x86_64-linux-gnu/dbus-1.0/include -pthread        -I/usr/include   -I/usr/include/gstreamer-1.0 -I/usr/include/glib-2.0 -I/usr/lib/x86_64-linux-gnu/glib-2.0/include -I/usr/include/x86_64-linux-gnu -I/usr/include/orc-0.4 -pthread  -Wall    -Wincompatible-pointer-types -Werror=incompatible-pointer-types -Werror=int-conversion -Werror=implicit-function-declaration -Wwrite-strings -MT QuiverFileOps.o -MD -MP -MF $depbase.Tpo -c -o QuiverFileOps.o QuiverFileOps.cpp &&\
mv -f $depbase.Tpo $depbase.Po
cc1plus: warning: command-line option ‘-Wincompatible-pointer-types’ is valid for C/ObjC but not for C++
cc1plus: warning: ‘-Werror=’ argument ‘-Werror=incompatible-pointer-types’ is not valid for C++
cc1plus: warning: ‘-Werror=’ argument ‘-Werror=int-conversion’ is not valid for C++
cc1plus: warning: ‘-Werror=’ argument ‘-Werror=implicit-function-declaration’ is not valid for C++
depbase=`echo PixbufLoaderObserver.o | sed 's|[^/]*$|.deps/&|;s|\.o$||'`;\
g++ -DHAVE_CONFIG_H -I. -I..  -I.. -DPACKAGE_LOCALE_DIR=\""/usr/local/share/locale"\" -DPACKAGE_SRC_DIR=\""."\" -DPACKAGE_DATA_DIR=\""/usr/local/share"\" -DQUIVER_DATADIR=\""/app/data"\" -I/usr/include/gtk-3.0 -I/usr/include/pango-1.0 -I/usr/include/glib-2.0 -I/usr/lib/x86_64-linux-gnu/glib-2.0/include -I/usr/include/harfbuzz -I/usr/include/freetype2 -I/usr/include/libpng16 -I/usr/include/libmount -I/usr/include/blkid -I/usr/include/fribidi -I/usr/include/cairo -I/usr/include/pixman-1 -I/usr/include/gdk-pixbuf-2.0 -I/usr/include/x86_64-linux-gnu -I/usr/include/webp -I/usr/include/gio-unix-2.0 -I/usr/include/atk-1.0 -I/usr/include/at-spi2-atk/2.0 -I/usr/include/at-spi-2.0 -I/usr/include/dbus-1.0 -I/usr/lib/x86_64-linux-gnu/dbus-1.0/include -pthread        -I/usr/include   -I/usr/include/gstreamer-1.0 -I/usr/include/glib-2.0 -I/usr/lib/x86_64-linux-gnu/glib-2.0/include -I/usr/include/x86_64-linux-gnu -I/usr/include/orc-0.4 -pthread  -Wall    -Wincompatible-pointer-types -Werror=incompatible-pointer-types -Werror=int-conversion -Werror=implicit-function-declaration -Wwrite-strings -MT PixbufLoaderObserver.o -MD -MP -MF $depbase.Tpo -c -o PixbufLoaderObserver.o PixbufLoaderObserver.cpp &&\
mv -f $depbase.Tpo $depbase.Po
cc1plus: warning: command-line option ‘-Wincompatible-pointer-types’ is valid for C/ObjC but not for C++
cc1plus: warning: ‘-Werror=’ argument ‘-Werror=incompatible-pointer-types’ is not valid for C++
cc1plus: warning: ‘-Werror=’ argument ‘-Werror=int-conversion’ is not valid for C++
cc1plus: warning: ‘-Werror=’ argument ‘-Werror=implicit-function-declaration’ is not valid for C++
depbase=`echo Timer.o | sed 's|[^/]*$|.deps/&|;s|\.o$||'`;\
g++ -DHAVE_CONFIG_H -I. -I..  -I.. -DPACKAGE_LOCALE_DIR=\""/usr/local/share/locale"\" -DPACKAGE_SRC_DIR=\""."\" -DPACKAGE_DATA_DIR=\""/usr/local/share"\" -DQUIVER_DATADIR=\""/app/data"\" -I/usr/include/gtk-3.0 -I/usr/include/pango-1.0 -I/usr/include/glib-2.0 -I/usr/lib/x86_64-linux-gnu/glib-2.0/include -I/usr/include/harfbuzz -I/usr/include/freetype2 -I/usr/include/libpng16 -I/usr/include/libmount -I/usr/include/blkid -I/usr/include/fribidi -I/usr/include/cairo -I/usr/include/pixman-1 -I/usr/include/gdk-pixbuf-2.0 -I/usr/include/x86_64-linux-gnu -I/usr/include/webp -I/usr/include/gio-unix-2.0 -I/usr/include/atk-1.0 -I/usr/include/at-spi2-atk/2.0 -I/usr/include/at-spi-2.0 -I/usr/include/dbus-1.0 -I/usr/lib/x86_64-linux-gnu/dbus-1.0/include -pthread        -I/usr/include   -I/usr/include/gstreamer-1.0 -I/usr/include/glib-2.0 -I/usr/lib/x86_64-linux-gnu/glib-2.0/include -I/usr/include/x86_64-linux-gnu -I/usr/include/orc-0.4 -pthread  -Wall    -Wincompatible-pointer-types -Werror=incompatible-pointer-types -Werror=int-conversion -Werror=implicit-function-declaration -Wwrite-strings -MT Timer.o -MD -MP -MF $depbase.Tpo -c -o Timer.o Timer.cpp &&\
mv -f $depbase.Tpo $depbase.Po
cc1plus: warning: command-line option ‘-Wincompatible-pointer-types’ is valid for C/ObjC but not for C++
cc1plus: warning: ‘-Werror=’ argument ‘-Werror=incompatible-pointer-types’ is not valid for C++
cc1plus: warning: ‘-Werror=’ argument ‘-Werror=int-conversion’ is not valid for C++
cc1plus: warning: ‘-Werror=’ argument ‘-Werror=implicit-function-declaration’ is not valid for C++
QuiverFileOps.cpp: In function ‘bool QuiverFileOps::RestoreFromTrash(QuiverFile)’:
QuiverFileOps.cpp:75:9: warning: no return statement in function returning non-void [-Wreturn-type]
   75 |         }
      |         ^
QuiverFileOps.cpp: In function ‘bool QuiverFileOps::CopyFile(QuiverFile, QuiverFile)’:
QuiverFileOps.cpp:80:9: warning: no return statement in function returning non-void [-Wreturn-type]
   80 |         }
      |         ^
QuiverFileOps.cpp: In function ‘bool QuiverFileOps::MoveFile(QuiverFile, QuiverFile)’:
QuiverFileOps.cpp:85:9: warning: no return statement in function returning non-void [-Wreturn-type]
   85 |         }
      |         ^
depbase=`echo Browser.o | sed 's|[^/]*$|.deps/&|;s|\.o$||'`;\
g++ -DHAVE_CONFIG_H -I. -I..  -I.. -DPACKAGE_LOCALE_DIR=\""/usr/local/share/locale"\" -DPACKAGE_SRC_DIR=\""."\" -DPACKAGE_DATA_DIR=\""/usr/local/share"\" -DQUIVER_DATADIR=\""/app/data"\" -I/usr/include/gtk-3.0 -I/usr/include/pango-1.0 -I/usr/include/glib-2.0 -I/usr/lib/x86_64-linux-gnu/glib-2.0/include -I/usr/include/harfbuzz -I/usr/include/freetype2 -I/usr/include/libpng16 -I/usr/include/libmount -I/usr/include/blkid -I/usr/include/fribidi -I/usr/include/cairo -I/usr/include/pixman-1 -I/usr/include/gdk-pixbuf-2.0 -I/usr/include/x86_64-linux-gnu -I/usr/include/webp -I/usr/include/gio-unix-2.0 -I/usr/include/atk-1.0 -I/usr/include/at-spi2-atk/2.0 -I/usr/include/at-spi-2.0 -I/usr/include/dbus-1.0 -I/usr/lib/x86_64-linux-gnu/dbus-1.0/include -pthread        -I/usr/include   -I/usr/include/gstreamer-1.0 -I/usr/include/glib-2.0 -I/usr/lib/x86_64-linux-gnu/glib-2.0/include -I/usr/include/x86_64-linux-gnu -I/usr/include/orc-0.4 -pthread  -Wall    -Wincompatible-pointer-types -Werror=incompatible-pointer-types -Werror=int-conversion -Werror=implicit-function-declaration -Wwrite-strings -MT Browser.o -MD -MP -MF $depbase.Tpo -c -o Browser.o Browser.cpp &&\
mv -f $depbase.Tpo $depbase.Po
QuiverFile.cpp:935:20: warning: Deprecated pre-processor symbol: replace with "g_mutex_init"
  935 |         static GStaticMutex mutex = G_STATIC_MUTEX_INIT;
      |                    ^~~~~~~~~~~~~~~~~~~~~~~~~~~~~~~~~~~~~
QuiverFile.cpp:936:20: warning: Deprecated pre-processor symbol
  936 |         g_static_mutex_lock (&mutex);
      |                    ^~~~~~~~~~~~~~~~~~
QuiverFile.cpp:936:20: warning: Deprecated pre-processor symbol: replace with "g_mutex_lock"
  936 |         g_static_mutex_lock (&mutex);
      |                    ^~~~~~~~~~~~~~~~~~
QuiverFile.cpp:948:20: warning: Deprecated pre-processor symbol
  948 |         g_static_mutex_unlock (&mutex);
      |                    ^~~~~~~~~~~~~~~~~~~~
QuiverFile.cpp:948:20: warning: Deprecated pre-processor symbol: replace with "g_mutex_unlock"
  948 |         g_static_mutex_unlock (&mutex);
      |                    ^~~~~~~~~~~~~~~~~~~~
cc1plus: warning: command-line option ‘-Wincompatible-pointer-types’ is valid for C/ObjC but not for C++
cc1plus: warning: ‘-Werror=’ argument ‘-Werror=incompatible-pointer-types’ is not valid for C++
cc1plus: warning: ‘-Werror=’ argument ‘-Werror=int-conversion’ is not valid for C++
cc1plus: warning: ‘-Werror=’ argument ‘-Werror=implicit-function-declaration’ is not valid for C++
depbase=`echo Viewer.o | sed 's|[^/]*$|.deps/&|;s|\.o$||'`;\
g++ -DHAVE_CONFIG_H -I. -I..  -I.. -DPACKAGE_LOCALE_DIR=\""/usr/local/share/locale"\" -DPACKAGE_SRC_DIR=\""."\" -DPACKAGE_DATA_DIR=\""/usr/local/share"\" -DQUIVER_DATADIR=\""/app/data"\" -I/usr/include/gtk-3.0 -I/usr/include/pango-1.0 -I/usr/include/glib-2.0 -I/usr/lib/x86_64-linux-gnu/glib-2.0/include -I/usr/include/harfbuzz -I/usr/include/freetype2 -I/usr/include/libpng16 -I/usr/include/libmount -I/usr/include/blkid -I/usr/include/fribidi -I/usr/include/cairo -I/usr/include/pixman-1 -I/usr/include/gdk-pixbuf-2.0 -I/usr/include/x86_64-linux-gnu -I/usr/include/webp -I/usr/include/gio-unix-2.0 -I/usr/include/atk-1.0 -I/usr/include/at-spi2-atk/2.0 -I/usr/include/at-spi-2.0 -I/usr/include/dbus-1.0 -I/usr/lib/x86_64-linux-gnu/dbus-1.0/include -pthread        -I/usr/include   -I/usr/include/gstreamer-1.0 -I/usr/include/glib-2.0 -I/usr/lib/x86_64-linux-gnu/glib-2.0/include -I/usr/include/x86_64-linux-gnu -I/usr/include/orc-0.4 -pthread  -Wall    -Wincompatible-pointer-types -Werror=incompatible-pointer-types -Werror=int-conversion -Werror=implicit-function-declaration -Wwrite-strings -MT Viewer.o -MD -MP -MF $depbase.Tpo -c -o Viewer.o Viewer.cpp &&\
mv -f $depbase.Tpo $depbase.Po
cc1plus: warning: command-line option ‘-Wincompatible-pointer-types’ is valid for C/ObjC but not for C++
cc1plus: warning: ‘-Werror=’ argument ‘-Werror=incompatible-pointer-types’ is not valid for C++
cc1plus: warning: ‘-Werror=’ argument ‘-Werror=int-conversion’ is not valid for C++
cc1plus: warning: ‘-Werror=’ argument ‘-Werror=implicit-function-declaration’ is not valid for C++
depbase=`echo Statusbar.o | sed 's|[^/]*$|.deps/&|;s|\.o$||'`;\
g++ -DHAVE_CONFIG_H -I. -I..  -I.. -DPACKAGE_LOCALE_DIR=\""/usr/local/share/locale"\" -DPACKAGE_SRC_DIR=\""."\" -DPACKAGE_DATA_DIR=\""/usr/local/share"\" -DQUIVER_DATADIR=\""/app/data"\" -I/usr/include/gtk-3.0 -I/usr/include/pango-1.0 -I/usr/include/glib-2.0 -I/usr/lib/x86_64-linux-gnu/glib-2.0/include -I/usr/include/harfbuzz -I/usr/include/freetype2 -I/usr/include/libpng16 -I/usr/include/libmount -I/usr/include/blkid -I/usr/include/fribidi -I/usr/include/cairo -I/usr/include/pixman-1 -I/usr/include/gdk-pixbuf-2.0 -I/usr/include/x86_64-linux-gnu -I/usr/include/webp -I/usr/include/gio-unix-2.0 -I/usr/include/atk-1.0 -I/usr/include/at-spi2-atk/2.0 -I/usr/include/at-spi-2.0 -I/usr/include/dbus-1.0 -I/usr/lib/x86_64-linux-gnu/dbus-1.0/include -pthread        -I/usr/include   -I/usr/include/gstreamer-1.0 -I/usr/include/glib-2.0 -I/usr/lib/x86_64-linux-gnu/glib-2.0/include -I/usr/include/x86_64-linux-gnu -I/usr/include/orc-0.4 -pthread  -Wall    -Wincompatible-pointer-types -Werror=incompatible-pointer-types -Werror=int-conversion -Werror=implicit-function-declaration -Wwrite-strings -MT Statusbar.o -MD -MP -MF $depbase.Tpo -c -o Statusbar.o Statusbar.cpp &&\
mv -f $depbase.Tpo $depbase.Po
cc1plus: warning: command-line option ‘-Wincompatible-pointer-types’ is valid for C/ObjC but not for C++
cc1plus: warning: ‘-Werror=’ argument ‘-Werror=incompatible-pointer-types’ is not valid for C++
cc1plus: warning: ‘-Werror=’ argument ‘-Werror=int-conversion’ is not valid for C++
cc1plus: warning: ‘-Werror=’ argument ‘-Werror=implicit-function-declaration’ is not valid for C++
Browser.cpp:269:1: warning: invalid suffix on literal; C++11 requires a space between literal and string macro [-Wliteral-suffix]
  269 | "                               <menuitem action='"ACTION_BROWSER_OPEN_LOCATION"'/>"
      | ^
Browser.cpp:277:1: warning: invalid suffix on literal; C++11 requires a space between literal and string macro [-Wliteral-suffix]
  277 | "                               <menuitem action='"ACTION_BROWSER_COPY"'/>"
      | ^
Browser.cpp:288:1: warning: invalid suffix on literal; C++11 requires a space between literal and string macro [-Wliteral-suffix]
  288 | "                               <menuitem action='"ACTION_BROWSER_TRASH"'/>"
      | ^
Browser.cpp:293:1: warning: invalid suffix on literal; C++11 requires a space between literal and string macro [-Wliteral-suffix]
  293 | "                               <menuitem action='"ACTION_BROWSER_VIEW_SIDEBAR"'/>"
      | ^
Browser.cpp:294:1: warning: invalid suffix on literal; C++11 requires a space between literal and string macro [-Wliteral-suffix]
  294 | "                               <menuitem action='"ACTION_BROWSER_VIEW_PREVIEW"'/>"
      | ^
Browser.cpp:296:1: warning: invalid suffix on literal; C++11 requires a space between literal and string macro [-Wliteral-suffix]
  296 | "                       <menuitem action='"ACTION_BROWSER_RELOAD"'/>"
      | ^
Browser.cpp:300:1: warning: invalid suffix on literal; C++11 requires a space between literal and string macro [-Wliteral-suffix]
  300 | "                               <menuitem action='"ACTION_BROWSER_HISTORY_BACK"'/>"
      | ^
Browser.cpp:301:1: warning: invalid suffix on literal; C++11 requires a space between literal and string macro [-Wliteral-suffix]
  301 | "                               <menuitem action='"ACTION_BROWSER_HISTORY_FORWARD"'/>"
      | ^
Browser.cpp:312:1: warning: invalid suffix on literal; C++11 requires a space between literal and string macro [-Wliteral-suffix]
  312 | "                       <toolitem action='"ACTION_BROWSER_HISTORY_BACK"'/>"
      | ^
Browser.cpp:313:1: warning: invalid suffix on literal; C++11 requires a space between literal and string macro [-Wliteral-suffix]
  313 | "                       <toolitem action='"ACTION_BROWSER_HISTORY_FORWARD"'/>"
      | ^
Browser.cpp:320:1: warning: invalid suffix on literal; C++11 requires a space between literal and string macro [-Wliteral-suffix]
  320 | "                       <toolitem action='"ACTION_BROWSER_VIEW_SIDEBAR"'/>"
      | ^
Browser.cpp:323:1: warning: invalid suffix on literal; C++11 requires a space between literal and string macro [-Wliteral-suffix]
  323 | "                       <toolitem action='"ACTION_BROWSER_TRASH"'/>"
      | ^
Browser.cpp:327:1: warning: invalid suffix on literal; C++11 requires a space between literal and string macro [-Wliteral-suffix]
  327 | "               <menuitem action='"ACTION_BROWSER_COPY"'/>"
      | ^
Browser.cpp:328:1: warning: invalid suffix on literal; C++11 requires a space between literal and string macro [-Wliteral-suffix]
  328 | "               <menuitem action='"ACTION_BROWSER_TRASH"'/>"
      | ^
QuiverFile.cpp: In member function ‘GdkPixbuf* QuiverFile::QuiverFileImpl::GetThumbnail(int)’:
QuiverFile.cpp:557:42: warning: ‘GTimeVal’ is deprecated: Use 'GDateTime' instead [-Wdeprecated-declarations]
  557 |                                 GTimeVal tv;
      |                                          ^~
In file included from /usr/include/glib-2.0/glib/galloca.h:34,
                 from /usr/include/glib-2.0/glib.h:32,
                 from QuiverFile.cpp:3:
/usr/include/glib-2.0/glib/gtypes.h:578:26: note: declared here
  578 | typedef struct _GTimeVal GTimeVal GLIB_DEPRECATED_TYPE_IN_2_62_FOR(GDateTime);
      |                          ^~~~~~~~
QuiverFile.cpp:558:66: warning: ‘void g_file_info_get_modification_time(GFileInfo*, GTimeVal*)’ is deprecated: Use 'g_file_info_get_modification_date_time' instead [-Wdeprecated-declarations]
  558 |                                 g_file_info_get_modification_time(gFileInfo, &tv);
      |                                 ~~~~~~~~~~~~~~~~~~~~~~~~~~~~~~~~~^~~~~~~~~~~~~~~~
In file included from /usr/include/glib-2.0/gio/gio.h:85,
                 from /usr/include/gdk-pixbuf-2.0/gdk-pixbuf/gdk-pixbuf-core.h:33,
                 from /usr/include/gdk-pixbuf-2.0/gdk-pixbuf/gdk-pixbuf-io.h:37,
                 from QuiverFile.cpp:6:
/usr/include/glib-2.0/gio/gfileinfo.h:1438:19: note: declared here
 1438 | void              g_file_info_get_modification_time  (GFileInfo         *info,
      |                   ^~~~~~~~~~~~~~~~~~~~~~~~~~~~~~~~~
QuiverFile.cpp:701:50: warning: comparison of integer expressions of different signedness: ‘guint’ {aka ‘unsigned int’} and ‘int’ [-Wsign-compare]
  701 |                                 if (pixbuf_width > size || pixbuf_height > size)
      |                                     ~~~~~~~~~~~~~^~~~~~
QuiverFile.cpp:701:74: warning: comparison of integer expressions of different signedness: ‘guint’ {aka ‘unsigned int’} and ‘int’ [-Wsign-compare]
  701 |                                 if (pixbuf_width > size || pixbuf_height > size)
      |                                                            ~~~~~~~~~~~~~~^~~~~~
QuiverFile.cpp:734:63: warning: comparison of integer expressions of different signedness: ‘int’ and ‘guint’ {aka ‘unsigned int’} [-Wsign-compare]
  734 |                                                 while (dest_y < pixbuf_height)
      |                                                        ~~~~~~~^~~~~~~~~~~~~~~
QuiverFile.cpp:736:72: warning: comparison of integer expressions of different signedness: ‘int’ and ‘guint’ {aka ‘unsigned int’} [-Wsign-compare]
  736 |                                                         if (dest_y + h > pixbuf_height)
      |                                                             ~~~~~~~~~~~^~~~~~~~~~~~~~~
QuiverFile.cpp:758:63: warning: comparison of integer expressions of different signedness: ‘int’ and ‘guint’ {aka ‘unsigned int’} [-Wsign-compare]
  758 |                                                 while (dest_y < pixbuf_height)
      |                                                        ~~~~~~~^~~~~~~~~~~~~~~
QuiverFile.cpp:760:72: warning: comparison of integer expressions of different signedness: ‘int’ and ‘guint’ {aka ‘unsigned int’} [-Wsign-compare]
  760 |                                                         if (dest_y + h > pixbuf_height)
      |                                                             ~~~~~~~~~~~^~~~~~~~~~~~~~~
QuiverFile.cpp:816:81: warning: format ‘%s’ expects a matching ‘char*’ argument [-Wformat=]
  816 |                                                         printf("error with %s: %s\n",tmp_error->message);
      |                                                                                ~^
      |                                                                                 |
      |                                                                                 char*
QuiverFile.cpp:891:26: warning: ‘GTimeVal’ is deprecated: Use 'GDateTime' instead [-Wdeprecated-declarations]
  891 |                 GTimeVal tv;
      |                          ^~
/usr/include/glib-2.0/glib/gtypes.h:578:26: note: declared here
  578 | typedef struct _GTimeVal GTimeVal GLIB_DEPRECATED_TYPE_IN_2_62_FOR(GDateTime);
      |                          ^~~~~~~~
QuiverFile.cpp:892:50: warning: ‘void g_file_info_get_modification_time(GFileInfo*, GTimeVal*)’ is deprecated: Use 'g_file_info_get_modification_date_time' instead [-Wdeprecated-declarations]
  892 |                 g_file_info_get_modification_time(gFileInfo, &tv);
      |                 ~~~~~~~~~~~~~~~~~~~~~~~~~~~~~~~~~^~~~~~~~~~~~~~~~
/usr/include/glib-2.0/gio/gfileinfo.h:1438:19: note: declared here
 1438 | void              g_file_info_get_modification_time  (GFileInfo         *info,
      |                   ^~~~~~~~~~~~~~~~~~~~~~~~~~~~~~~~~
QuiverFile.cpp: In member function ‘void QuiverFile::QuiverFileImpl::SaveThumbnail(GdkPixbuf*, const char*, const char*, time_t, int, int, int)’:
QuiverFile.cpp:935:29: warning: ‘GStaticMutex’ is deprecated: Use 'GMutex' instead [-Wdeprecated-declarations]
  935 |         static GStaticMutex mutex = G_STATIC_MUTEX_INIT;
      |                             ^~~~~
In file included from /usr/include/glib-2.0/glib.h:115:
/usr/include/glib-2.0/glib/deprecated/gthread.h:144:3: note: declared here
  144 | } GStaticMutex GLIB_DEPRECATED_TYPE_IN_2_32_FOR(GMutex);
      |   ^~~~~~~~~~~~
/usr/include/glib-2.0/glib/deprecated/gthread.h:147:44: warning: ‘GMutex* g_static_mutex_get_mutex_impl(GStaticMutex*)’ is deprecated: Use 'GMutex' instead [-Wdeprecated-declarations]
  147 |     g_mutex_lock (g_static_mutex_get_mutex (mutex)) GLIB_DEPRECATED_MACRO_IN_2_32_FOR(g_mutex_lock)
      |                                            ^
QuiverFile.cpp:936:9: note: in expansion of macro ‘g_static_mutex_lock’
  936 |         g_static_mutex_lock (&mutex);
      |         ^~~~~~~~~~~~~~~~~~~
/usr/include/glib-2.0/glib/deprecated/gthread.h:158:9: note: declared here
  158 | GMutex *g_static_mutex_get_mutex_impl (GStaticMutex *mutex);
      |         ^~~~~~~~~~~~~~~~~~~~~~~~~~~~~
/usr/include/glib-2.0/glib/deprecated/gthread.h:151:46: warning: ‘GMutex* g_static_mutex_get_mutex_impl(GStaticMutex*)’ is deprecated: Use 'GMutex' instead [-Wdeprecated-declarations]
  151 |     g_mutex_unlock (g_static_mutex_get_mutex (mutex)) GLIB_DEPRECATED_MACRO_IN_2_32_FOR(g_mutex_unlock)
      |                                              ^
QuiverFile.cpp:948:9: note: in expansion of macro ‘g_static_mutex_unlock’
  948 |         g_static_mutex_unlock (&mutex);
      |         ^~~~~~~~~~~~~~~~~~~~~
/usr/include/glib-2.0/glib/deprecated/gthread.h:158:9: note: declared here
  158 | GMutex *g_static_mutex_get_mutex_impl (GStaticMutex *mutex);
      |         ^~~~~~~~~~~~~~~~~~~~~~~~~~~~~
QuiverFile.cpp: In member function ‘time_t QuiverFile::QuiverFileImpl::GetTimeT(bool)’:
QuiverFile.cpp:1149:57: warning: format ‘%d’ expects argument of type ‘int’, but argument 2 has type ‘time_t’ {aka ‘long int’} [-Wformat=]
 1149 |                                         printf("IS GMT %d - local %d - orig %d\n", m_cachedTimeT, g_date_time_to_unix(datetime));
      |                                                        ~^                          ~~~~~~~~~~~~~
      |                                                         |                          |
      |                                                         int                        time_t {aka long int}
      |                                                        %ld
QuiverFile.cpp:1149:68: warning: format ‘%d’ expects argument of type ‘int’, but argument 3 has type ‘gint64’ {aka ‘long int’} [-Wformat=]
 1149 |                                         printf("IS GMT %d - local %d - orig %d\n", m_cachedTimeT, g_date_time_to_unix(datetime));
      |                                                                   ~^                              ~~~~~~~~~~~~~~~~~~~~~~~~~~~~~
      |                                                                    |                                                 |
      |                                                                    int                                               gint64 {aka long int}
      |                                                                   %ld
QuiverFile.cpp:1149:78: warning: format ‘%d’ expects a matching ‘int’ argument [-Wformat=]
 1149 |                                         printf("IS GMT %d - local %d - orig %d\n", m_cachedTimeT, g_date_time_to_unix(datetime));
      |                                                                             ~^
      |                                                                              |
      |                                                                              int
QuiverFile.cpp:1156:31: warning: format not a string literal and no format arguments [-Wformat-security]
 1156 |                         printf(output);
      |                         ~~~~~~^~~~~~~~
QuiverFile.cpp:1170:34: warning: ‘GTimeVal’ is deprecated: Use 'GDateTime' instead [-Wdeprecated-declarations]
 1170 |                         GTimeVal tv;
      |                                  ^~
/usr/include/glib-2.0/glib/gtypes.h:578:26: note: declared here
  578 | typedef struct _GTimeVal GTimeVal GLIB_DEPRECATED_TYPE_IN_2_62_FOR(GDateTime);
      |                          ^~~~~~~~
QuiverFile.cpp:1171:58: warning: ‘void g_file_info_get_modification_time(GFileInfo*, GTimeVal*)’ is deprecated: Use 'g_file_info_get_modification_date_time' instead [-Wdeprecated-declarations]
 1171 |                         g_file_info_get_modification_time(pInfo, &tv);
      |                         ~~~~~~~~~~~~~~~~~~~~~~~~~~~~~~~~~^~~~~~~~~~~~
/usr/include/glib-2.0/gio/gfileinfo.h:1438:19: note: declared here
 1438 | void              g_file_info_get_modification_time  (GFileInfo         *info,
      |                   ^~~~~~~~~~~~~~~~~~~~~~~~~~~~~~~~~
QuiverFile.cpp:1176:15: warning: format not a string literal and no format arguments [-Wformat-security]
 1176 |         printf(GetFilePath().c_str());
      |         ~~~~~~^~~~~~~~~~~~~~~~~~~~~~~
QuiverFile.cpp:1177:20: warning: format ‘%d’ expects argument of type ‘int’, but argument 2 has type ‘time_t’ {aka ‘long int’} [-Wformat=]
 1177 |         printf(": %d\n", m_cachedTimeT);
      |                   ~^     ~~~~~~~~~~~~~
      |                    |     |
      |                    int   time_t {aka long int}
      |                   %ld
QuiverFile.cpp: In function ‘void GetImageDimensions(const gchar*, const gchar*, gint*, gint*)’:
QuiverFile.cpp:1577:42: warning: unused variable ‘success’ [-Wunused-variable]
 1577 |                                 gboolean success
      |                                          ^~~~~~~
QuiverFile.cpp: In member function ‘GdkPixbuf* QuiverFile::GetIcon(int, int)’:
QuiverFile.cpp:1728:43: warning: ‘void gtk_icon_info_free(GtkIconInfo*)’ is deprecated: Use 'g_object_unref' instead [-Wdeprecated-declarations]
 1728 |                         gtk_icon_info_free(icon_info);
      |                         ~~~~~~~~~~~~~~~~~~^~~~~~~~~~~
In file included from /usr/include/gtk-3.0/gtk/gtk.h:126,
                 from QuiverUtils.h:4,
                 from QuiverFile.cpp:25:
/usr/include/gtk-3.0/gtk/gtkicontheme.h:284:23: note: declared here
  284 | void                  gtk_icon_info_free               (GtkIconInfo  *icon_info);
      |                       ^~~~~~~~~~~~~~~~~~
Viewer.cpp:181:1: warning: invalid suffix on literal; C++11 requires a space between literal and string macro [-Wliteral-suffix]
  181 | "                               <menuitem action='"ACTION_VIEWER_COPY"'/>"
      | ^
Viewer.cpp:184:1: warning: invalid suffix on literal; C++11 requires a space between literal and string macro [-Wliteral-suffix]
  184 | "                               <menuitem action='"ACTION_VIEWER_TRASH"'/>"
      | ^
Viewer.cpp:189:1: warning: invalid suffix on literal; C++11 requires a space between literal and string macro [-Wliteral-suffix]
  189 | "                               <menuitem action='"ACTION_VIEWER_VIEW_FILM_STRIP"'/>"
      | ^
Viewer.cpp:193:1: warning: invalid suffix on literal; C++11 requires a space between literal and string macro [-Wliteral-suffix]
  193 | "                                       <menuitem action='"ACTION_VIEWER_ZOOM_IN"'/>"
      | ^
Viewer.cpp:194:1: warning: invalid suffix on literal; C++11 requires a space between literal and string macro [-Wliteral-suffix]
  194 | "                                       <menuitem action='"ACTION_VIEWER_ZOOM_OUT"'/>"
      | ^
Viewer.cpp:195:1: warning: invalid suffix on literal; C++11 requires a space between literal and string macro [-Wliteral-suffix]
  195 | "                                       <menuitem action='"ACTION_VIEWER_ZOOM_100"'/>"
      | ^
Viewer.cpp:196:1: warning: invalid suffix on literal; C++11 requires a space between literal and string macro [-Wliteral-suffix]
  196 | "                                       <menuitem action='"ACTION_VIEWER_ZOOM_FIT"'/>"
      | ^
Viewer.cpp:197:1: warning: invalid suffix on literal; C++11 requires a space between literal and string macro [-Wliteral-suffix]
  197 | "                                       <menuitem action='"ACTION_VIEWER_ZOOM_FIT_STRETCH"'/>"
      | ^
Viewer.cpp:198:1: warning: invalid suffix on literal; C++11 requires a space between literal and string macro [-Wliteral-suffix]
  198 | "                                       <menuitem action='"ACTION_VIEWER_ZOOM_FILL_SCREEN"'/>"
      | ^
Viewer.cpp:201:1: warning: invalid suffix on literal; C++11 requires a space between literal and string macro [-Wliteral-suffix]
  201 | "                               <menuitem action='"ACTION_VIEWER_ROTATE_FOR_BEST_FIT"'/>"
      | ^
Viewer.cpp:206:1: warning: invalid suffix on literal; C++11 requires a space between literal and string macro [-Wliteral-suffix]
  206 | "                               <menuitem action='"ACTION_VIEWER_ROTATE_CW"'/>"
      | ^
Viewer.cpp:207:1: warning: invalid suffix on literal; C++11 requires a space between literal and string macro [-Wliteral-suffix]
  207 | "                               <menuitem action='"ACTION_VIEWER_ROTATE_CCW"'/>"
      | ^
Viewer.cpp:209:1: warning: invalid suffix on literal; C++11 requires a space between literal and string macro [-Wliteral-suffix]
  209 | "                               <menuitem action='"ACTION_VIEWER_FLIP_H"'/>"
      | ^
Viewer.cpp:210:1: warning: invalid suffix on literal; C++11 requires a space between literal and string macro [-Wliteral-suffix]
  210 | "                               <menuitem action='"ACTION_VIEWER_FLIP_V"'/>"
      | ^
Viewer.cpp:215:1: warning: invalid suffix on literal; C++11 requires a space between literal and string macro [-Wliteral-suffix]
  215 | "                               <menuitem action='"ACTION_VIEWER_FIRST"'/>"
      | ^
Viewer.cpp:216:1: warning: invalid suffix on literal; C++11 requires a space between literal and string macro [-Wliteral-suffix]
  216 | "                               <menuitem action='"ACTION_VIEWER_PREVIOUS"'/>"
      | ^
Viewer.cpp:217:1: warning: invalid suffix on literal; C++11 requires a space between literal and string macro [-Wliteral-suffix]
  217 | "                               <menuitem action='"ACTION_VIEWER_NEXT"'/>"
      | ^
Viewer.cpp:218:1: warning: invalid suffix on literal; C++11 requires a space between literal and string macro [-Wliteral-suffix]
  218 | "                               <menuitem action='"ACTION_VIEWER_LAST"'/>"
      | ^
Viewer.cpp:232:1: warning: invalid suffix on literal; C++11 requires a space between literal and string macro [-Wliteral-suffix]
  232 | "                       <toolitem action='"ACTION_VIEWER_PREVIOUS"'/>"
      | ^
Viewer.cpp:233:1: warning: invalid suffix on literal; C++11 requires a space between literal and string macro [-Wliteral-suffix]
  233 | "                       <toolitem action='"ACTION_VIEWER_NEXT"'/>"
      | ^
Viewer.cpp:237:1: warning: invalid suffix on literal; C++11 requires a space between literal and string macro [-Wliteral-suffix]
  237 | "                       <toolitem action='"ACTION_VIEWER_ZOOM_IN"'/>"
      | ^
Viewer.cpp:238:1: warning: invalid suffix on literal; C++11 requires a space between literal and string macro [-Wliteral-suffix]
  238 | "                       <toolitem action='"ACTION_VIEWER_ZOOM_OUT"'/>"
      | ^
Viewer.cpp:239:1: warning: invalid suffix on literal; C++11 requires a space between literal and string macro [-Wliteral-suffix]
  239 | "                       <toolitem action='"ACTION_VIEWER_ZOOM_100"'/>"
      | ^
Viewer.cpp:240:1: warning: invalid suffix on literal; C++11 requires a space between literal and string macro [-Wliteral-suffix]
  240 | "                       <toolitem action='"ACTION_VIEWER_ZOOM_FIT"'/>"
      | ^
Viewer.cpp:248:1: warning: invalid suffix on literal; C++11 requires a space between literal and string macro [-Wliteral-suffix]
  248 | "                       <toolitem action='"ACTION_VIEWER_ROTATE_CCW"'/>"
      | ^
Viewer.cpp:249:1: warning: invalid suffix on literal; C++11 requires a space between literal and string macro [-Wliteral-suffix]
  249 | "                       <toolitem action='"ACTION_VIEWER_ROTATE_CW"'/>"
      | ^
Viewer.cpp:252:1: warning: invalid suffix on literal; C++11 requires a space between literal and string macro [-Wliteral-suffix]
  252 | "                       <toolitem action='"ACTION_VIEWER_TRASH"'/>"
      | ^
Viewer.cpp:256:1: warning: invalid suffix on literal; C++11 requires a space between literal and string macro [-Wliteral-suffix]
  256 | "               <menuitem action='"ACTION_VIEWER_COPY"'/>"
      | ^
Viewer.cpp:258:1: warning: invalid suffix on literal; C++11 requires a space between literal and string macro [-Wliteral-suffix]
  258 | "               <menuitem action='"ACTION_VIEWER_ROTATE_CCW"'/>"
      | ^
Viewer.cpp:259:1: warning: invalid suffix on literal; C++11 requires a space between literal and string macro [-Wliteral-suffix]
  259 | "               <menuitem action='"ACTION_VIEWER_ROTATE_CW"'/>"
      | ^
Viewer.cpp:261:1: warning: invalid suffix on literal; C++11 requires a space between literal and string macro [-Wliteral-suffix]
  261 | "               <menuitem action='"ACTION_VIEWER_TRASH"'/>"
      | ^
Viewer.cpp:263:1: warning: invalid suffix on literal; C++11 requires a space between literal and string macro [-Wliteral-suffix]
  263 | "       <accelerator action='"ACTION_VIEWER_ROTATE_CW_2"'/>"
      | ^
Viewer.cpp:264:1: warning: invalid suffix on literal; C++11 requires a space between literal and string macro [-Wliteral-suffix]
  264 | "       <accelerator action='"ACTION_VIEWER_ROTATE_CCW_2"'/>"
      | ^
Viewer.cpp:265:1: warning: invalid suffix on literal; C++11 requires a space between literal and string macro [-Wliteral-suffix]
  265 | "       <accelerator action='"ACTION_VIEWER_FLIP_H_2"'/>"
      | ^
Viewer.cpp:266:1: warning: invalid suffix on literal; C++11 requires a space between literal and string macro [-Wliteral-suffix]
  266 | "       <accelerator action='"ACTION_VIEWER_FLIP_V_2"'/>"
      | ^
Viewer.cpp:267:1: warning: invalid suffix on literal; C++11 requires a space between literal and string macro [-Wliteral-suffix]
  267 | "       <accelerator action='"ACTION_VIEWER_PREVIOUS_2"'/>"
      | ^
Viewer.cpp:268:1: warning: invalid suffix on literal; C++11 requires a space between literal and string macro [-Wliteral-suffix]
  268 | "       <accelerator action='"ACTION_VIEWER_NEXT_2"'/>"
      | ^
Viewer.cpp:269:1: warning: invalid suffix on literal; C++11 requires a space between literal and string macro [-Wliteral-suffix]
  269 | "       <accelerator action='"ACTION_VIEWER_VIDEO_PLAY"'/>"
      | ^
Viewer.cpp:270:1: warning: invalid suffix on literal; C++11 requires a space between literal and string macro [-Wliteral-suffix]
  270 | "       <accelerator action='"ACTION_VIEWER_VIDEO_PLAY_2"'/>"
      | ^
Viewer.cpp:271:1: warning: invalid suffix on literal; C++11 requires a space between literal and string macro [-Wliteral-suffix]
  271 | "       <accelerator action='"ACTION_VIEWER_VIDEO_SKIP_FORWARD"'/>"
      | ^
Viewer.cpp:272:1: warning: invalid suffix on literal; C++11 requires a space between literal and string macro [-Wliteral-suffix]
  272 | "       <accelerator action='"ACTION_VIEWER_VIDEO_SKIP_BACK"'/>"
      | ^
Statusbar.cpp: In function ‘gboolean idle_update_progress(gpointer)’:
Statusbar.cpp:366:26: warning: ‘void gdk_threads_enter()’ is deprecated [-Wdeprecated-declarations]
  366 |         gdk_threads_enter();
      |         ~~~~~~~~~~~~~~~~~^~
In file included from /usr/include/gtk-3.0/gdk/gdk.h:61,
                 from /usr/include/gtk-3.0/gtk/gtk.h:30,
                 from IPixbufLoaderObserver.h:4,
                 from PixbufLoaderObserver.h:6,
                 from Statusbar.h:5,
                 from Statusbar.cpp:3:
/usr/include/gtk-3.0/gdk/gdkthreads.h:46:10: note: declared here
   46 | void     gdk_threads_enter                    (void);
      |          ^~~~~~~~~~~~~~~~~
Statusbar.cpp:370:26: warning: ‘void gdk_threads_leave()’ is deprecated [-Wdeprecated-declarations]
  370 |         gdk_threads_leave();
      |         ~~~~~~~~~~~~~~~~~^~
/usr/include/gtk-3.0/gdk/gdkthreads.h:48:10: note: declared here
   48 | void     gdk_threads_leave                    (void);
      |          ^~~~~~~~~~~~~~~~~
Statusbar.cpp: In function ‘gboolean progress_bar_pulse(gpointer)’:
Statusbar.cpp:457:26: warning: ‘void gdk_threads_enter()’ is deprecated [-Wdeprecated-declarations]
  457 |         gdk_threads_enter();
      |         ~~~~~~~~~~~~~~~~~^~
/usr/include/gtk-3.0/gdk/gdkthreads.h:46:10: note: declared here
   46 | void     gdk_threads_enter                    (void);
      |          ^~~~~~~~~~~~~~~~~
Statusbar.cpp:459:26: warning: ‘void gdk_threads_leave()’ is deprecated [-Wdeprecated-declarations]
  459 |         gdk_threads_leave();
      |         ~~~~~~~~~~~~~~~~~^~
/usr/include/gtk-3.0/gdk/gdkthreads.h:48:10: note: declared here
   48 | void     gdk_threads_leave                    (void);
      |          ^~~~~~~~~~~~~~~~~
depbase=`echo QuiverUtils.o | sed 's|[^/]*$|.deps/&|;s|\.o$||'`;\
g++ -DHAVE_CONFIG_H -I. -I..  -I.. -DPACKAGE_LOCALE_DIR=\""/usr/local/share/locale"\" -DPACKAGE_SRC_DIR=\""."\" -DPACKAGE_DATA_DIR=\""/usr/local/share"\" -DQUIVER_DATADIR=\""/app/data"\" -I/usr/include/gtk-3.0 -I/usr/include/pango-1.0 -I/usr/include/glib-2.0 -I/usr/lib/x86_64-linux-gnu/glib-2.0/include -I/usr/include/harfbuzz -I/usr/include/freetype2 -I/usr/include/libpng16 -I/usr/include/libmount -I/usr/include/blkid -I/usr/include/fribidi -I/usr/include/cairo -I/usr/include/pixman-1 -I/usr/include/gdk-pixbuf-2.0 -I/usr/include/x86_64-linux-gnu -I/usr/include/webp -I/usr/include/gio-unix-2.0 -I/usr/include/atk-1.0 -I/usr/include/at-spi2-atk/2.0 -I/usr/include/at-spi-2.0 -I/usr/include/dbus-1.0 -I/usr/lib/x86_64-linux-gnu/dbus-1.0/include -pthread        -I/usr/include   -I/usr/include/gstreamer-1.0 -I/usr/include/glib-2.0 -I/usr/lib/x86_64-linux-gnu/glib-2.0/include -I/usr/include/x86_64-linux-gnu -I/usr/include/orc-0.4 -pthread  -Wall    -Wincompatible-pointer-types -Werror=incompatible-pointer-types -Werror=int-conversion -Werror=implicit-function-declaration -Wwrite-strings -MT QuiverUtils.o -MD -MP -MF $depbase.Tpo -c -o QuiverUtils.o QuiverUtils.cpp &&\
mv -f $depbase.Tpo $depbase.Po
cc1plus: warning: command-line option ‘-Wincompatible-pointer-types’ is valid for C/ObjC but not for C++
cc1plus: warning: ‘-Werror=’ argument ‘-Werror=incompatible-pointer-types’ is not valid for C++
cc1plus: warning: ‘-Werror=’ argument ‘-Werror=int-conversion’ is not valid for C++
cc1plus: warning: ‘-Werror=’ argument ‘-Werror=implicit-function-declaration’ is not valid for C++
depbase=`echo QuiverStockIcons.o | sed 's|[^/]*$|.deps/&|;s|\.o$||'`;\
g++ -DHAVE_CONFIG_H -I. -I..  -I.. -DPACKAGE_LOCALE_DIR=\""/usr/local/share/locale"\" -DPACKAGE_SRC_DIR=\""."\" -DPACKAGE_DATA_DIR=\""/usr/local/share"\" -DQUIVER_DATADIR=\""/app/data"\" -I/usr/include/gtk-3.0 -I/usr/include/pango-1.0 -I/usr/include/glib-2.0 -I/usr/lib/x86_64-linux-gnu/glib-2.0/include -I/usr/include/harfbuzz -I/usr/include/freetype2 -I/usr/include/libpng16 -I/usr/include/libmount -I/usr/include/blkid -I/usr/include/fribidi -I/usr/include/cairo -I/usr/include/pixman-1 -I/usr/include/gdk-pixbuf-2.0 -I/usr/include/x86_64-linux-gnu -I/usr/include/webp -I/usr/include/gio-unix-2.0 -I/usr/include/atk-1.0 -I/usr/include/at-spi2-atk/2.0 -I/usr/include/at-spi-2.0 -I/usr/include/dbus-1.0 -I/usr/lib/x86_64-linux-gnu/dbus-1.0/include -pthread        -I/usr/include   -I/usr/include/gstreamer-1.0 -I/usr/include/glib-2.0 -I/usr/lib/x86_64-linux-gnu/glib-2.0/include -I/usr/include/x86_64-linux-gnu -I/usr/include/orc-0.4 -pthread  -Wall    -Wincompatible-pointer-types -Werror=incompatible-pointer-types -Werror=int-conversion -Werror=implicit-function-declaration -Wwrite-strings -MT QuiverStockIcons.o -MD -MP -MF $depbase.Tpo -c -o QuiverStockIcons.o QuiverStockIcons.cpp &&\
mv -f $depbase.Tpo $depbase.Po
cc1plus: warning: command-line option ‘-Wincompatible-pointer-types’ is valid for C/ObjC but not for C++
cc1plus: warning: ‘-Werror=’ argument ‘-Werror=incompatible-pointer-types’ is not valid for C++
cc1plus: warning: ‘-Werror=’ argument ‘-Werror=int-conversion’ is not valid for C++
cc1plus: warning: ‘-Werror=’ argument ‘-Werror=implicit-function-declaration’ is not valid for C++
In file included from /usr/include/boost/smart_ptr/detail/requires_cxx11.hpp:9,
                 from /usr/include/boost/smart_ptr/shared_ptr.hpp:17,
                 from /usr/include/boost/shared_ptr.hpp:17,
                 from Browser.h:4,
                 from Browser.cpp:19:
/usr/include/boost/bind.hpp:36:1: note: ‘#pragma message: The practice of declaring the Bind placeholders (_1, _2, ...) in the global namespace is deprecated. Please use <boost/bind/bind.hpp> + using namespace boost::placeholders, or define BOOST_BIND_GLOBAL_PLACEHOLDERS to retain the current behavior.’
   36 | BOOST_PRAGMA_MESSAGE(
      | ^~~~~~~~~~~~~~~~~~~~
QuiverUtils.cpp: In function ‘GtkAction* QuiverUtils::GetAction(GtkUIManager*, const char*)’:
QuiverUtils.cpp:13:73: warning: ‘GList* gtk_ui_manager_get_action_groups(GtkUIManager*)’ is deprecated [-Wdeprecated-declarations]
   13 |                 GList * action_groups = gtk_ui_manager_get_action_groups(ui);
      |                                         ~~~~~~~~~~~~~~~~~~~~~~~~~~~~~~~~^~~~
In file included from /usr/include/gtk-3.0/gtk/gtk.h:284,
                 from QuiverUtils.h:4,
                 from QuiverUtils.cpp:2:
/usr/include/gtk-3.0/gtk/deprecated/gtkuimanager.h:145:16: note: declared here
  145 | GList         *gtk_ui_manager_get_action_groups   (GtkUIManager          *manager);
      |                ^~~~~~~~~~~~~~~~~~~~~~~~~~~~~~~~
In file included from /usr/include/glib-2.0/gobject/gobject.h:26,
                 from /usr/include/glib-2.0/gobject/gbinding.h:31,
                 from /usr/include/glib-2.0/glib-object.h:24,
                 from /usr/include/glib-2.0/gio/gioenums.h:30,
                 from /usr/include/glib-2.0/gio/giotypes.h:30,
                 from /usr/include/glib-2.0/gio/gio.h:28,
                 from /usr/include/gtk-3.0/gdk/gdkapplaunchcontext.h:28,
                 from /usr/include/gtk-3.0/gdk/gdk.h:32,
                 from /usr/include/gtk-3.0/gtk/gtk.h:30:
/usr/include/gtk-3.0/gtk/deprecated/gtkactiongroup.h:41:71: warning: ‘GType gtk_action_group_get_type()’ is deprecated [-Wdeprecated-declarations]
   41 | #define GTK_TYPE_ACTION_GROUP              (gtk_action_group_get_type ())
      |                                             ~~~~~~~~~~~~~~~~~~~~~~~~~~^~
/usr/include/glib-2.0/gobject/gtype.h:2660:70: note: in definition of macro ‘_G_TYPE_CIC’
 2660 |     ((ct*) (void *) g_type_check_instance_cast ((GTypeInstance*) ip, gt))
      |                                                                      ^~
/usr/include/gtk-3.0/gtk/deprecated/gtkactiongroup.h:42:45: note: in expansion of macro ‘G_TYPE_CHECK_INSTANCE_CAST’
   42 | #define GTK_ACTION_GROUP(obj)              (G_TYPE_CHECK_INSTANCE_CAST ((obj), GTK_TYPE_ACTION_GROUP, GtkActionGroup))
      |                                             ^~~~~~~~~~~~~~~~~~~~~~~~~~
/usr/include/gtk-3.0/gtk/deprecated/gtkactiongroup.h:42:80: note: in expansion of macro ‘GTK_TYPE_ACTION_GROUP’
   42 | #define GTK_ACTION_GROUP(obj)              (G_TYPE_CHECK_INSTANCE_CAST ((obj), GTK_TYPE_ACTION_GROUP, GtkActionGroup))
      |                                                                                ^~~~~~~~~~~~~~~~~~~~~
QuiverUtils.cpp:17:63: note: in expansion of macro ‘GTK_ACTION_GROUP’
   17 |                         action = gtk_action_group_get_action (GTK_ACTION_GROUP(action_groups->data),action_name);
      |                                                               ^~~~~~~~~~~~~~~~
In file included from /usr/include/gtk-3.0/gtk/gtk.h:254:
/usr/include/gtk-3.0/gtk/deprecated/gtkactiongroup.h:173:17: note: declared here
  173 | GType           gtk_action_group_get_type                (void) G_GNUC_CONST;
      |                 ^~~~~~~~~~~~~~~~~~~~~~~~~
QuiverUtils.cpp:17:62: warning: ‘GtkAction* gtk_action_group_get_action(GtkActionGroup*, const gchar*)’ is deprecated [-Wdeprecated-declarations]
   17 |                         action = gtk_action_group_get_action (GTK_ACTION_GROUP(action_groups->data),action_name);
      |                                  ~~~~~~~~~~~~~~~~~~~~~~~~~~~~^~~~~~~~~~~~~~~~~~~~~~~~~~~~~~~~~~~~~~~~~~~~~~~~~~~
/usr/include/gtk-3.0/gtk/deprecated/gtkactiongroup.h:195:17: note: declared here
  195 | GtkAction      *gtk_action_group_get_action              (GtkActionGroup             *action_group,
      |                 ^~~~~~~~~~~~~~~~~~~~~~~~~~~
QuiverUtils.cpp: In function ‘void QuiverUtils::SetActionsSensitive(GtkUIManager*, const gchar**, gint, gboolean)’:
QuiverUtils.cpp:37:57: warning: ‘void gtk_action_set_sensitive(GtkAction*, gboolean)’ is deprecated [-Wdeprecated-declarations]
   37 |                                 gtk_action_set_sensitive(action,bSensitive);
      |                                 ~~~~~~~~~~~~~~~~~~~~~~~~^~~~~~~~~~~~~~~~~~~
In file included from /usr/include/gtk-3.0/gtk/deprecated/gtkactivatable.h:25,
                 from /usr/include/gtk-3.0/gtk/gtk.h:252:
/usr/include/gtk-3.0/gtk/deprecated/gtkaction.h:109:14: note: declared here
  109 | void         gtk_action_set_sensitive          (GtkAction     *action,
      |              ^~~~~~~~~~~~~~~~~~~~~~~~
QuiverUtils.cpp: In function ‘void QuiverUtils::DisconnectUnmodifiedAccelerators(GtkUIManager*)’:
QuiverUtils.cpp:117:73: warning: ‘GList* gtk_ui_manager_get_action_groups(GtkUIManager*)’ is deprecated [-Wdeprecated-declarations]
  117 |                 GList * action_groups = gtk_ui_manager_get_action_groups(pUIManager);
      |                                         ~~~~~~~~~~~~~~~~~~~~~~~~~~~~~~~~^~~~~~~~~~~~
/usr/include/gtk-3.0/gtk/deprecated/gtkuimanager.h:145:16: note: declared here
  145 | GList         *gtk_ui_manager_get_action_groups   (GtkUIManager          *manager);
      |                ^~~~~~~~~~~~~~~~~~~~~~~~~~~~~~~~
QuiverUtils.cpp:124:84: warning: ‘GList* gtk_action_group_list_actions(GtkActionGroup*)’ is deprecated [-Wdeprecated-declarations]
  124 |                                 GList *actions_list = gtk_action_group_list_actions((GtkActionGroup*)action_groups->data);
      |                                                       ~~~~~~~~~~~~~~~~~~~~~~~~~~~~~^~~~~~~~~~~~~~~~~~~~~~~~~~~~~~~~~~~~~~
/usr/include/gtk-3.0/gtk/deprecated/gtkactiongroup.h:198:17: note: declared here
  198 | GList          *gtk_action_group_list_actions            (GtkActionGroup             *action_group);
      |                 ^~~~~~~~~~~~~~~~~~~~~~~~~~~~~
QuiverUtils.cpp:131:97: warning: ‘const gchar* gtk_action_get_accel_path(GtkAction*)’ is deprecated [-Wdeprecated-declarations]
  131 |                                         if (gtk_accel_map_lookup_entry(gtk_action_get_accel_path(action),&accel_key))
      |                                                                        ~~~~~~~~~~~~~~~~~~~~~~~~~^~~~~~~~
/usr/include/gtk-3.0/gtk/deprecated/gtkaction.h:136:14: note: declared here
  136 | const gchar *gtk_action_get_accel_path         (GtkAction     *action);
      |              ^~~~~~~~~~~~~~~~~~~~~~~~~
QuiverUtils.cpp:151:98: warning: ‘void gtk_action_disconnect_accelerator(GtkAction*)’ is deprecated [-Wdeprecated-declarations]
  151 |                                                                 gtk_action_disconnect_accelerator(action);
      |                                                                 ~~~~~~~~~~~~~~~~~~~~~~~~~~~~~~~~~^~~~~~~~
/usr/include/gtk-3.0/gtk/deprecated/gtkaction.h:134:14: note: declared here
  134 | void         gtk_action_disconnect_accelerator (GtkAction     *action);
      |              ^~~~~~~~~~~~~~~~~~~~~~~~~~~~~~~~~
QuiverUtils.cpp: In function ‘void QuiverUtils::ConnectUnmodifiedAccelerators(GtkUIManager*)’:
QuiverUtils.cpp:169:73: warning: ‘GList* gtk_ui_manager_get_action_groups(GtkUIManager*)’ is deprecated [-Wdeprecated-declarations]
  169 |                 GList * action_groups = gtk_ui_manager_get_action_groups(pUIManager);
      |                                         ~~~~~~~~~~~~~~~~~~~~~~~~~~~~~~~~^~~~~~~~~~~~
/usr/include/gtk-3.0/gtk/deprecated/gtkuimanager.h:145:16: note: declared here
  145 | GList         *gtk_ui_manager_get_action_groups   (GtkUIManager          *manager);
      |                ^~~~~~~~~~~~~~~~~~~~~~~~~~~~~~~~
QuiverUtils.cpp:175:84: warning: ‘GList* gtk_action_group_list_actions(GtkActionGroup*)’ is deprecated [-Wdeprecated-declarations]
  175 |                                 GList *actions_list = gtk_action_group_list_actions((GtkActionGroup*)action_groups->data);
      |                                                       ~~~~~~~~~~~~~~~~~~~~~~~~~~~~~^~~~~~~~~~~~~~~~~~~~~~~~~~~~~~~~~~~~~~
/usr/include/gtk-3.0/gtk/deprecated/gtkactiongroup.h:198:17: note: declared here
  198 | GList          *gtk_action_group_list_actions            (GtkActionGroup             *action_group);
      |                 ^~~~~~~~~~~~~~~~~~~~~~~~~~~~~
QuiverUtils.cpp:182:97: warning: ‘const gchar* gtk_action_get_accel_path(GtkAction*)’ is deprecated [-Wdeprecated-declarations]
  182 |                                         if (gtk_accel_map_lookup_entry(gtk_action_get_accel_path(action),&accel_key))
      |                                                                        ~~~~~~~~~~~~~~~~~~~~~~~~~^~~~~~~~
/usr/include/gtk-3.0/gtk/deprecated/gtkaction.h:136:14: note: declared here
  136 | const gchar *gtk_action_get_accel_path         (GtkAction     *action);
      |              ^~~~~~~~~~~~~~~~~~~~~~~~~
QuiverUtils.cpp:201:95: warning: ‘void gtk_action_connect_accelerator(GtkAction*)’ is deprecated [-Wdeprecated-declarations]
  201 |                                                                 gtk_action_connect_accelerator(action);
      |                                                                 ~~~~~~~~~~~~~~~~~~~~~~~~~~~~~~^~~~~~~~
/usr/include/gtk-3.0/gtk/deprecated/gtkaction.h:132:14: note: declared here
  132 | void         gtk_action_connect_accelerator    (GtkAction     *action);
      |              ^~~~~~~~~~~~~~~~~~~~~~~~~~~~~~
depbase=`echo Quiver.o | sed 's|[^/]*$|.deps/&|;s|\.o$||'`;\
g++ -DHAVE_CONFIG_H -I. -I..  -I.. -DPACKAGE_LOCALE_DIR=\""/usr/local/share/locale"\" -DPACKAGE_SRC_DIR=\""."\" -DPACKAGE_DATA_DIR=\""/usr/local/share"\" -DQUIVER_DATADIR=\""/app/data"\" -I/usr/include/gtk-3.0 -I/usr/include/pango-1.0 -I/usr/include/glib-2.0 -I/usr/lib/x86_64-linux-gnu/glib-2.0/include -I/usr/include/harfbuzz -I/usr/include/freetype2 -I/usr/include/libpng16 -I/usr/include/libmount -I/usr/include/blkid -I/usr/include/fribidi -I/usr/include/cairo -I/usr/include/pixman-1 -I/usr/include/gdk-pixbuf-2.0 -I/usr/include/x86_64-linux-gnu -I/usr/include/webp -I/usr/include/gio-unix-2.0 -I/usr/include/atk-1.0 -I/usr/include/at-spi2-atk/2.0 -I/usr/include/at-spi-2.0 -I/usr/include/dbus-1.0 -I/usr/lib/x86_64-linux-gnu/dbus-1.0/include -pthread        -I/usr/include   -I/usr/include/gstreamer-1.0 -I/usr/include/glib-2.0 -I/usr/lib/x86_64-linux-gnu/glib-2.0/include -I/usr/include/x86_64-linux-gnu -I/usr/include/orc-0.4 -pthread  -Wall    -Wincompatible-pointer-types -Werror=incompatible-pointer-types -Werror=int-conversion -Werror=implicit-function-declaration -Wwrite-strings -MT Quiver.o -MD -MP -MF $depbase.Tpo -c -o Quiver.o Quiver.cpp &&\
mv -f $depbase.Tpo $depbase.Po
cc1plus: warning: command-line option ‘-Wincompatible-pointer-types’ is valid for C/ObjC but not for C++
cc1plus: warning: ‘-Werror=’ argument ‘-Werror=incompatible-pointer-types’ is not valid for C++
cc1plus: warning: ‘-Werror=’ argument ‘-Werror=int-conversion’ is not valid for C++
cc1plus: warning: ‘-Werror=’ argument ‘-Werror=implicit-function-declaration’ is not valid for C++
Browser.cpp: In member function ‘virtual void ImageViewPixbufLoaderObserver::SetPixbuf(GdkPixbuf*)’:
Browser.cpp:80:42: warning: ‘void gdk_threads_enter()’ is deprecated [-Wdeprecated-declarations]
   80 |                         gdk_threads_enter();
      |                         ~~~~~~~~~~~~~~~~~^~
In file included from /usr/include/gtk-3.0/gdk/gdk.h:61,
                 from /usr/include/gtk-3.0/gtk/gtk.h:30,
                 from Browser.cpp:5:
/usr/include/gtk-3.0/gdk/gdkthreads.h:46:10: note: declared here
   46 | void     gdk_threads_enter                    (void);
      |          ^~~~~~~~~~~~~~~~~
Browser.cpp:82:42: warning: ‘void gdk_threads_leave()’ is deprecated [-Wdeprecated-declarations]
   82 |                         gdk_threads_leave();
      |                         ~~~~~~~~~~~~~~~~~^~
/usr/include/gtk-3.0/gdk/gdkthreads.h:48:10: note: declared here
   48 | void     gdk_threads_leave                    (void);
      |          ^~~~~~~~~~~~~~~~~
Browser.cpp: In member function ‘virtual void ImageViewPixbufLoaderObserver::SetPixbufAtSize(GdkPixbuf*, gint, gint, bool)’:
Browser.cpp:85:34: warning: ‘void gdk_threads_enter()’ is deprecated [-Wdeprecated-declarations]
   85 |                 gdk_threads_enter();
      |                 ~~~~~~~~~~~~~~~~~^~
/usr/include/gtk-3.0/gdk/gdkthreads.h:46:10: note: declared here
   46 | void     gdk_threads_enter                    (void);
      |          ^~~~~~~~~~~~~~~~~
Browser.cpp:89:34: warning: ‘void gdk_threads_leave()’ is deprecated [-Wdeprecated-declarations]
   89 |                 gdk_threads_leave();
      |                 ~~~~~~~~~~~~~~~~~^~
/usr/include/gtk-3.0/gdk/gdkthreads.h:48:10: note: declared here
   48 | void     gdk_threads_leave                    (void);
      |          ^~~~~~~~~~~~~~~~~
In file included from /usr/include/gtk-3.0/gtk/deprecated/gtkactiongroup.h:37,
                 from /usr/include/gtk-3.0/gtk/gtk.h:254:
Browser.cpp: At global scope:
/usr/include/gtk-3.0/gtk/deprecated/gtkstock.h:313:38: warning: ‘GtkStock’ is deprecated [-Wdeprecated-declarations]
  313 | #define GTK_STOCK_DIRECTORY        ((GtkStock)"gtk-directory")
      |                                      ^~~~~~~~
QuiverStockIcons.h:67:38: note: in expansion of macro ‘GTK_STOCK_DIRECTORY’
   67 | #define QUIVER_STOCK_DIRECTORY       GTK_STOCK_DIRECTORY
      |                                      ^~~~~~~~~~~~~~~~~~~
Browser.cpp:337:40: note: in expansion of macro ‘QUIVER_STOCK_DIRECTORY’
  337 |         { ACTION_BROWSER_VIEW_SIDEBAR, QUIVER_STOCK_DIRECTORY, "Sidebar", "<Control><Shift>F", "Show/Hide Sidebar (Folder Tree, Preview Window, etc)", G_CALLBACK(browser_action_handler_cb),TRUE},
      |                                        ^~~~~~~~~~~~~~~~~~~~~~
/usr/include/gtk-3.0/gtk/deprecated/gtkstock.h:108:16: note: declared here
  108 | typedef char * GtkStock;
      |                ^~~~~~~~
/usr/include/gtk-3.0/gtk/deprecated/gtkstock.h:910:38: warning: ‘GtkStock’ is deprecated [-Wdeprecated-declarations]
  910 | #define GTK_STOCK_PROPERTIES       ((GtkStock)"gtk-properties")
      |                                      ^~~~~~~~
QuiverStockIcons.h:25:38: note: in expansion of macro ‘GTK_STOCK_PROPERTIES’
   25 | #define QUIVER_STOCK_PROPERTIES      GTK_STOCK_PROPERTIES
      |                                      ^~~~~~~~~~~~~~~~~~~~
Browser.cpp:338:40: note: in expansion of macro ‘QUIVER_STOCK_PROPERTIES’
  338 |         { ACTION_BROWSER_VIEW_PREVIEW, QUIVER_STOCK_PROPERTIES, "Preview", "<Control><Shift>p", "Show/Hide Image Preview", G_CALLBACK(browser_action_handler_cb),TRUE},
      |                                        ^~~~~~~~~~~~~~~~~~~~~~~
/usr/include/gtk-3.0/gtk/deprecated/gtkstock.h:108:16: note: declared here
  108 | typedef char * GtkStock;
      |                ^~~~~~~~
/usr/include/gtk-3.0/gtk/deprecated/gtkstock.h:469:38: warning: ‘GtkStock’ is deprecated [-Wdeprecated-declarations]
  469 | #define GTK_STOCK_GO_BACK          ((GtkStock)"gtk-go-back")
      |                                      ^~~~~~~~
QuiverStockIcons.h:58:38: note: in expansion of macro ‘GTK_STOCK_GO_BACK’
   58 | #define QUIVER_STOCK_GO_BACK         GTK_STOCK_GO_BACK
      |                                      ^~~~~~~~~~~~~~~~~
Browser.cpp:343:40: note: in expansion of macro ‘QUIVER_STOCK_GO_BACK’
  343 |         { ACTION_BROWSER_HISTORY_BACK, QUIVER_STOCK_GO_BACK, "Go Back", "<Alt>Left", "Go Back", G_CALLBACK( browser_action_handler_cb )},
      |                                        ^~~~~~~~~~~~~~~~~~~~
/usr/include/gtk-3.0/gtk/deprecated/gtkstock.h:108:16: note: declared here
  108 | typedef char * GtkStock;
      |                ^~~~~~~~
/usr/include/gtk-3.0/gtk/deprecated/gtkstock.h:487:38: warning: ‘GtkStock’ is deprecated [-Wdeprecated-declarations]
  487 | #define GTK_STOCK_GO_FORWARD       ((GtkStock)"gtk-go-forward")
      |                                      ^~~~~~~~
QuiverStockIcons.h:59:38: note: in expansion of macro ‘GTK_STOCK_GO_FORWARD’
   59 | #define QUIVER_STOCK_GO_FORWARD      GTK_STOCK_GO_FORWARD
      |                                      ^~~~~~~~~~~~~~~~~~~~
Browser.cpp:344:43: note: in expansion of macro ‘QUIVER_STOCK_GO_FORWARD’
  344 |         { ACTION_BROWSER_HISTORY_FORWARD, QUIVER_STOCK_GO_FORWARD, "Go Forward", "<Alt>Right", "Go Forward", G_CALLBACK( browser_action_handler_cb )},
      |                                           ^~~~~~~~~~~~~~~~~~~~~~~
/usr/include/gtk-3.0/gtk/deprecated/gtkstock.h:108:16: note: declared here
  108 | typedef char * GtkStock;
      |                ^~~~~~~~
/usr/include/gtk-3.0/gtk/deprecated/gtkstock.h:246:38: warning: ‘GtkStock’ is deprecated [-Wdeprecated-declarations]
  246 | #define GTK_STOCK_CUT              ((GtkStock)"gtk-cut")
      |                                      ^~~~~~~~
QuiverStockIcons.h:68:38: note: in expansion of macro ‘GTK_STOCK_CUT’
   68 | #define QUIVER_STOCK_CUT             GTK_STOCK_CUT
      |                                      ^~~~~~~~~~~~~
Browser.cpp:346:31: note: in expansion of macro ‘QUIVER_STOCK_CUT’
  346 |         { ACTION_BROWSER_CUT, QUIVER_STOCK_CUT, "_Cut", "<Control>X", "Cut image", G_CALLBACK(browser_action_handler_cb)},
      |                               ^~~~~~~~~~~~~~~~
/usr/include/gtk-3.0/gtk/deprecated/gtkstock.h:108:16: note: declared here
  108 | typedef char * GtkStock;
      |                ^~~~~~~~
/usr/include/gtk-3.0/gtk/deprecated/gtkstock.h:237:38: warning: ‘GtkStock’ is deprecated [-Wdeprecated-declarations]
  237 | #define GTK_STOCK_COPY             ((GtkStock)"gtk-copy")
      |                                      ^~~~~~~~
QuiverStockIcons.h:69:38: note: in expansion of macro ‘GTK_STOCK_COPY’
   69 | #define QUIVER_STOCK_COPY            GTK_STOCK_COPY
      |                                      ^~~~~~~~~~~~~~
Browser.cpp:347:32: note: in expansion of macro ‘QUIVER_STOCK_COPY’
  347 |         { ACTION_BROWSER_COPY, QUIVER_STOCK_COPY, "Copy", "<Control>C", "Copy image", G_CALLBACK(browser_action_handler_cb)},
      |                                ^~~~~~~~~~~~~~~~~
/usr/include/gtk-3.0/gtk/deprecated/gtkstock.h:108:16: note: declared here
  108 | typedef char * GtkStock;
      |                ^~~~~~~~
/usr/include/gtk-3.0/gtk/deprecated/gtkstock.h:829:38: warning: ‘GtkStock’ is deprecated [-Wdeprecated-declarations]
  829 | #define GTK_STOCK_PASTE            ((GtkStock)"gtk-paste")
      |                                      ^~~~~~~~
QuiverStockIcons.h:70:38: note: in expansion of macro ‘GTK_STOCK_PASTE’
   70 | #define QUIVER_STOCK_PASTE           GTK_STOCK_PASTE
      |                                      ^~~~~~~~~~~~~~~
Browser.cpp:348:33: note: in expansion of macro ‘QUIVER_STOCK_PASTE’
  348 |         { ACTION_BROWSER_PASTE, QUIVER_STOCK_PASTE, "Paste", "<Control>V", "Paste image", G_CALLBACK(browser_action_handler_cb)},
      |                                 ^~~~~~~~~~~~~~~~~~
/usr/include/gtk-3.0/gtk/deprecated/gtkstock.h:108:16: note: declared here
  108 | typedef char * GtkStock;
      |                ^~~~~~~~
/usr/include/gtk-3.0/gtk/deprecated/gtkstock.h:255:38: warning: ‘GtkStock’ is deprecated [-Wdeprecated-declarations]
  255 | #define GTK_STOCK_DELETE           ((GtkStock)"gtk-delete")
      |                                      ^~~~~~~~
QuiverStockIcons.h:56:38: note: in expansion of macro ‘GTK_STOCK_DELETE’
   56 | #define QUIVER_STOCK_DELETE          GTK_STOCK_DELETE
      |                                      ^~~~~~~~~~~~~~~~
Browser.cpp:353:33: note: in expansion of macro ‘QUIVER_STOCK_DELETE’
  353 |         { ACTION_BROWSER_TRASH, QUIVER_STOCK_DELETE, "_Move To Trash", "Delete", "Move selected image(s) to the Trash", G_CALLBACK(browser_action_handler_cb)},
      |                                 ^~~~~~~~~~~~~~~~~~~
/usr/include/gtk-3.0/gtk/deprecated/gtkstock.h:108:16: note: declared here
  108 | typedef char * GtkStock;
      |                ^~~~~~~~
/usr/include/gtk-3.0/gtk/deprecated/gtkstock.h:937:38: warning: ‘GtkStock’ is deprecated [-Wdeprecated-declarations]
  937 | #define GTK_STOCK_REFRESH          ((GtkStock)"gtk-refresh")
      |                                      ^~~~~~~~
QuiverStockIcons.h:27:38: note: in expansion of macro ‘GTK_STOCK_REFRESH’
   27 | #define QUIVER_STOCK_REFRESH         GTK_STOCK_REFRESH
      |                                      ^~~~~~~~~~~~~~~~~
Browser.cpp:355:34: note: in expansion of macro ‘QUIVER_STOCK_REFRESH’
  355 |         { ACTION_BROWSER_RELOAD, QUIVER_STOCK_REFRESH, "_Reload", "<Control>R", "Refresh the Current View", G_CALLBACK(browser_action_handler_cb)},
      |                                  ^~~~~~~~~~~~~~~~~~~~
/usr/include/gtk-3.0/gtk/deprecated/gtkstock.h:108:16: note: declared here
  108 | typedef char * GtkStock;
      |                ^~~~~~~~
In file included from /usr/include/glib-2.0/gobject/gobject.h:26,
                 from /usr/include/glib-2.0/gobject/gbinding.h:31,
                 from /usr/include/glib-2.0/glib-object.h:24,
                 from /usr/include/glib-2.0/gio/gioenums.h:30,
                 from /usr/include/glib-2.0/gio/giotypes.h:30,
                 from /usr/include/glib-2.0/gio/gio.h:28,
                 from /usr/include/gtk-3.0/gdk/gdkapplaunchcontext.h:28,
                 from /usr/include/gtk-3.0/gdk/gdk.h:32:
Browser.cpp: In function ‘void pane_size_allocate(GtkWidget*, GtkAllocation*, gpointer)’:
/usr/include/gtk-3.0/gtk/deprecated/gtkhpaned.h:36:57: warning: ‘GType gtk_hpaned_get_type()’ is deprecated [-Wdeprecated-declarations]
   36 | #define GTK_TYPE_HPANED            (gtk_hpaned_get_type ())
      |                                     ~~~~~~~~~~~~~~~~~~~~^~
/usr/include/glib-2.0/gobject/gtype.h:2672:60: note: in definition of macro ‘_G_TYPE_CIT’
 2672 |   GTypeInstance *__inst = (GTypeInstance*) ip; GType __t = gt; gboolean __r; \
      |                                                            ^~
/usr/include/gtk-3.0/gtk/deprecated/gtkhpaned.h:39:37: note: in expansion of macro ‘G_TYPE_CHECK_INSTANCE_TYPE’
   39 | #define GTK_IS_HPANED(obj)         (G_TYPE_CHECK_INSTANCE_TYPE ((obj), GTK_TYPE_HPANED))
      |                                     ^~~~~~~~~~~~~~~~~~~~~~~~~~
/usr/include/gtk-3.0/gtk/deprecated/gtkhpaned.h:39:72: note: in expansion of macro ‘GTK_TYPE_HPANED’
   39 | #define GTK_IS_HPANED(obj)         (G_TYPE_CHECK_INSTANCE_TYPE ((obj), GTK_TYPE_HPANED))
      |                                                                        ^~~~~~~~~~~~~~~
Browser.cpp:537:13: note: in expansion of macro ‘GTK_IS_HPANED’
  537 |         if (GTK_IS_HPANED(widget))
      |             ^~~~~~~~~~~~~
In file included from /usr/include/gtk-3.0/gtk/gtk.h:263:
/usr/include/gtk-3.0/gtk/deprecated/gtkhpaned.h:59:13: note: declared here
   59 | GType       gtk_hpaned_get_type (void) G_GNUC_CONST;
      |             ^~~~~~~~~~~~~~~~~~~
/usr/include/gtk-3.0/gtk/deprecated/gtkvpaned.h:36:57: warning: ‘GType gtk_vpaned_get_type()’ is deprecated [-Wdeprecated-declarations]
   36 | #define GTK_TYPE_VPANED            (gtk_vpaned_get_type ())
      |                                     ~~~~~~~~~~~~~~~~~~~~^~
/usr/include/glib-2.0/gobject/gtype.h:2672:60: note: in definition of macro ‘_G_TYPE_CIT’
 2672 |   GTypeInstance *__inst = (GTypeInstance*) ip; GType __t = gt; gboolean __r; \
      |                                                            ^~
/usr/include/gtk-3.0/gtk/deprecated/gtkvpaned.h:39:37: note: in expansion of macro ‘G_TYPE_CHECK_INSTANCE_TYPE’
   39 | #define GTK_IS_VPANED(obj)         (G_TYPE_CHECK_INSTANCE_TYPE ((obj), GTK_TYPE_VPANED))
      |                                     ^~~~~~~~~~~~~~~~~~~~~~~~~~
/usr/include/gtk-3.0/gtk/deprecated/gtkvpaned.h:39:72: note: in expansion of macro ‘GTK_TYPE_VPANED’
   39 | #define GTK_IS_VPANED(obj)         (G_TYPE_CHECK_INSTANCE_TYPE ((obj), GTK_TYPE_VPANED))
      |                                                                        ^~~~~~~~~~~~~~~
Browser.cpp:541:18: note: in expansion of macro ‘GTK_IS_VPANED’
  541 |         else if (GTK_IS_VPANED(widget))
      |                  ^~~~~~~~~~~~~
In file included from /usr/include/gtk-3.0/gtk/gtk.h:287:
/usr/include/gtk-3.0/gtk/deprecated/gtkvpaned.h:59:13: note: declared here
   59 | GType       gtk_vpaned_get_type (void) G_GNUC_CONST;
      |             ^~~~~~~~~~~~~~~~~~~
Browser.cpp: In constructor ‘Browser::BrowserImpl::BrowserImpl(Browser*)’:
Browser.cpp:645:43: warning: ‘GtkWidget* gtk_hscale_new_with_range(gdouble, gdouble, gdouble)’ is deprecated: Use 'gtk_scale_new_with_range' instead [-Wdeprecated-declarations]
  645 |         hscale = gtk_hscale_new_with_range(20,256,1);
      |                  ~~~~~~~~~~~~~~~~~~~~~~~~~^~~~~~~~~~
In file included from /usr/include/gtk-3.0/gtk/gtk.h:265:
/usr/include/gtk-3.0/gtk/deprecated/gtkhscale.h:63:12: note: declared here
   63 | GtkWidget* gtk_hscale_new_with_range (gdouble        min,
      |            ^~~~~~~~~~~~~~~~~~~~~~~~~
Browser.cpp:664:49: warning: ‘GtkWidget* gtk_alignment_new(gfloat, gfloat, gfloat, gfloat)’ is deprecated [-Wdeprecated-declarations]
  664 |         GtkWidget* alignment = gtk_alignment_new(1.,5.,0.,1.);
      |                                ~~~~~~~~~~~~~~~~~^~~~~~~~~~~~~
In file included from /usr/include/gtk-3.0/gtk/gtk.h:255:
/usr/include/gtk-3.0/gtk/deprecated/gtkalignment.h:79:12: note: declared here
   79 | GtkWidget* gtk_alignment_new        (gfloat             xalign,
      |            ^~~~~~~~~~~~~~~~~
Browser.cpp:674:32: warning: ‘GtkWidget* gtk_hpaned_new()’ is deprecated: Use 'gtk_paned_new' instead [-Wdeprecated-declarations]
  674 |         hpaned = gtk_hpaned_new();
      |                  ~~~~~~~~~~~~~~^~
/usr/include/gtk-3.0/gtk/deprecated/gtkhpaned.h:61:13: note: declared here
   61 | GtkWidget * gtk_hpaned_new      (void);
      |             ^~~~~~~~~~~~~~
Browser.cpp:675:32: warning: ‘GtkWidget* gtk_vpaned_new()’ is deprecated: Use 'gtk_paned_new' instead [-Wdeprecated-declarations]
  675 |         vpaned = gtk_vpaned_new();
      |                  ~~~~~~~~~~~~~~^~
/usr/include/gtk-3.0/gtk/deprecated/gtkvpaned.h:61:13: note: declared here
   61 | GtkWidget * gtk_vpaned_new      (void);
      |             ^~~~~~~~~~~~~~
Browser.cpp:705:28: warning: ‘GtkWidget* gtk_hbox_new(gboolean, gint)’ is deprecated: Use 'gtk_box_new' instead [-Wdeprecated-declarations]
  705 |         hbox = gtk_hbox_new(FALSE,0);
      |                ~~~~~~~~~~~~^~~~~~~~~
In file included from /usr/include/gtk-3.0/gtk/gtk.h:262:
/usr/include/gtk-3.0/gtk/deprecated/gtkhbox.h:63:13: note: declared here
   63 | GtkWidget * gtk_hbox_new      (gboolean homogeneous,
      |             ^~~~~~~~~~~~
Browser.cpp:706:28: warning: ‘GtkWidget* gtk_vbox_new(gboolean, gint)’ is deprecated: Use 'gtk_box_new' instead [-Wdeprecated-declarations]
  706 |         vbox = gtk_vbox_new(FALSE,0);
      |                ~~~~~~~~~~~~^~~~~~~~~
In file included from /usr/include/gtk-3.0/gtk/gtk.h:286:
/usr/include/gtk-3.0/gtk/deprecated/gtkvbox.h:61:13: note: declared here
   61 | GtkWidget * gtk_vbox_new      (gboolean homogeneous,
      |             ^~~~~~~~~~~~
Browser.cpp: In member function ‘void Browser::BrowserImpl::SetUIManager(GtkUIManager*)’:
Browser.cpp:913:56: warning: ‘GtkActionGroup* gtk_action_group_new(const gchar*)’ is deprecated [-Wdeprecated-declarations]
  913 |         GtkActionGroup* actions = gtk_action_group_new ("BrowserActions");
      |                                   ~~~~~~~~~~~~~~~~~~~~~^~~~~~~~~~~~~~~~~~
/usr/include/gtk-3.0/gtk/deprecated/gtkactiongroup.h:175:17: note: declared here
  175 | GtkActionGroup *gtk_action_group_new                     (const gchar                *name);
      |                 ^~~~~~~~~~~~~~~~~~~~
Browser.cpp:914:37: warning: ‘void gtk_action_group_add_actions(GtkActionGroup*, const GtkActionEntry*, guint, gpointer)’ is deprecated [-Wdeprecated-declarations]
  914 |         gtk_action_group_add_actions(actions, action_entries, n_entries, this);
      |         ~~~~~~~~~~~~~~~~~~~~~~~~~~~~^~~~~~~~~~~~~~~~~~~~~~~~~~~~~~~~~~~~~~~~~~
/usr/include/gtk-3.0/gtk/deprecated/gtkactiongroup.h:210:17: note: declared here
  210 | void            gtk_action_group_add_actions             (GtkActionGroup             *action_group,
      |                 ^~~~~~~~~~~~~~~~~~~~~~~~~~~~
Browser.cpp:916:44: warning: ‘void gtk_action_group_add_toggle_actions(GtkActionGroup*, const GtkToggleActionEntry*, guint, gpointer)’ is deprecated [-Wdeprecated-declarations]
  916 |         gtk_action_group_add_toggle_actions(actions,
      |         ~~~~~~~~~~~~~~~~~~~~~~~~~~~~~~~~~~~^~~~~~~~~
  917 |                                                                                 action_entries_toggle,
      |                                                                                 ~~~~~~~~~~~~~~~~~~~~~~
  918 |                                                                                 G_N_ELEMENTS (action_entries_toggle),
      |                                                                                 ~~~~~~~~~~~~~~~~~~~~~~~~~~~~~~~~~~~~~
  919 |                                                                                 this);
      |                                                                                 ~~~~~
/usr/include/gtk-3.0/gtk/deprecated/gtkactiongroup.h:215:17: note: declared here
  215 | void            gtk_action_group_add_toggle_actions      (GtkActionGroup             *action_group,
      |                 ^~~~~~~~~~~~~~~~~~~~~~~~~~~~~~~~~~~
Browser.cpp:920:44: warning: ‘void gtk_ui_manager_insert_action_group(GtkUIManager*, GtkActionGroup*, gint)’ is deprecated [-Wdeprecated-declarations]
  920 |         gtk_ui_manager_insert_action_group (m_pUIManager,actions,0);
      |         ~~~~~~~~~~~~~~~~~~~~~~~~~~~~~~~~~~~^~~~~~~~~~~~~~~~~~~~~~~~
In file included from /usr/include/gtk-3.0/gtk/gtk.h:284:
/usr/include/gtk-3.0/gtk/deprecated/gtkuimanager.h:138:16: note: declared here
  138 | void           gtk_ui_manager_insert_action_group (GtkUIManager          *manager,
      |                ^~~~~~~~~~~~~~~~~~~~~~~~~~~~~~~~~~
/usr/include/gtk-3.0/gtk/deprecated/gtktoggleaction.h:40:71: warning: ‘GType gtk_toggle_action_get_type()’ is deprecated [-Wdeprecated-declarations]
   40 | #define GTK_TYPE_TOGGLE_ACTION            (gtk_toggle_action_get_type ())
      |                                            ~~~~~~~~~~~~~~~~~~~~~~~~~~~^~
/usr/include/glib-2.0/gobject/gtype.h:2660:70: note: in definition of macro ‘_G_TYPE_CIC’
 2660 |     ((ct*) (void *) g_type_check_instance_cast ((GTypeInstance*) ip, gt))
      |                                                                      ^~
/usr/include/gtk-3.0/gtk/deprecated/gtktoggleaction.h:41:44: note: in expansion of macro ‘G_TYPE_CHECK_INSTANCE_CAST’
   41 | #define GTK_TOGGLE_ACTION(obj)            (G_TYPE_CHECK_INSTANCE_CAST ((obj), GTK_TYPE_TOGGLE_ACTION, GtkToggleAction))
      |                                            ^~~~~~~~~~~~~~~~~~~~~~~~~~
/usr/include/gtk-3.0/gtk/deprecated/gtktoggleaction.h:41:79: note: in expansion of macro ‘GTK_TYPE_TOGGLE_ACTION’
   41 | #define GTK_TOGGLE_ACTION(obj)            (G_TYPE_CHECK_INSTANCE_CAST ((obj), GTK_TYPE_TOGGLE_ACTION, GtkToggleAction))
      |                                                                               ^~~~~~~~~~~~~~~~~~~~~~
Browser.cpp:929:46: note: in expansion of macro ‘GTK_TOGGLE_ACTION’
  929 |                 gtk_toggle_action_set_active(GTK_TOGGLE_ACTION(action), bShowPreview ? TRUE : FALSE);
      |                                              ^~~~~~~~~~~~~~~~~
In file included from /usr/include/gtk-3.0/gtk/deprecated/gtkradioaction.h:36,
                 from /usr/include/gtk-3.0/gtk/gtk.h:272:
/usr/include/gtk-3.0/gtk/deprecated/gtktoggleaction.h:73:18: note: declared here
   73 | GType            gtk_toggle_action_get_type          (void) G_GNUC_CONST;
      |                  ^~~~~~~~~~~~~~~~~~~~~~~~~~
Browser.cpp:929:45: warning: ‘void gtk_toggle_action_set_active(GtkToggleAction*, gboolean)’ is deprecated [-Wdeprecated-declarations]
  929 |                 gtk_toggle_action_set_active(GTK_TOGGLE_ACTION(action), bShowPreview ? TRUE : FALSE);
      |                 ~~~~~~~~~~~~~~~~~~~~~~~~~~~~^~~~~~~~~~~~~~~~~~~~~~~~~~~~~~~~~~~~~~~~~~~~~~~~~~~~~~~~
/usr/include/gtk-3.0/gtk/deprecated/gtktoggleaction.h:82:18: note: declared here
   82 | void             gtk_toggle_action_set_active        (GtkToggleAction *action,
      |                  ^~~~~~~~~~~~~~~~~~~~~~~~~~~~
/usr/include/gtk-3.0/gtk/deprecated/gtktoggleaction.h:40:71: warning: ‘GType gtk_toggle_action_get_type()’ is deprecated [-Wdeprecated-declarations]
   40 | #define GTK_TYPE_TOGGLE_ACTION            (gtk_toggle_action_get_type ())
      |                                            ~~~~~~~~~~~~~~~~~~~~~~~~~~~^~
/usr/include/glib-2.0/gobject/gtype.h:2660:70: note: in definition of macro ‘_G_TYPE_CIC’
 2660 |     ((ct*) (void *) g_type_check_instance_cast ((GTypeInstance*) ip, gt))
      |                                                                      ^~
/usr/include/gtk-3.0/gtk/deprecated/gtktoggleaction.h:41:44: note: in expansion of macro ‘G_TYPE_CHECK_INSTANCE_CAST’
   41 | #define GTK_TOGGLE_ACTION(obj)            (G_TYPE_CHECK_INSTANCE_CAST ((obj), GTK_TYPE_TOGGLE_ACTION, GtkToggleAction))
      |                                            ^~~~~~~~~~~~~~~~~~~~~~~~~~
/usr/include/gtk-3.0/gtk/deprecated/gtktoggleaction.h:41:79: note: in expansion of macro ‘GTK_TYPE_TOGGLE_ACTION’
   41 | #define GTK_TOGGLE_ACTION(obj)            (G_TYPE_CHECK_INSTANCE_CAST ((obj), GTK_TYPE_TOGGLE_ACTION, GtkToggleAction))
      |                                                                               ^~~~~~~~~~~~~~~~~~~~~~
Browser.cpp:936:46: note: in expansion of macro ‘GTK_TOGGLE_ACTION’
  936 |                 gtk_toggle_action_set_active(GTK_TOGGLE_ACTION(action), bShowFolderTree ? TRUE : FALSE);
      |                                              ^~~~~~~~~~~~~~~~~
/usr/include/gtk-3.0/gtk/deprecated/gtktoggleaction.h:73:18: note: declared here
   73 | GType            gtk_toggle_action_get_type          (void) G_GNUC_CONST;
      |                  ^~~~~~~~~~~~~~~~~~~~~~~~~~
Browser.cpp:936:45: warning: ‘void gtk_toggle_action_set_active(GtkToggleAction*, gboolean)’ is deprecated [-Wdeprecated-declarations]
  936 |                 gtk_toggle_action_set_active(GTK_TOGGLE_ACTION(action), bShowFolderTree ? TRUE : FALSE);
      |                 ~~~~~~~~~~~~~~~~~~~~~~~~~~~~^~~~~~~~~~~~~~~~~~~~~~~~~~~~~~~~~~~~~~~~~~~~~~~~~~~~~~~~~~~
/usr/include/gtk-3.0/gtk/deprecated/gtktoggleaction.h:82:18: note: declared here
   82 | void             gtk_toggle_action_set_active        (GtkToggleAction *action,
      |                  ^~~~~~~~~~~~~~~~~~~~~~~~~~~~
Browser.cpp: In member function ‘void Browser::BrowserImpl::UpdateUI()’:
Browser.cpp:948:41: warning: ‘void gtk_action_set_sensitive(GtkAction*, gboolean)’ is deprecated [-Wdeprecated-declarations]
  948 |                 gtk_action_set_sensitive(action,m_BrowserHistory.CanGoForward() ? TRUE : FALSE);
      |                 ~~~~~~~~~~~~~~~~~~~~~~~~^~~~~~~~~~~~~~~~~~~~~~~~~~~~~~~~~~~~~~~~~~~~~~~~~~~~~~~
In file included from /usr/include/gtk-3.0/gtk/deprecated/gtkactivatable.h:25,
                 from /usr/include/gtk-3.0/gtk/gtk.h:252:
/usr/include/gtk-3.0/gtk/deprecated/gtkaction.h:109:14: note: declared here
  109 | void         gtk_action_set_sensitive          (GtkAction     *action,
      |              ^~~~~~~~~~~~~~~~~~~~~~~~
Browser.cpp:953:41: warning: ‘void gtk_action_set_sensitive(GtkAction*, gboolean)’ is deprecated [-Wdeprecated-declarations]
  953 |                 gtk_action_set_sensitive(action,m_BrowserHistory.CanGoBack() ? TRUE : FALSE);
      |                 ~~~~~~~~~~~~~~~~~~~~~~~~^~~~~~~~~~~~~~~~~~~~~~~~~~~~~~~~~~~~~~~~~~~~~~~~~~~~
/usr/include/gtk-3.0/gtk/deprecated/gtkaction.h:109:14: note: declared here
  109 | void         gtk_action_set_sensitive          (GtkAction     *action,
      |              ^~~~~~~~~~~~~~~~~~~~~~~~
In file included from /usr/include/gtk-3.0/gtk/deprecated/gtkactiongroup.h:37,
                 from /usr/include/gtk-3.0/gtk/gtk.h:254,
                 from QuiverStockIcons.cpp:3:
/usr/include/gtk-3.0/gtk/deprecated/gtkstock.h:386:38: warning: ‘GtkStock’ is deprecated [-Wdeprecated-declarations]
  386 | #define GTK_STOCK_FILE             ((GtkStock)"gtk-file")
      |                                      ^~~~~~~~
QuiverStockIcons.h:5:37: note: in expansion of macro ‘GTK_STOCK_FILE’
    5 | #define QUIVER_STOCK_APP            GTK_STOCK_FILE //"quiver-icon-app"
      |                                     ^~~~~~~~~~~~~~
QuiverStockIcons.cpp:9:9: note: in expansion of macro ‘QUIVER_STOCK_APP’
    9 |         QUIVER_STOCK_APP,
      |         ^~~~~~~~~~~~~~~~
/usr/include/gtk-3.0/gtk/deprecated/gtkstock.h:108:16: note: declared here
  108 | typedef char * GtkStock;
      |                ^~~~~~~~
Browser.cpp:959:41: warning: ‘void gtk_action_set_sensitive(GtkAction*, gboolean)’ is deprecated [-Wdeprecated-declarations]
  959 |                 gtk_action_set_sensitive(action,m_BrowserHistory.CanGoBack() ? TRUE : FALSE);
      |                 ~~~~~~~~~~~~~~~~~~~~~~~~^~~~~~~~~~~~~~~~~~~~~~~~~~~~~~~~~~~~~~~~~~~~~~~~~~~~
/usr/include/gtk-3.0/gtk/deprecated/gtkaction.h:109:14: note: declared here
  109 | void         gtk_action_set_sensitive          (GtkAction     *action,
      |              ^~~~~~~~~~~~~~~~~~~~~~~~
/usr/include/gtk-3.0/gtk/deprecated/gtkstock.h:313:38: warning: ‘GtkStock’ is deprecated [-Wdeprecated-declarations]
  313 | #define GTK_STOCK_DIRECTORY        ((GtkStock)"gtk-directory")
      |                                      ^~~~~~~~
QuiverStockIcons.h:6:37: note: in expansion of macro ‘GTK_STOCK_DIRECTORY’
    6 | #define QUIVER_STOCK_BROWSER        GTK_STOCK_DIRECTORY //"quiver-icon-browser"
      |                                     ^~~~~~~~~~~~~~~~~~~
QuiverStockIcons.cpp:10:9: note: in expansion of macro ‘QUIVER_STOCK_BROWSER’
   10 |         QUIVER_STOCK_BROWSER,
      |         ^~~~~~~~~~~~~~~~~~~~
/usr/include/gtk-3.0/gtk/deprecated/gtkstock.h:108:16: note: declared here
  108 | typedef char * GtkStock;
      |                ^~~~~~~~
/usr/include/gtk-3.0/gtk/deprecated/gtkstock.h:534:38: warning: ‘GtkStock’ is deprecated [-Wdeprecated-declarations]
  534 | #define GTK_STOCK_INDEX            ((GtkStock)"gtk-index")
      |                                      ^~~~~~~~
QuiverStockIcons.h:9:37: note: in expansion of macro ‘GTK_STOCK_INDEX’
    9 | #define QUIVER_STOCK_SLIDESHOW      GTK_STOCK_INDEX //"quiver-icon-slideshow"
      |                                     ^~~~~~~~~~~~~~~
QuiverStockIcons.cpp:13:9: note: in expansion of macro ‘QUIVER_STOCK_SLIDESHOW’
   13 |         QUIVER_STOCK_SLIDESHOW,
      |         ^~~~~~~~~~~~~~~~~~~~~~
/usr/include/gtk-3.0/gtk/deprecated/gtkstock.h:108:16: note: declared here
  108 | typedef char * GtkStock;
      |                ^~~~~~~~
In file included from QuiverStockIcons.cpp:2:
QuiverStockIcons.h:7:37: warning: ISO C++ forbids converting a string constant to ‘char*’ [-Wwrite-strings]
    7 | #define QUIVER_STOCK_ROTATE_CW      "edit-redo" //GTK_STOCK_REDO //"quiver-icon-rotate-cw"
      |                                     ^~~~~~~~~~~
QuiverStockIcons.cpp:11:9: note: in expansion of macro ‘QUIVER_STOCK_ROTATE_CW’
   11 |         QUIVER_STOCK_ROTATE_CW,
      |         ^~~~~~~~~~~~~~~~~~~~~~
/usr/include/gtk-3.0/gtk/deprecated/gtktoggleaction.h:40:71: warning: ‘GType gtk_toggle_action_get_type()’ is deprecated [-Wdeprecated-declarations]
   40 | #define GTK_TYPE_TOGGLE_ACTION            (gtk_toggle_action_get_type ())
      |                                            ~~~~~~~~~~~~~~~~~~~~~~~~~~~^~
/usr/include/glib-2.0/gobject/gtype.h:2660:70: note: in definition of macro ‘_G_TYPE_CIC’
 2660 |     ((ct*) (void *) g_type_check_instance_cast ((GTypeInstance*) ip, gt))
      |                                                                      ^~
/usr/include/gtk-3.0/gtk/deprecated/gtktoggleaction.h:41:44: note: in expansion of macro ‘G_TYPE_CHECK_INSTANCE_CAST’
   41 | #define GTK_TOGGLE_ACTION(obj)            (G_TYPE_CHECK_INSTANCE_CAST ((obj), GTK_TYPE_TOGGLE_ACTION, GtkToggleAction))
      |                                            ^~~~~~~~~~~~~~~~~~~~~~~~~~
/usr/include/gtk-3.0/gtk/deprecated/gtktoggleaction.h:41:79: note: in expansion of macro ‘GTK_TYPE_TOGGLE_ACTION’
   41 | #define GTK_TOGGLE_ACTION(obj)            (G_TYPE_CHECK_INSTANCE_CAST ((obj), GTK_TYPE_TOGGLE_ACTION, GtkToggleAction))
      |                                                                               ^~~~~~~~~~~~~~~~~~~~~~
Browser.cpp:972:70: note: in expansion of macro ‘GTK_TOGGLE_ACTION’
  972 |                                         gtk_toggle_action_set_active(GTK_TOGGLE_ACTION(action),false);
      |                                                                      ^~~~~~~~~~~~~~~~~
/usr/include/gtk-3.0/gtk/deprecated/gtktoggleaction.h:73:18: note: declared here
   73 | GType            gtk_toggle_action_get_type          (void) G_GNUC_CONST;
      |                  ^~~~~~~~~~~~~~~~~~~~~~~~~~
Browser.cpp:972:69: warning: ‘void gtk_toggle_action_set_active(GtkToggleAction*, gboolean)’ is deprecated [-Wdeprecated-declarations]
  972 |                                         gtk_toggle_action_set_active(GTK_TOGGLE_ACTION(action),false);
      |                                         ~~~~~~~~~~~~~~~~~~~~~~~~~~~~^~~~~~~~~~~~~~~~~~~~~~~~~~~~~~~~~
/usr/include/gtk-3.0/gtk/deprecated/gtktoggleaction.h:82:18: note: declared here
   82 | void             gtk_toggle_action_set_active        (GtkToggleAction *action,
      |                  ^~~~~~~~~~~~~~~~~~~~~~~~~~~~
QuiverStockIcons.h:8:37: warning: ISO C++ forbids converting a string constant to ‘char*’ [-Wwrite-strings]
    8 | #define QUIVER_STOCK_ROTATE_CCW     "edit-undo" // GTK_STOCK_UNDO //"quiver-icon-rotate-ccw"
      |                                     ^~~~~~~~~~~
QuiverStockIcons.cpp:12:9: note: in expansion of macro ‘QUIVER_STOCK_ROTATE_CCW’
   12 |         QUIVER_STOCK_ROTATE_CCW,
      |         ^~~~~~~~~~~~~~~~~~~~~~~
QuiverStockIcons.cpp: In static member function ‘static void QuiverStockIcons::Load()’:
QuiverStockIcons.cpp:147:55: warning: ‘GtkIconFactory* gtk_icon_factory_new()’ is deprecated [-Wdeprecated-declarations]
  147 |         GtkIconFactory* factory = gtk_icon_factory_new();
      |                                   ~~~~~~~~~~~~~~~~~~~~^~
In file included from /usr/include/gtk-3.0/gtk/gtkstyleprovider.h:27,
                 from /usr/include/gtk-3.0/gtk/gtkstylecontext.h:27,
                 from /usr/include/gtk-3.0/gtk/gtkicontheme.h:27,
                 from /usr/include/gtk-3.0/gtk/gtk.h:127:
/usr/include/gtk-3.0/gtk/deprecated/gtkiconfactory.h:80:17: note: declared here
   80 | GtkIconFactory* gtk_icon_factory_new      (void);
      |                 ^~~~~~~~~~~~~~~~~~~~
QuiverStockIcons.cpp:154:60: warning: ‘GtkIconSource* gtk_icon_source_new()’ is deprecated [-Wdeprecated-declarations]
  154 |                 GtkIconSource* source = gtk_icon_source_new();
      |                                         ~~~~~~~~~~~~~~~~~~~^~
/usr/include/gtk-3.0/gtk/deprecated/gtkiconfactory.h:170:16: note: declared here
  170 | GtkIconSource* gtk_icon_source_new                      (void);
      |                ^~~~~~~~~~~~~~~~~~~
/usr/include/gtk-3.0/gtk/deprecated/gtktoggleaction.h:40:71: warning: ‘GType gtk_toggle_action_get_type()’ is deprecated [-Wdeprecated-declarations]
   40 | #define GTK_TYPE_TOGGLE_ACTION            (gtk_toggle_action_get_type ())
      |                                            ~~~~~~~~~~~~~~~~~~~~~~~~~~~^~
/usr/include/glib-2.0/gobject/gtype.h:2660:70: note: in definition of macro ‘_G_TYPE_CIC’
 2660 |     ((ct*) (void *) g_type_check_instance_cast ((GTypeInstance*) ip, gt))
      |                                                                      ^~
/usr/include/gtk-3.0/gtk/deprecated/gtktoggleaction.h:41:44: note: in expansion of macro ‘G_TYPE_CHECK_INSTANCE_CAST’
   41 | #define GTK_TOGGLE_ACTION(obj)            (G_TYPE_CHECK_INSTANCE_CAST ((obj), GTK_TYPE_TOGGLE_ACTION, GtkToggleAction))
      |                                            ^~~~~~~~~~~~~~~~~~~~~~~~~~
/usr/include/gtk-3.0/gtk/deprecated/gtktoggleaction.h:41:79: note: in expansion of macro ‘GTK_TYPE_TOGGLE_ACTION’
   41 | #define GTK_TOGGLE_ACTION(obj)            (G_TYPE_CHECK_INSTANCE_CAST ((obj), GTK_TYPE_TOGGLE_ACTION, GtkToggleAction))
      |                                                                               ^~~~~~~~~~~~~~~~~~~~~~
Browser.cpp:983:70: note: in expansion of macro ‘GTK_TOGGLE_ACTION’
  983 |                                         gtk_toggle_action_set_active(GTK_TOGGLE_ACTION(action), true);
      |                                                                      ^~~~~~~~~~~~~~~~~
/usr/include/gtk-3.0/gtk/deprecated/gtktoggleaction.h:73:18: note: declared here
   73 | GType            gtk_toggle_action_get_type          (void) G_GNUC_CONST;
      |                  ^~~~~~~~~~~~~~~~~~~~~~~~~~
QuiverStockIcons.cpp:155:46: warning: ‘void gtk_icon_source_set_icon_name(GtkIconSource*, const gchar*)’ is deprecated [-Wdeprecated-declarations]
  155 |                 gtk_icon_source_set_icon_name(source, icons[i]);
      |                 ~~~~~~~~~~~~~~~~~~~~~~~~~~~~~^~~~~~~~~~~~~~~~~~
/usr/include/gtk-3.0/gtk/deprecated/gtkiconfactory.h:180:16: note: declared here
  180 | void           gtk_icon_source_set_icon_name            (GtkIconSource       *source,
      |                ^~~~~~~~~~~~~~~~~~~~~~~~~~~~~
Browser.cpp:983:69: warning: ‘void gtk_toggle_action_set_active(GtkToggleAction*, gboolean)’ is deprecated [-Wdeprecated-declarations]
  983 |                                         gtk_toggle_action_set_active(GTK_TOGGLE_ACTION(action), true);
      |                                         ~~~~~~~~~~~~~~~~~~~~~~~~~~~~^~~~~~~~~~~~~~~~~~~~~~~~~~~~~~~~~
/usr/include/gtk-3.0/gtk/deprecated/gtktoggleaction.h:82:18: note: declared here
   82 | void             gtk_toggle_action_set_active        (GtkToggleAction *action,
      |                  ^~~~~~~~~~~~~~~~~~~~~~~~~~~~
QuiverStockIcons.cpp:158:45: warning: ‘GtkIconSet* gtk_icon_set_new()’ is deprecated [-Wdeprecated-declarations]
  158 |                 icon_set = gtk_icon_set_new ();
      |                            ~~~~~~~~~~~~~~~~~^~
/usr/include/gtk-3.0/gtk/deprecated/gtkiconfactory.h:138:13: note: declared here
  138 | GtkIconSet* gtk_icon_set_new             (void);
      |             ^~~~~~~~~~~~~~~~
QuiverStockIcons.cpp:159:40: warning: ‘void gtk_icon_set_add_source(GtkIconSet*, const GtkIconSource*)’ is deprecated [-Wdeprecated-declarations]
  159 |                 gtk_icon_set_add_source(icon_set, source);
      |                 ~~~~~~~~~~~~~~~~~~~~~~~^~~~~~~~~~~~~~~~~~
/usr/include/gtk-3.0/gtk/deprecated/gtkiconfactory.h:159:16: note: declared here
  159 | void           gtk_icon_set_add_source   (GtkIconSet          *icon_set,
      |                ^~~~~~~~~~~~~~~~~~~~~~~
QuiverStockIcons.cpp:161:37: warning: ‘void gtk_icon_factory_add(GtkIconFactory*, const gchar*, GtkIconSet*)’ is deprecated [-Wdeprecated-declarations]
  161 |                 gtk_icon_factory_add(factory,icons[i],icon_set);
      |                 ~~~~~~~~~~~~~~~~~~~~^~~~~~~~~~~~~~~~~~~~~~~~~~~
/usr/include/gtk-3.0/gtk/deprecated/gtkiconfactory.h:82:17: note: declared here
   82 | void            gtk_icon_factory_add      (GtkIconFactory *factory,
      |                 ^~~~~~~~~~~~~~~~~~~~
QuiverStockIcons.cpp:163:35: warning: ‘void gtk_icon_set_unref(GtkIconSet*)’ is deprecated [-Wdeprecated-declarations]
  163 |                 gtk_icon_set_unref(icon_set);
      |                 ~~~~~~~~~~~~~~~~~~^~~~~~~~~~
/usr/include/gtk-3.0/gtk/deprecated/gtkiconfactory.h:145:13: note: declared here
  145 | void        gtk_icon_set_unref           (GtkIconSet      *icon_set);
      |             ^~~~~~~~~~~~~~~~~~
Browser.cpp: In member function ‘void Browser::BrowserImpl::Show()’:
Browser.cpp:997:71: warning: ‘guint gtk_ui_manager_add_ui_from_string(GtkUIManager*, const gchar*, gssize, GError**)’ is deprecated [-Wdeprecated-declarations]
  997 |                 m_iMergedBrowserUI = gtk_ui_manager_add_ui_from_string(m_pUIManager,
      |                                      ~~~~~~~~~~~~~~~~~~~~~~~~~~~~~~~~~^~~~~~~~~~~~~~
  998 |                                 ui_browser,
      |                                 ~~~~~~~~~~~
  999 |                                 strlen(ui_browser),
      |                                 ~~~~~~~~~~~~~~~~~~~
 1000 |                                 &tmp_error);
      |                                 ~~~~~~~~~~~
/usr/include/gtk-3.0/gtk/deprecated/gtkuimanager.h:158:16: note: declared here
  158 | guint          gtk_ui_manager_add_ui_from_string  (GtkUIManager          *manager,
      |                ^~~~~~~~~~~~~~~~~~~~~~~~~~~~~~~~~
QuiverStockIcons.cpp:164:37: warning: ‘void gtk_icon_source_free(GtkIconSource*)’ is deprecated [-Wdeprecated-declarations]
  164 |                 gtk_icon_source_free(source);
      |                 ~~~~~~~~~~~~~~~~~~~~^~~~~~~~
/usr/include/gtk-3.0/gtk/deprecated/gtkiconfactory.h:174:16: note: declared here
  174 | void           gtk_icon_source_free                     (GtkIconSource       *source);
      |                ^~~~~~~~~~~~~~~~~~~~
Browser.cpp:1001:45: warning: ‘void gtk_ui_manager_ensure_update(GtkUIManager*)’ is deprecated [-Wdeprecated-declarations]
 1001 |                 gtk_ui_manager_ensure_update(m_pUIManager);
      |                 ~~~~~~~~~~~~~~~~~~~~~~~~~~~~^~~~~~~~~~~~~~
/usr/include/gtk-3.0/gtk/deprecated/gtkuimanager.h:184:16: note: declared here
  184 | void           gtk_ui_manager_ensure_update       (GtkUIManager          *manager);
      |                ^~~~~~~~~~~~~~~~~~~~~~~~~~~~
QuiverStockIcons.cpp:166:38: warning: ‘void gtk_icon_factory_add_default(GtkIconFactory*)’ is deprecated [-Wdeprecated-declarations]
  166 |         gtk_icon_factory_add_default (factory);
      |         ~~~~~~~~~~~~~~~~~~~~~~~~~~~~~^~~~~~~~~
/usr/include/gtk-3.0/gtk/deprecated/gtkiconfactory.h:92:13: note: declared here
   92 | void        gtk_icon_factory_add_default     (GtkIconFactory  *factory);
      |             ^~~~~~~~~~~~~~~~~~~~~~~~~~~~
Browser.cpp:1003:63: warning: ‘GtkWidget* gtk_ui_manager_get_widget(GtkUIManager*, const gchar*)’ is deprecated [-Wdeprecated-declarations]
 1003 |                 GtkWidget* toolbar = gtk_ui_manager_get_widget(m_pUIManager,"/ui/ToolbarMain/");
      |                                      ~~~~~~~~~~~~~~~~~~~~~~~~~^~~~~~~~~~~~~~~~~~~~~~~~~~~~~~~~~
/usr/include/gtk-3.0/gtk/deprecated/gtkuimanager.h:149:16: note: declared here
  149 | GtkWidget     *gtk_ui_manager_get_widget          (GtkUIManager          *manager,
      |                ^~~~~~~~~~~~~~~~~~~~~~~~~
Browser.cpp: In member function ‘void Browser::BrowserImpl::Hide()’:
Browser.cpp:1058:41: warning: ‘void gtk_ui_manager_remove_ui(GtkUIManager*, guint)’ is deprecated [-Wdeprecated-declarations]
 1058 |                 gtk_ui_manager_remove_ui(m_pUIManager, m_iMergedBrowserUI);
      |                 ~~~~~~~~~~~~~~~~~~~~~~~~^~~~~~~~~~~~~~~~~~~~~~~~~~~~~~~~~~
/usr/include/gtk-3.0/gtk/deprecated/gtkuimanager.h:179:16: note: declared here
  179 | void           gtk_ui_manager_remove_ui           (GtkUIManager          *manager,
      |                ^~~~~~~~~~~~~~~~~~~~~~~~
Browser.cpp:1060:45: warning: ‘void gtk_ui_manager_ensure_update(GtkUIManager*)’ is deprecated [-Wdeprecated-declarations]
 1060 |                 gtk_ui_manager_ensure_update(m_pUIManager);
      |                 ~~~~~~~~~~~~~~~~~~~~~~~~~~~~^~~~~~~~~~~~~~
/usr/include/gtk-3.0/gtk/deprecated/gtkuimanager.h:184:16: note: declared here
  184 | void           gtk_ui_manager_ensure_update       (GtkUIManager          *manager);
      |                ^~~~~~~~~~~~~~~~~~~~~~~~~~~~
Browser.cpp:1062:63: warning: ‘GtkWidget* gtk_ui_manager_get_widget(GtkUIManager*, const gchar*)’ is deprecated [-Wdeprecated-declarations]
 1062 |                 GtkWidget* toolbar = gtk_ui_manager_get_widget(m_pUIManager,"/ui/ToolbarMain/");
      |                                      ~~~~~~~~~~~~~~~~~~~~~~~~~^~~~~~~~~~~~~~~~~~~~~~~~~~~~~~~~~
/usr/include/gtk-3.0/gtk/deprecated/gtkuimanager.h:149:16: note: declared here
  149 | GtkWidget     *gtk_ui_manager_get_widget          (GtkUIManager          *manager,
      |                ^~~~~~~~~~~~~~~~~~~~~~~~~
Browser.cpp: In function ‘gboolean thumbnail_loader_update_list(gpointer)’:
Browser.cpp:1257:26: warning: ‘void gdk_threads_enter()’ is deprecated [-Wdeprecated-declarations]
 1257 |         gdk_threads_enter();
      |         ~~~~~~~~~~~~~~~~~^~
/usr/include/gtk-3.0/gdk/gdkthreads.h:46:10: note: declared here
   46 | void     gdk_threads_enter                    (void);
      |          ^~~~~~~~~~~~~~~~~
Browser.cpp:1260:26: warning: ‘void gdk_threads_leave()’ is deprecated [-Wdeprecated-declarations]
 1260 |         gdk_threads_leave();
      |         ~~~~~~~~~~~~~~~~~^~
/usr/include/gtk-3.0/gdk/gdkthreads.h:48:10: note: declared here
   48 | void     gdk_threads_leave                    (void);
      |          ^~~~~~~~~~~~~~~~~
Browser.cpp: In function ‘void iconview_selection_changed_cb(QuiverIconView*, gpointer)’:
Browser.cpp:1396:54: warning: ‘GtkAction* gtk_ui_manager_get_action(GtkUIManager*, const gchar*)’ is deprecated [-Wdeprecated-declarations]
 1396 |         GtkAction *action = gtk_ui_manager_get_action(b->m_pUIManager,"/ui/ToolbarMain/Trash/BrowserTrash");
      |                             ~~~~~~~~~~~~~~~~~~~~~~~~~^~~~~~~~~~~~~~~~~~~~~~~~~~~~~~~~~~~~~~~~~~~~~~~~~~~~~~
/usr/include/gtk-3.0/gtk/deprecated/gtkuimanager.h:155:16: note: declared here
  155 | GtkAction     *gtk_ui_manager_get_action          (GtkUIManager          *manager,
      |                ^~~~~~~~~~~~~~~~~~~~~~~~~
Browser.cpp:1403:49: warning: ‘void gtk_action_set_sensitive(GtkAction*, gboolean)’ is deprecated [-Wdeprecated-declarations]
 1403 |                         gtk_action_set_sensitive(action,FALSE);
      |                         ~~~~~~~~~~~~~~~~~~~~~~~~^~~~~~~~~~~~~~
/usr/include/gtk-3.0/gtk/deprecated/gtkaction.h:109:14: note: declared here
  109 | void         gtk_action_set_sensitive          (GtkAction     *action,
      |              ^~~~~~~~~~~~~~~~~~~~~~~~
Browser.cpp:1407:49: warning: ‘void gtk_action_set_sensitive(GtkAction*, gboolean)’ is deprecated [-Wdeprecated-declarations]
 1407 |                         gtk_action_set_sensitive(action,TRUE);
      |                         ~~~~~~~~~~~~~~~~~~~~~~~~^~~~~~~~~~~~~
/usr/include/gtk-3.0/gtk/deprecated/gtkaction.h:109:14: note: declared here
  109 | void         gtk_action_set_sensitive          (GtkAction     *action,
      |              ^~~~~~~~~~~~~~~~~~~~~~~~
Browser.cpp: In function ‘gboolean iconview_motion_notify(GtkWidget*, GdkEventMotion*, gpointer)’:
Browser.cpp:1420:31: warning: ‘void gtk_widget_get_pointer(GtkWidget*, gint*, gint*)’ is deprecated: Use 'gdk_window_get_device_position' instead [-Wdeprecated-declarations]
 1420 |         gtk_widget_get_pointer(GTK_WIDGET(iconview), &x, &y);
      |         ~~~~~~~~~~~~~~~~~~~~~~^~~~~~~~~~~~~~~~~~~~~~~~~~~~~~
In file included from /usr/include/gtk-3.0/gtk/gtkapplication.h:27,
                 from /usr/include/gtk-3.0/gtk/gtkwindow.h:33,
                 from /usr/include/gtk-3.0/gtk/gtkdialog.h:32,
                 from /usr/include/gtk-3.0/gtk/gtkaboutdialog.h:30,
                 from /usr/include/gtk-3.0/gtk/gtk.h:31:
/usr/include/gtk-3.0/gtk/gtkwidget.h:1121:14: note: declared here
 1121 | void         gtk_widget_get_pointer     (GtkWidget      *widget,
      |              ^~~~~~~~~~~~~~~~~~~~~~
Browser.cpp:1438:43: warning: comparison of integer expressions of different signedness: ‘gint’ {aka ‘int’} and ‘guint’ {aka ‘unsigned int’} [-Wsign-compare]
 1438 |                 if (0 <= x && 0 <= y && x < width && y < height)
      |                                         ~~^~~~~~~
Browser.cpp:1438:56: warning: comparison of integer expressions of different signedness: ‘gint’ {aka ‘int’} and ‘guint’ {aka ‘unsigned int’} [-Wsign-compare]
 1438 |                 if (0 <= x && 0 <= y && x < width && y < height)
      |                                                      ~~^~~~~~~~
depbase=`echo QuiverVideoOps.o | sed 's|[^/]*$|.deps/&|;s|\.o$||'`;\
g++ -DHAVE_CONFIG_H -I. -I..  -I.. -DPACKAGE_LOCALE_DIR=\""/usr/local/share/locale"\" -DPACKAGE_SRC_DIR=\""."\" -DPACKAGE_DATA_DIR=\""/usr/local/share"\" -DQUIVER_DATADIR=\""/app/data"\" -I/usr/include/gtk-3.0 -I/usr/include/pango-1.0 -I/usr/include/glib-2.0 -I/usr/lib/x86_64-linux-gnu/glib-2.0/include -I/usr/include/harfbuzz -I/usr/include/freetype2 -I/usr/include/libpng16 -I/usr/include/libmount -I/usr/include/blkid -I/usr/include/fribidi -I/usr/include/cairo -I/usr/include/pixman-1 -I/usr/include/gdk-pixbuf-2.0 -I/usr/include/x86_64-linux-gnu -I/usr/include/webp -I/usr/include/gio-unix-2.0 -I/usr/include/atk-1.0 -I/usr/include/at-spi2-atk/2.0 -I/usr/include/at-spi-2.0 -I/usr/include/dbus-1.0 -I/usr/lib/x86_64-linux-gnu/dbus-1.0/include -pthread        -I/usr/include   -I/usr/include/gstreamer-1.0 -I/usr/include/glib-2.0 -I/usr/lib/x86_64-linux-gnu/glib-2.0/include -I/usr/include/x86_64-linux-gnu -I/usr/include/orc-0.4 -pthread  -Wall    -Wincompatible-pointer-types -Werror=incompatible-pointer-types -Werror=int-conversion -Werror=implicit-function-declaration -Wwrite-strings -MT QuiverVideoOps.o -MD -MP -MF $depbase.Tpo -c -o QuiverVideoOps.o QuiverVideoOps.cpp &&\
mv -f $depbase.Tpo $depbase.Po
Browser.cpp: In function ‘void browser_show_context_menu(GdkEventButton*, gpointer)’:
Browser.cpp:1509:50: warning: ‘GtkWidget* gtk_ui_manager_get_widget(GtkUIManager*, const gchar*)’ is deprecated [-Wdeprecated-declarations]
 1509 |                 menu = gtk_ui_manager_get_widget (b->m_pUIManager,"/ui/ContextMenuMain");
      |                        ~~~~~~~~~~~~~~~~~~~~~~~~~~^~~~~~~~~~~~~~~~~~~~~~~~~~~~~~~~~~~~~~~
/usr/include/gtk-3.0/gtk/deprecated/gtkuimanager.h:149:16: note: declared here
  149 | GtkWidget     *gtk_ui_manager_get_widget          (GtkUIManager          *manager,
      |                ^~~~~~~~~~~~~~~~~~~~~~~~~
Browser.cpp:1511:31: warning: ‘void gtk_menu_popup(GtkMenu*, GtkWidget*, GtkWidget*, GtkMenuPositionFunc, gpointer, guint, guint32)’ is deprecated: Use '(gtk_menu_popup_at_widget, gtk_menu_popup_at_pointer, gtk_menu_popup_at_rect)' instead [-Wdeprecated-declarations]
 1511 |                 gtk_menu_popup(GTK_MENU(menu), NULL, NULL, NULL, NULL,
      |                 ~~~~~~~~~~~~~~^~~~~~~~~~~~~~~~~~~~~~~~~~~~~~~~~~~~~~~~
 1512 |                           (event != NULL) ? event->button : 0,
      |                           ~~~~~~~~~~~~~~~~~~~~~~~~~~~~~~~~~~~~
 1513 |                           gdk_event_get_time((GdkEvent*)event));
      |                           ~~~~~~~~~~~~~~~~~~~~~~~~~~~~~~~~~~~~~
In file included from /usr/include/gtk-3.0/gtk/gtklabel.h:34,
                 from /usr/include/gtk-3.0/gtk/gtkaccellabel.h:35,
                 from /usr/include/gtk-3.0/gtk/gtk.h:33:
/usr/include/gtk-3.0/gtk/gtkmenu.h:138:12: note: declared here
  138 | void       gtk_menu_popup                 (GtkMenu             *menu,
      |            ^~~~~~~~~~~~~~
Browser.cpp: In function ‘void browser_action_handler_cb(GtkAction*, gpointer)’:
Browser.cpp:1564:53: warning: ‘const gchar* gtk_action_get_name(GtkAction*)’ is deprecated [-Wdeprecated-declarations]
 1564 |         const gchar * szAction = gtk_action_get_name(action);
      |                                  ~~~~~~~~~~~~~~~~~~~^~~~~~~~
/usr/include/gtk-3.0/gtk/deprecated/gtkaction.h:103:14: note: declared here
  103 | const gchar* gtk_action_get_name               (GtkAction     *action);
      |              ^~~~~~~~~~~~~~~~~~~
/usr/include/gtk-3.0/gtk/deprecated/gtktoggleaction.h:40:71: warning: ‘GType gtk_toggle_action_get_type()’ is deprecated [-Wdeprecated-declarations]
   40 | #define GTK_TYPE_TOGGLE_ACTION            (gtk_toggle_action_get_type ())
      |                                            ~~~~~~~~~~~~~~~~~~~~~~~~~~~^~
/usr/include/glib-2.0/gobject/gtype.h:2660:70: note: in definition of macro ‘_G_TYPE_CIC’
 2660 |     ((ct*) (void *) g_type_check_instance_cast ((GTypeInstance*) ip, gt))
      |                                                                      ^~
/usr/include/gtk-3.0/gtk/deprecated/gtktoggleaction.h:41:44: note: in expansion of macro ‘G_TYPE_CHECK_INSTANCE_CAST’
   41 | #define GTK_TOGGLE_ACTION(obj)            (G_TYPE_CHECK_INSTANCE_CAST ((obj), GTK_TYPE_TOGGLE_ACTION, GtkToggleAction))
      |                                            ^~~~~~~~~~~~~~~~~~~~~~~~~~
/usr/include/gtk-3.0/gtk/deprecated/gtktoggleaction.h:41:79: note: in expansion of macro ‘GTK_TYPE_TOGGLE_ACTION’
   41 | #define GTK_TOGGLE_ACTION(obj)            (G_TYPE_CHECK_INSTANCE_CAST ((obj), GTK_TYPE_TOGGLE_ACTION, GtkToggleAction))
      |                                                                               ^~~~~~~~~~~~~~~~~~~~~~
Browser.cpp:1578:50: note: in expansion of macro ‘GTK_TOGGLE_ACTION’
 1578 |                 if( gtk_toggle_action_get_active(GTK_TOGGLE_ACTION(action)) )
      |                                                  ^~~~~~~~~~~~~~~~~
/usr/include/gtk-3.0/gtk/deprecated/gtktoggleaction.h:73:18: note: declared here
   73 | GType            gtk_toggle_action_get_type          (void) G_GNUC_CONST;
      |                  ^~~~~~~~~~~~~~~~~~~~~~~~~~
Browser.cpp:1578:49: warning: ‘gboolean gtk_toggle_action_get_active(GtkToggleAction*)’ is deprecated [-Wdeprecated-declarations]
 1578 |                 if( gtk_toggle_action_get_active(GTK_TOGGLE_ACTION(action)) )
      |                     ~~~~~~~~~~~~~~~~~~~~~~~~~~~~^~~~~~~~~~~~~~~~~~~~~~~~~~~
/usr/include/gtk-3.0/gtk/deprecated/gtktoggleaction.h:85:18: note: declared here
   85 | gboolean         gtk_toggle_action_get_active        (GtkToggleAction *action);
      |                  ^~~~~~~~~~~~~~~~~~~~~~~~~~~~
/usr/include/gtk-3.0/gtk/deprecated/gtktoggleaction.h:40:71: warning: ‘GType gtk_toggle_action_get_type()’ is deprecated [-Wdeprecated-declarations]
   40 | #define GTK_TYPE_TOGGLE_ACTION            (gtk_toggle_action_get_type ())
      |                                            ~~~~~~~~~~~~~~~~~~~~~~~~~~~^~
/usr/include/glib-2.0/gobject/gtype.h:2660:70: note: in definition of macro ‘_G_TYPE_CIC’
 2660 |     ((ct*) (void *) g_type_check_instance_cast ((GTypeInstance*) ip, gt))
      |                                                                      ^~
/usr/include/gtk-3.0/gtk/deprecated/gtktoggleaction.h:41:44: note: in expansion of macro ‘G_TYPE_CHECK_INSTANCE_CAST’
   41 | #define GTK_TOGGLE_ACTION(obj)            (G_TYPE_CHECK_INSTANCE_CAST ((obj), GTK_TYPE_TOGGLE_ACTION, GtkToggleAction))
      |                                            ^~~~~~~~~~~~~~~~~~~~~~~~~~
/usr/include/gtk-3.0/gtk/deprecated/gtktoggleaction.h:41:79: note: in expansion of macro ‘GTK_TYPE_TOGGLE_ACTION’
   41 | #define GTK_TOGGLE_ACTION(obj)            (G_TYPE_CHECK_INSTANCE_CAST ((obj), GTK_TYPE_TOGGLE_ACTION, GtkToggleAction))
      |                                                                               ^~~~~~~~~~~~~~~~~~~~~~
Browser.cpp:1599:50: note: in expansion of macro ‘GTK_TOGGLE_ACTION’
 1599 |                 if( gtk_toggle_action_get_active(GTK_TOGGLE_ACTION(action)) )
      |                                                  ^~~~~~~~~~~~~~~~~
/usr/include/gtk-3.0/gtk/deprecated/gtktoggleaction.h:73:18: note: declared here
   73 | GType            gtk_toggle_action_get_type          (void) G_GNUC_CONST;
      |                  ^~~~~~~~~~~~~~~~~~~~~~~~~~
Browser.cpp:1599:49: warning: ‘gboolean gtk_toggle_action_get_active(GtkToggleAction*)’ is deprecated [-Wdeprecated-declarations]
 1599 |                 if( gtk_toggle_action_get_active(GTK_TOGGLE_ACTION(action)) )
      |                     ~~~~~~~~~~~~~~~~~~~~~~~~~~~~^~~~~~~~~~~~~~~~~~~~~~~~~~~
/usr/include/gtk-3.0/gtk/deprecated/gtktoggleaction.h:85:18: note: declared here
   85 | gboolean         gtk_toggle_action_get_active        (GtkToggleAction *action);
      |                  ^~~~~~~~~~~~~~~~~~~~~~~~~~~~
cc1plus: warning: command-line option ‘-Wincompatible-pointer-types’ is valid for C/ObjC but not for C++
cc1plus: warning: ‘-Werror=’ argument ‘-Werror=incompatible-pointer-types’ is not valid for C++
cc1plus: warning: ‘-Werror=’ argument ‘-Werror=int-conversion’ is not valid for C++
cc1plus: warning: ‘-Werror=’ argument ‘-Werror=implicit-function-declaration’ is not valid for C++
Browser.cpp:1728:68: warning: format not a string literal and no format arguments [-Wformat-security]
 1728 |                         GtkWidget* dialog = gtk_message_dialog_new (/*FIXME*/NULL,GTK_DIALOG_MODAL,
      |                                             ~~~~~~~~~~~~~~~~~~~~~~~^~~~~~~~~~~~~~~~~~~~~~~~~~~~~~~~
 1729 |                                                                         GTK_MESSAGE_QUESTION,GTK_BUTTONS_YES_NO,strDlgText.c_str());
      |                                                                         ~~~~~~~~~~~~~~~~~~~~~~~~~~~~~~~~~~~~~~~~~~~~~~~~~~~~~~~~~~~
Browser.cpp: In member function ‘virtual void Browser::BrowserImpl::ImageListEventHandler::HandleContentsChanged(ImageListEventPtr)’:
Browser.cpp:1834:49: warning: format ‘%d’ expects argument of type ‘int’, but argument 4 has type ‘std::__cxx11::list<std::__cxx11::basic_string<char> >::size_type’ {aka ‘long unsigned int’} [-Wformat=]
 1834 |                         g_snprintf(szText,256,"%d files", files.size());
      |                                                ~^         ~~~~~~~~~~~~
      |                                                 |                   |
      |                                                 int                 std::__cxx11::list<std::__cxx11::basic_string<char> >::size_type {aka long unsigned int}
      |                                                %ld
Browser.cpp:1838:49: warning: format ‘%d’ expects argument of type ‘int’, but argument 4 has type ‘std::__cxx11::list<std::__cxx11::basic_string<char> >::size_type’ {aka ‘long unsigned int’} [-Wformat=]
 1838 |                         g_snprintf(szText,256,"%d folders", dirs.size());
      |                                                ~^           ~~~~~~~~~~~
      |                                                 |                    |
      |                                                 int                  std::__cxx11::list<std::__cxx11::basic_string<char> >::size_type {aka long unsigned int}
      |                                                %ld
Browser.cpp:1842:49: warning: format ‘%d’ expects argument of type ‘int’, but argument 4 has type ‘std::__cxx11::list<std::__cxx11::basic_string<char> >::size_type’ {aka ‘long unsigned int’} [-Wformat=]
 1842 |                         g_snprintf(szText,256,"%d folders, %d files", dirs.size(), files.size());
      |                                                ~^                     ~~~~~~~~~~~
      |                                                 |                              |
      |                                                 int                            std::__cxx11::list<std::__cxx11::basic_string<char> >::size_type {aka long unsigned int}
      |                                                %ld
Browser.cpp:1842:61: warning: format ‘%d’ expects argument of type ‘int’, but argument 5 has type ‘std::__cxx11::list<std::__cxx11::basic_string<char> >::size_type’ {aka ‘long unsigned int’} [-Wformat=]
 1842 |                         g_snprintf(szText,256,"%d folders, %d files", dirs.size(), files.size());
      |                                                            ~^                      ~~~~~~~~~~~~
      |                                                             |                                |
      |                                                             int                              std::__cxx11::list<std::__cxx11::basic_string<char> >::size_type {aka long unsigned int}
      |                                                            %ld
Browser.cpp: In member function ‘virtual void Browser::BrowserImpl::ImageListEventHandler::HandleCurrentIndexChanged(ImageListEventPtr)’:
Browser.cpp:1858:14: warning: variable ‘width’ set but not used [-Wunused-but-set-variable]
 1858 |         gint width=0, height=0;
      |              ^~~~~
Browser.cpp:1858:23: warning: variable ‘height’ set but not used [-Wunused-but-set-variable]
 1858 |         gint width=0, height=0;
      |                       ^~~~~~
Browser.cpp: In member function ‘virtual void Browser::BrowserImpl::BrowserThumbLoader::LoadThumbnail(const ThumbLoaderItem&, guint, guint)’:
Browser.cpp:2025:42: warning: ‘void gdk_threads_enter()’ is deprecated [-Wdeprecated-declarations]
 2025 |                         gdk_threads_enter();
      |                         ~~~~~~~~~~~~~~~~~^~
/usr/include/gtk-3.0/gdk/gdkthreads.h:46:10: note: declared here
   46 | void     gdk_threads_enter                    (void);
      |          ^~~~~~~~~~~~~~~~~
Browser.cpp:2027:42: warning: ‘void gdk_threads_leave()’ is deprecated [-Wdeprecated-declarations]
 2027 |                         gdk_threads_leave();
      |                         ~~~~~~~~~~~~~~~~~^~
/usr/include/gtk-3.0/gdk/gdkthreads.h:48:10: note: declared here
   48 | void     gdk_threads_leave                    (void);
      |          ^~~~~~~~~~~~~~~~~
Browser.cpp: In member function ‘virtual void Browser::BrowserImpl::BrowserThumbLoader::SetIsRunning(bool)’:
Browser.cpp:2061:34: warning: ‘void gdk_threads_enter()’ is deprecated [-Wdeprecated-declarations]
 2061 |                 gdk_threads_enter();
      |                 ~~~~~~~~~~~~~~~~~^~
/usr/include/gtk-3.0/gdk/gdkthreads.h:46:10: note: declared here
   46 | void     gdk_threads_enter                    (void);
      |          ^~~~~~~~~~~~~~~~~
Browser.cpp:2070:34: warning: ‘void gdk_threads_leave()’ is deprecated [-Wdeprecated-declarations]
 2070 |                 gdk_threads_leave();
      |                 ~~~~~~~~~~~~~~~~~^~
/usr/include/gtk-3.0/gdk/gdkthreads.h:48:10: note: declared here
   48 | void     gdk_threads_leave                    (void);
      |          ^~~~~~~~~~~~~~~~~
In file included from /usr/include/boost/smart_ptr/detail/requires_cxx11.hpp:9,
                 from /usr/include/boost/smart_ptr/shared_ptr.hpp:17,
                 from /usr/include/boost/shared_ptr.hpp:17,
                 from Viewer.h:6,
                 from Viewer.cpp:15:
/usr/include/boost/bind.hpp:36:1: note: ‘#pragma message: The practice of declaring the Bind placeholders (_1, _2, ...) in the global namespace is deprecated. Please use <boost/bind/bind.hpp> + using namespace boost::placeholders, or define BOOST_BIND_GLOBAL_PLACEHOLDERS to retain the current behavior.’
   36 | BOOST_PRAGMA_MESSAGE(
      | ^~~~~~~~~~~~~~~~~~~~
In file included from Viewer.cpp:17:
icons/nav_button.xpm:3:1: warning: ISO C++ forbids converting a string constant to ‘char*’ [-Wwrite-strings]
    3 | "14 14 2 1",
      | ^~~~~~~~~~~
icons/nav_button.xpm:4:1: warning: ISO C++ forbids converting a string constant to ‘char*’ [-Wwrite-strings]
    4 | "       c None",
      | ^~~~~~~~~~~~~~~
icons/nav_button.xpm:5:1: warning: ISO C++ forbids converting a string constant to ‘char*’ [-Wwrite-strings]
    5 | ".      c #000000",
      | ^~~~~~~~~~~~~~~~~~
icons/nav_button.xpm:6:1: warning: ISO C++ forbids converting a string constant to ‘char*’ [-Wwrite-strings]
    6 | "      ..      ",
      | ^~~~~~~~~~~~~~~~
icons/nav_button.xpm:7:1: warning: ISO C++ forbids converting a string constant to ‘char*’ [-Wwrite-strings]
    7 | "     ....     ",
      | ^~~~~~~~~~~~~~~~
icons/nav_button.xpm:8:1: warning: ISO C++ forbids converting a string constant to ‘char*’ [-Wwrite-strings]
    8 | "    ......    ",
      | ^~~~~~~~~~~~~~~~
icons/nav_button.xpm:9:1: warning: ISO C++ forbids converting a string constant to ‘char*’ [-Wwrite-strings]
    9 | "      ..      ",
      | ^~~~~~~~~~~~~~~~
icons/nav_button.xpm:10:1: warning: ISO C++ forbids converting a string constant to ‘char*’ [-Wwrite-strings]
   10 | "  .   ..   .  ",
      | ^~~~~~~~~~~~~~~~
icons/nav_button.xpm:11:1: warning: ISO C++ forbids converting a string constant to ‘char*’ [-Wwrite-strings]
   11 | " ..   ..   .. ",
      | ^~~~~~~~~~~~~~~~
icons/nav_button.xpm:12:1: warning: ISO C++ forbids converting a string constant to ‘char*’ [-Wwrite-strings]
   12 | "..............",
      | ^~~~~~~~~~~~~~~~
icons/nav_button.xpm:13:1: warning: ISO C++ forbids converting a string constant to ‘char*’ [-Wwrite-strings]
   13 | "..............",
      | ^~~~~~~~~~~~~~~~
icons/nav_button.xpm:14:1: warning: ISO C++ forbids converting a string constant to ‘char*’ [-Wwrite-strings]
   14 | " ..   ..   .. ",
      | ^~~~~~~~~~~~~~~~
icons/nav_button.xpm:15:1: warning: ISO C++ forbids converting a string constant to ‘char*’ [-Wwrite-strings]
   15 | "  .   ..   .  ",
      | ^~~~~~~~~~~~~~~~
icons/nav_button.xpm:16:1: warning: ISO C++ forbids converting a string constant to ‘char*’ [-Wwrite-strings]
   16 | "      ..      ",
      | ^~~~~~~~~~~~~~~~
icons/nav_button.xpm:17:1: warning: ISO C++ forbids converting a string constant to ‘char*’ [-Wwrite-strings]
   17 | "    ......    ",
      | ^~~~~~~~~~~~~~~~
icons/nav_button.xpm:18:1: warning: ISO C++ forbids converting a string constant to ‘char*’ [-Wwrite-strings]
   18 | "     ....     ",
      | ^~~~~~~~~~~~~~~~
icons/nav_button.xpm:19:1: warning: ISO C++ forbids converting a string constant to ‘char*’ [-Wwrite-strings]
   19 | "      ..      "};
      | ^~~~~~~~~~~~~~~~
Viewer.cpp:115:19: warning: ISO C++ forbids converting a string constant to ‘gchar*’ {aka ‘char*’} [-Wwrite-strings]
  115 |                 { "STRING",     0, QUIVER_TARGET_STRING }, // STRING is used for legacy motif apps
      |                   ^~~~~~~~
Viewer.cpp:116:19: warning: ISO C++ forbids converting a string constant to ‘gchar*’ {aka ‘char*’} [-Wwrite-strings]
  116 |                 { "text/plain", 0, QUIVER_TARGET_STRING },  // the real mime types to support
      |                   ^~~~~~~~~~~~
Viewer.cpp:117:20: warning: ISO C++ forbids converting a string constant to ‘gchar*’ {aka ‘char*’} [-Wwrite-strings]
  117 |                  { "text/uri-list", 0, QUIVER_TARGET_URI },
      |                    ^~~~~~~~~~~~~~~
In file included from /usr/include/gtk-3.0/gtk/deprecated/gtkactiongroup.h:37,
                 from /usr/include/gtk-3.0/gtk/gtk.h:254,
                 from ../libquiver/quiver-icon-view.h:6,
                 from Viewer.cpp:5:
/usr/include/gtk-3.0/gtk/deprecated/gtkstock.h:246:38: warning: ‘GtkStock’ is deprecated [-Wdeprecated-declarations]
  246 | #define GTK_STOCK_CUT              ((GtkStock)"gtk-cut")
      |                                      ^~~~~~~~
QuiverStockIcons.h:68:38: note: in expansion of macro ‘GTK_STOCK_CUT’
   68 | #define QUIVER_STOCK_CUT             GTK_STOCK_CUT
      |                                      ^~~~~~~~~~~~~
Viewer.cpp:333:30: note: in expansion of macro ‘QUIVER_STOCK_CUT’
  333 |         { ACTION_VIEWER_CUT, QUIVER_STOCK_CUT, "_Cut", "<Control>X", "Cut image", G_CALLBACK(viewer_action_handler_cb)},
      |                              ^~~~~~~~~~~~~~~~
/usr/include/gtk-3.0/gtk/deprecated/gtkstock.h:108:16: note: declared here
  108 | typedef char * GtkStock;
      |                ^~~~~~~~
/usr/include/gtk-3.0/gtk/deprecated/gtkstock.h:237:38: warning: ‘GtkStock’ is deprecated [-Wdeprecated-declarations]
  237 | #define GTK_STOCK_COPY             ((GtkStock)"gtk-copy")
      |                                      ^~~~~~~~
QuiverStockIcons.h:69:38: note: in expansion of macro ‘GTK_STOCK_COPY’
   69 | #define QUIVER_STOCK_COPY            GTK_STOCK_COPY
      |                                      ^~~~~~~~~~~~~~
Viewer.cpp:334:31: note: in expansion of macro ‘QUIVER_STOCK_COPY’
  334 |         { ACTION_VIEWER_COPY, QUIVER_STOCK_COPY, "Copy", "<Control>C", "Copy image", G_CALLBACK(viewer_action_handler_cb)},
      |                               ^~~~~~~~~~~~~~~~~
/usr/include/gtk-3.0/gtk/deprecated/gtkstock.h:108:16: note: declared here
  108 | typedef char * GtkStock;
      |                ^~~~~~~~
/usr/include/gtk-3.0/gtk/deprecated/gtkstock.h:255:38: warning: ‘GtkStock’ is deprecated [-Wdeprecated-declarations]
  255 | #define GTK_STOCK_DELETE           ((GtkStock)"gtk-delete")
      |                                      ^~~~~~~~
QuiverStockIcons.h:56:38: note: in expansion of macro ‘GTK_STOCK_DELETE’
   56 | #define QUIVER_STOCK_DELETE          GTK_STOCK_DELETE
      |                                      ^~~~~~~~~~~~~~~~
Viewer.cpp:338:32: note: in expansion of macro ‘QUIVER_STOCK_DELETE’
  338 |         { ACTION_VIEWER_TRASH, QUIVER_STOCK_DELETE, "_Move To Trash", "Delete", "Move image to the Trash", G_CALLBACK(viewer_action_handler_cb)},
      |                                ^~~~~~~~~~~~~~~~~~~
/usr/include/gtk-3.0/gtk/deprecated/gtkstock.h:108:16: note: declared here
  108 | typedef char * GtkStock;
      |                ^~~~~~~~
/usr/include/gtk-3.0/gtk/deprecated/gtkstock.h:469:38: warning: ‘GtkStock’ is deprecated [-Wdeprecated-declarations]
  469 | #define GTK_STOCK_GO_BACK          ((GtkStock)"gtk-go-back")
      |                                      ^~~~~~~~
QuiverStockIcons.h:58:38: note: in expansion of macro ‘GTK_STOCK_GO_BACK’
   58 | #define QUIVER_STOCK_GO_BACK         GTK_STOCK_GO_BACK
      |                                      ^~~~~~~~~~~~~~~~~
Viewer.cpp:341:35: note: in expansion of macro ‘QUIVER_STOCK_GO_BACK’
  341 |         { ACTION_VIEWER_PREVIOUS, QUIVER_STOCK_GO_BACK, "_Previous Image", "BackSpace", "Go to previous image", G_CALLBACK(viewer_action_handler_cb)},
      |                                   ^~~~~~~~~~~~~~~~~~~~
/usr/include/gtk-3.0/gtk/deprecated/gtkstock.h:108:16: note: declared here
  108 | typedef char * GtkStock;
      |                ^~~~~~~~
/usr/include/gtk-3.0/gtk/deprecated/gtkstock.h:469:38: warning: ‘GtkStock’ is deprecated [-Wdeprecated-declarations]
  469 | #define GTK_STOCK_GO_BACK          ((GtkStock)"gtk-go-back")
      |                                      ^~~~~~~~
QuiverStockIcons.h:58:38: note: in expansion of macro ‘GTK_STOCK_GO_BACK’
   58 | #define QUIVER_STOCK_GO_BACK         GTK_STOCK_GO_BACK
      |                                      ^~~~~~~~~~~~~~~~~
Viewer.cpp:342:37: note: in expansion of macro ‘QUIVER_STOCK_GO_BACK’
  342 |         { ACTION_VIEWER_PREVIOUS_2, QUIVER_STOCK_GO_BACK, "_Previous Image", "<Shift>space", "Go to previous image", G_CALLBACK(viewer_action_handler_cb)},
      |                                     ^~~~~~~~~~~~~~~~~~~~
/usr/include/gtk-3.0/gtk/deprecated/gtkstock.h:108:16: note: declared here
  108 | typedef char * GtkStock;
      |                ^~~~~~~~
/usr/include/gtk-3.0/gtk/deprecated/gtkstock.h:487:38: warning: ‘GtkStock’ is deprecated [-Wdeprecated-declarations]
  487 | #define GTK_STOCK_GO_FORWARD       ((GtkStock)"gtk-go-forward")
      |                                      ^~~~~~~~
QuiverStockIcons.h:59:38: note: in expansion of macro ‘GTK_STOCK_GO_FORWARD’
   59 | #define QUIVER_STOCK_GO_FORWARD      GTK_STOCK_GO_FORWARD
      |                                      ^~~~~~~~~~~~~~~~~~~~
Viewer.cpp:343:31: note: in expansion of macro ‘QUIVER_STOCK_GO_FORWARD’
  343 |         { ACTION_VIEWER_NEXT, QUIVER_STOCK_GO_FORWARD, "_Next Image", "space", "Go to next image", G_CALLBACK(viewer_action_handler_cb)},
      |                               ^~~~~~~~~~~~~~~~~~~~~~~
/usr/include/gtk-3.0/gtk/deprecated/gtkstock.h:108:16: note: declared here
  108 | typedef char * GtkStock;
      |                ^~~~~~~~
/usr/include/gtk-3.0/gtk/deprecated/gtkstock.h:487:38: warning: ‘GtkStock’ is deprecated [-Wdeprecated-declarations]
  487 | #define GTK_STOCK_GO_FORWARD       ((GtkStock)"gtk-go-forward")
      |                                      ^~~~~~~~
QuiverStockIcons.h:59:38: note: in expansion of macro ‘GTK_STOCK_GO_FORWARD’
   59 | #define QUIVER_STOCK_GO_FORWARD      GTK_STOCK_GO_FORWARD
      |                                      ^~~~~~~~~~~~~~~~~~~~
Viewer.cpp:344:33: note: in expansion of macro ‘QUIVER_STOCK_GO_FORWARD’
  344 |         { ACTION_VIEWER_NEXT_2, QUIVER_STOCK_GO_FORWARD, "_Next Image", "<Shift>BackSpace", "Go to next image", G_CALLBACK(viewer_action_handler_cb)},
      |                                 ^~~~~~~~~~~~~~~~~~~~~~~
/usr/include/gtk-3.0/gtk/deprecated/gtkstock.h:108:16: note: declared here
  108 | typedef char * GtkStock;
      |                ^~~~~~~~
/usr/include/gtk-3.0/gtk/deprecated/gtkstock.h:442:38: warning: ‘GtkStock’ is deprecated [-Wdeprecated-declarations]
  442 | #define GTK_STOCK_GOTO_FIRST       ((GtkStock)"gtk-goto-first")
      |                                      ^~~~~~~~
QuiverStockIcons.h:75:38: note: in expansion of macro ‘GTK_STOCK_GOTO_FIRST’
   75 | #define QUIVER_STOCK_GOTO_FIRST      GTK_STOCK_GOTO_FIRST
      |                                      ^~~~~~~~~~~~~~~~~~~~
Viewer.cpp:349:32: note: in expansion of macro ‘QUIVER_STOCK_GOTO_FIRST’
  349 |         { ACTION_VIEWER_FIRST, QUIVER_STOCK_GOTO_FIRST, "_First Image", "Home", "Go to first image", G_CALLBACK(viewer_action_handler_cb)},
      |                                ^~~~~~~~~~~~~~~~~~~~~~~
/usr/include/gtk-3.0/gtk/deprecated/gtkstock.h:108:16: note: declared here
  108 | typedef char * GtkStock;
      |                ^~~~~~~~
/usr/include/gtk-3.0/gtk/deprecated/gtkstock.h:451:38: warning: ‘GtkStock’ is deprecated [-Wdeprecated-declarations]
  451 | #define GTK_STOCK_GOTO_LAST        ((GtkStock)"gtk-goto-last")
      |                                      ^~~~~~~~
QuiverStockIcons.h:76:38: note: in expansion of macro ‘GTK_STOCK_GOTO_LAST’
   76 | #define QUIVER_STOCK_GOTO_LAST       GTK_STOCK_GOTO_LAST
      |                                      ^~~~~~~~~~~~~~~~~~~
Viewer.cpp:350:31: note: in expansion of macro ‘QUIVER_STOCK_GOTO_LAST’
  350 |         { ACTION_VIEWER_LAST, QUIVER_STOCK_GOTO_LAST, "_Last Image", "End", "Go to last image", G_CALLBACK(viewer_action_handler_cb)},
      |                               ^~~~~~~~~~~~~~~~~~~~~~
/usr/include/gtk-3.0/gtk/deprecated/gtkstock.h:108:16: note: declared here
  108 | typedef char * GtkStock;
      |                ^~~~~~~~
/usr/include/gtk-3.0/gtk/deprecated/gtkstock.h:1121:38: warning: ‘GtkStock’ is deprecated [-Wdeprecated-declarations]
 1121 | #define GTK_STOCK_ZOOM_IN          ((GtkStock)"gtk-zoom-in")
      |                                      ^~~~~~~~
QuiverStockIcons.h:60:38: note: in expansion of macro ‘GTK_STOCK_ZOOM_IN’
   60 | #define QUIVER_STOCK_ZOOM_IN         GTK_STOCK_ZOOM_IN
      |                                      ^~~~~~~~~~~~~~~~~
Viewer.cpp:352:34: note: in expansion of macro ‘QUIVER_STOCK_ZOOM_IN’
  352 |         { ACTION_VIEWER_ZOOM_IN, QUIVER_STOCK_ZOOM_IN,"Zoom _In", "equal", "Zoom In", G_CALLBACK(viewer_action_handler_cb)},
      |                                  ^~~~~~~~~~~~~~~~~~~~
/usr/include/gtk-3.0/gtk/deprecated/gtkstock.h:108:16: note: declared here
  108 | typedef char * GtkStock;
      |                ^~~~~~~~
/usr/include/gtk-3.0/gtk/deprecated/gtkstock.h:1130:38: warning: ‘GtkStock’ is deprecated [-Wdeprecated-declarations]
 1130 | #define GTK_STOCK_ZOOM_OUT         ((GtkStock)"gtk-zoom-out")
      |                                      ^~~~~~~~
QuiverStockIcons.h:61:38: note: in expansion of macro ‘GTK_STOCK_ZOOM_OUT’
   61 | #define QUIVER_STOCK_ZOOM_OUT        GTK_STOCK_ZOOM_OUT
      |                                      ^~~~~~~~~~~~~~~~~~
Viewer.cpp:353:35: note: in expansion of macro ‘QUIVER_STOCK_ZOOM_OUT’
  353 |         { ACTION_VIEWER_ZOOM_OUT, QUIVER_STOCK_ZOOM_OUT,"Zoom _Out", "minus", "Zoom Out", G_CALLBACK(viewer_action_handler_cb)},
      |                                   ^~~~~~~~~~~~~~~~~~~~~
/usr/include/gtk-3.0/gtk/deprecated/gtkstock.h:108:16: note: declared here
  108 | typedef char * GtkStock;
      |                ^~~~~~~~
/usr/include/gtk-3.0/gtk/deprecated/gtkstock.h:1112:38: warning: ‘GtkStock’ is deprecated [-Wdeprecated-declarations]
 1112 | #define GTK_STOCK_ZOOM_FIT         ((GtkStock)"gtk-zoom-fit")
      |                                      ^~~~~~~~
QuiverStockIcons.h:79:38: note: in expansion of macro ‘GTK_STOCK_ZOOM_FIT’
   79 | #define QUIVER_STOCK_ZOOM_FIT        GTK_STOCK_ZOOM_FIT
      |                                      ^~~~~~~~~~~~~~~~~~
Viewer.cpp:371:35: note: in expansion of macro ‘QUIVER_STOCK_ZOOM_FIT’
  371 |         { ACTION_VIEWER_ZOOM_FIT, QUIVER_STOCK_ZOOM_FIT,"Zoom _Fit", "<Control>1", "Fit to Window",QUIVER_IMAGE_VIEW_MODE_FIT_WINDOW},
      |                                   ^~~~~~~~~~~~~~~~~~~~~
/usr/include/gtk-3.0/gtk/deprecated/gtkstock.h:108:16: note: declared here
  108 | typedef char * GtkStock;
      |                ^~~~~~~~
/usr/include/gtk-3.0/gtk/deprecated/gtkstock.h:1112:38: warning: ‘GtkStock’ is deprecated [-Wdeprecated-declarations]
 1112 | #define GTK_STOCK_ZOOM_FIT         ((GtkStock)"gtk-zoom-fit")
      |                                      ^~~~~~~~
QuiverStockIcons.h:79:38: note: in expansion of macro ‘GTK_STOCK_ZOOM_FIT’
   79 | #define QUIVER_STOCK_ZOOM_FIT        GTK_STOCK_ZOOM_FIT
      |                                      ^~~~~~~~~~~~~~~~~~
Viewer.cpp:372:43: note: in expansion of macro ‘QUIVER_STOCK_ZOOM_FIT’
  372 |         { ACTION_VIEWER_ZOOM_FIT_STRETCH, QUIVER_STOCK_ZOOM_FIT,"Zoom _Fit Stretch", "", "Fit to Window Stretch",QUIVER_IMAGE_VIEW_MODE_FIT_WINDOW_STRETCH},
      |                                           ^~~~~~~~~~~~~~~~~~~~~
/usr/include/gtk-3.0/gtk/deprecated/gtkstock.h:108:16: note: declared here
  108 | typedef char * GtkStock;
      |                ^~~~~~~~
/usr/include/gtk-3.0/gtk/deprecated/gtkstock.h:1103:38: warning: ‘GtkStock’ is deprecated [-Wdeprecated-declarations]
 1103 | #define GTK_STOCK_ZOOM_100         ((GtkStock)"gtk-zoom-100")
      |                                      ^~~~~~~~
QuiverStockIcons.h:78:38: note: in expansion of macro ‘GTK_STOCK_ZOOM_100’
   78 | #define QUIVER_STOCK_ZOOM_100        GTK_STOCK_ZOOM_100
      |                                      ^~~~~~~~~~~~~~~~~~
Viewer.cpp:373:35: note: in expansion of macro ‘QUIVER_STOCK_ZOOM_100’
  373 |         { ACTION_VIEWER_ZOOM_100, QUIVER_STOCK_ZOOM_100, "_Actual Size", "<Control>0", "Actual Size",QUIVER_IMAGE_VIEW_MODE_ACTUAL_SIZE},
      |                                   ^~~~~~~~~~~~~~~~~~~~~
/usr/include/gtk-3.0/gtk/deprecated/gtkstock.h:108:16: note: declared here
  108 | typedef char * GtkStock;
      |                ^~~~~~~~
Viewer.cpp: In member function ‘virtual void ViewerImageViewPixbufLoaderObserver::SetPixbuf(GdkPixbuf*)’:
Viewer.cpp:394:34: warning: ‘void gdk_threads_enter()’ is deprecated [-Wdeprecated-declarations]
  394 |                 gdk_threads_enter();
      |                 ~~~~~~~~~~~~~~~~~^~
In file included from /usr/include/gtk-3.0/gdk/gdk.h:61,
                 from Viewer.cpp:3:
/usr/include/gtk-3.0/gdk/gdkthreads.h:46:10: note: declared here
   46 | void     gdk_threads_enter                    (void);
      |          ^~~~~~~~~~~~~~~~~
Viewer.cpp:396:34: warning: ‘void gdk_threads_leave()’ is deprecated [-Wdeprecated-declarations]
  396 |                 gdk_threads_leave();
      |                 ~~~~~~~~~~~~~~~~~^~
/usr/include/gtk-3.0/gdk/gdkthreads.h:48:10: note: declared here
   48 | void     gdk_threads_leave                    (void);
      |          ^~~~~~~~~~~~~~~~~
Viewer.cpp: In member function ‘virtual void ViewerImageViewPixbufLoaderObserver::SetPixbufAtSize(GdkPixbuf*, gint, gint, bool)’:
Viewer.cpp:399:34: warning: ‘void gdk_threads_enter()’ is deprecated [-Wdeprecated-declarations]
  399 |                 gdk_threads_enter();
      |                 ~~~~~~~~~~~~~~~~~^~
/usr/include/gtk-3.0/gdk/gdkthreads.h:46:10: note: declared here
   46 | void     gdk_threads_enter                    (void);
      |          ^~~~~~~~~~~~~~~~~
Viewer.cpp:402:34: warning: ‘void gdk_threads_leave()’ is deprecated [-Wdeprecated-declarations]
  402 |                 gdk_threads_leave();
      |                 ~~~~~~~~~~~~~~~~~^~
/usr/include/gtk-3.0/gdk/gdkthreads.h:48:10: note: declared here
   48 | void     gdk_threads_leave                    (void);
      |          ^~~~~~~~~~~~~~~~~
Viewer.cpp: In member function ‘void Viewer::ViewerImpl::UpdateUI()’:
Viewer.cpp:691:49: warning: ‘void gtk_action_set_sensitive(GtkAction*, gboolean)’ is deprecated [-Wdeprecated-declarations]
  691 |                         gtk_action_set_sensitive(action,FALSE);
      |                         ~~~~~~~~~~~~~~~~~~~~~~~~^~~~~~~~~~~~~~
In file included from /usr/include/gtk-3.0/gtk/deprecated/gtkactivatable.h:25,
                 from /usr/include/gtk-3.0/gtk/gtk.h:252:
/usr/include/gtk-3.0/gtk/deprecated/gtkaction.h:109:14: note: declared here
  109 | void         gtk_action_set_sensitive          (GtkAction     *action,
      |              ^~~~~~~~~~~~~~~~~~~~~~~~
Viewer.cpp:708:49: warning: ‘void gtk_action_set_sensitive(GtkAction*, gboolean)’ is deprecated [-Wdeprecated-declarations]
  708 |                         gtk_action_set_sensitive(action,FALSE);
      |                         ~~~~~~~~~~~~~~~~~~~~~~~~^~~~~~~~~~~~~~
/usr/include/gtk-3.0/gtk/deprecated/gtkaction.h:109:14: note: declared here
  109 | void         gtk_action_set_sensitive          (GtkAction     *action,
      |              ^~~~~~~~~~~~~~~~~~~~~~~~
In file included from /usr/include/glib-2.0/gobject/gobject.h:26,
                 from /usr/include/glib-2.0/gobject/gbinding.h:31,
                 from /usr/include/glib-2.0/glib-object.h:24,
                 from /usr/include/glib-2.0/gio/gioenums.h:30,
                 from /usr/include/glib-2.0/gio/giotypes.h:30,
                 from /usr/include/glib-2.0/gio/gio.h:28,
                 from /usr/include/gtk-3.0/gdk/gdkapplaunchcontext.h:28,
                 from /usr/include/gtk-3.0/gdk/gdk.h:32:
/usr/include/gtk-3.0/gtk/deprecated/gtktoggleaction.h:40:71: warning: ‘GType gtk_toggle_action_get_type()’ is deprecated [-Wdeprecated-declarations]
   40 | #define GTK_TYPE_TOGGLE_ACTION            (gtk_toggle_action_get_type ())
      |                                            ~~~~~~~~~~~~~~~~~~~~~~~~~~~^~
/usr/include/glib-2.0/gobject/gtype.h:2660:70: note: in definition of macro ‘_G_TYPE_CIC’
 2660 |     ((ct*) (void *) g_type_check_instance_cast ((GTypeInstance*) ip, gt))
      |                                                                      ^~
/usr/include/gtk-3.0/gtk/deprecated/gtktoggleaction.h:41:44: note: in expansion of macro ‘G_TYPE_CHECK_INSTANCE_CAST’
   41 | #define GTK_TOGGLE_ACTION(obj)            (G_TYPE_CHECK_INSTANCE_CAST ((obj), GTK_TYPE_TOGGLE_ACTION, GtkToggleAction))
      |                                            ^~~~~~~~~~~~~~~~~~~~~~~~~~
/usr/include/gtk-3.0/gtk/deprecated/gtktoggleaction.h:41:79: note: in expansion of macro ‘GTK_TYPE_TOGGLE_ACTION’
   41 | #define GTK_TOGGLE_ACTION(obj)            (G_TYPE_CHECK_INSTANCE_CAST ((obj), GTK_TYPE_TOGGLE_ACTION, GtkToggleAction))
      |                                                                               ^~~~~~~~~~~~~~~~~~~~~~
Viewer.cpp:728:54: note: in expansion of macro ‘GTK_TOGGLE_ACTION’
  728 |                         gtk_toggle_action_set_active(GTK_TOGGLE_ACTION(action),bMaximize ? TRUE : FALSE);
      |                                                      ^~~~~~~~~~~~~~~~~
In file included from /usr/include/gtk-3.0/gtk/deprecated/gtkradioaction.h:36,
                 from /usr/include/gtk-3.0/gtk/gtk.h:272:
/usr/include/gtk-3.0/gtk/deprecated/gtktoggleaction.h:73:18: note: declared here
   73 | GType            gtk_toggle_action_get_type          (void) G_GNUC_CONST;
      |                  ^~~~~~~~~~~~~~~~~~~~~~~~~~
Viewer.cpp:728:53: warning: ‘void gtk_toggle_action_set_active(GtkToggleAction*, gboolean)’ is deprecated [-Wdeprecated-declarations]
  728 |                         gtk_toggle_action_set_active(GTK_TOGGLE_ACTION(action),bMaximize ? TRUE : FALSE);
      |                         ~~~~~~~~~~~~~~~~~~~~~~~~~~~~^~~~~~~~~~~~~~~~~~~~~~~~~~~~~~~~~~~~~~~~~~~~~~~~~~~~
/usr/include/gtk-3.0/gtk/deprecated/gtktoggleaction.h:82:18: note: declared here
   82 | void             gtk_toggle_action_set_active        (GtkToggleAction *action,
      |                  ^~~~~~~~~~~~~~~~~~~~~~~~~~~~
/usr/include/gtk-3.0/gtk/deprecated/gtktoggleaction.h:40:71: warning: ‘GType gtk_toggle_action_get_type()’ is deprecated [-Wdeprecated-declarations]
   40 | #define GTK_TYPE_TOGGLE_ACTION            (gtk_toggle_action_get_type ())
      |                                            ~~~~~~~~~~~~~~~~~~~~~~~~~~~^~
/usr/include/glib-2.0/gobject/gtype.h:2660:70: note: in definition of macro ‘_G_TYPE_CIC’
 2660 |     ((ct*) (void *) g_type_check_instance_cast ((GTypeInstance*) ip, gt))
      |                                                                      ^~
/usr/include/gtk-3.0/gtk/deprecated/gtktoggleaction.h:41:44: note: in expansion of macro ‘G_TYPE_CHECK_INSTANCE_CAST’
   41 | #define GTK_TOGGLE_ACTION(obj)            (G_TYPE_CHECK_INSTANCE_CAST ((obj), GTK_TYPE_TOGGLE_ACTION, GtkToggleAction))
      |                                            ^~~~~~~~~~~~~~~~~~~~~~~~~~
/usr/include/gtk-3.0/gtk/deprecated/gtktoggleaction.h:41:79: note: in expansion of macro ‘GTK_TYPE_TOGGLE_ACTION’
   41 | #define GTK_TOGGLE_ACTION(obj)            (G_TYPE_CHECK_INSTANCE_CAST ((obj), GTK_TYPE_TOGGLE_ACTION, GtkToggleAction))
      |                                                                               ^~~~~~~~~~~~~~~~~~~~~~
Viewer.cpp:737:54: note: in expansion of macro ‘GTK_TOGGLE_ACTION’
  737 |                         gtk_toggle_action_set_active(GTK_TOGGLE_ACTION(action),bHideFilmStrip ? FALSE : TRUE);
      |                                                      ^~~~~~~~~~~~~~~~~
/usr/include/gtk-3.0/gtk/deprecated/gtktoggleaction.h:73:18: note: declared here
   73 | GType            gtk_toggle_action_get_type          (void) G_GNUC_CONST;
      |                  ^~~~~~~~~~~~~~~~~~~~~~~~~~
Viewer.cpp:737:53: warning: ‘void gtk_toggle_action_set_active(GtkToggleAction*, gboolean)’ is deprecated [-Wdeprecated-declarations]
  737 |                         gtk_toggle_action_set_active(GTK_TOGGLE_ACTION(action),bHideFilmStrip ? FALSE : TRUE);
      |                         ~~~~~~~~~~~~~~~~~~~~~~~~~~~~^~~~~~~~~~~~~~~~~~~~~~~~~~~~~~~~~~~~~~~~~~~~~~~~~~~~~~~~~
/usr/include/gtk-3.0/gtk/deprecated/gtktoggleaction.h:82:18: note: declared here
   82 | void             gtk_toggle_action_set_active        (GtkToggleAction *action,
      |                  ^~~~~~~~~~~~~~~~~~~~~~~~~~~~
/usr/include/gtk-3.0/gtk/deprecated/gtktoggleaction.h:40:71: warning: ‘GType gtk_toggle_action_get_type()’ is deprecated [-Wdeprecated-declarations]
   40 | #define GTK_TYPE_TOGGLE_ACTION            (gtk_toggle_action_get_type ())
      |                                            ~~~~~~~~~~~~~~~~~~~~~~~~~~~^~
/usr/include/glib-2.0/gobject/gtype.h:2660:70: note: in definition of macro ‘_G_TYPE_CIC’
 2660 |     ((ct*) (void *) g_type_check_instance_cast ((GTypeInstance*) ip, gt))
      |                                                                      ^~
/usr/include/gtk-3.0/gtk/deprecated/gtktoggleaction.h:41:44: note: in expansion of macro ‘G_TYPE_CHECK_INSTANCE_CAST’
   41 | #define GTK_TOGGLE_ACTION(obj)            (G_TYPE_CHECK_INSTANCE_CAST ((obj), GTK_TYPE_TOGGLE_ACTION, GtkToggleAction))
      |                                            ^~~~~~~~~~~~~~~~~~~~~~~~~~
/usr/include/gtk-3.0/gtk/deprecated/gtktoggleaction.h:41:79: note: in expansion of macro ‘GTK_TYPE_TOGGLE_ACTION’
   41 | #define GTK_TOGGLE_ACTION(obj)            (G_TYPE_CHECK_INSTANCE_CAST ((obj), GTK_TYPE_TOGGLE_ACTION, GtkToggleAction))
      |                                                                               ^~~~~~~~~~~~~~~~~~~~~~
Viewer.cpp:748:54: note: in expansion of macro ‘GTK_TOGGLE_ACTION’
  748 |                         gtk_toggle_action_set_active(GTK_TOGGLE_ACTION(action),bMaximize ? TRUE : FALSE);
      |                                                      ^~~~~~~~~~~~~~~~~
/usr/include/gtk-3.0/gtk/deprecated/gtktoggleaction.h:73:18: note: declared here
   73 | GType            gtk_toggle_action_get_type          (void) G_GNUC_CONST;
      |                  ^~~~~~~~~~~~~~~~~~~~~~~~~~
Viewer.cpp:748:53: warning: ‘void gtk_toggle_action_set_active(GtkToggleAction*, gboolean)’ is deprecated [-Wdeprecated-declarations]
  748 |                         gtk_toggle_action_set_active(GTK_TOGGLE_ACTION(action),bMaximize ? TRUE : FALSE);
      |                         ~~~~~~~~~~~~~~~~~~~~~~~~~~~~^~~~~~~~~~~~~~~~~~~~~~~~~~~~~~~~~~~~~~~~~~~~~~~~~~~~
/usr/include/gtk-3.0/gtk/deprecated/gtktoggleaction.h:82:18: note: declared here
   82 | void             gtk_toggle_action_set_active        (GtkToggleAction *action,
      |                  ^~~~~~~~~~~~~~~~~~~~~~~~~~~~
/usr/include/gtk-3.0/gtk/deprecated/gtktoggleaction.h:40:71: warning: ‘GType gtk_toggle_action_get_type()’ is deprecated [-Wdeprecated-declarations]
   40 | #define GTK_TYPE_TOGGLE_ACTION            (gtk_toggle_action_get_type ())
      |                                            ~~~~~~~~~~~~~~~~~~~~~~~~~~~^~
/usr/include/glib-2.0/gobject/gtype.h:2660:70: note: in definition of macro ‘_G_TYPE_CIC’
 2660 |     ((ct*) (void *) g_type_check_instance_cast ((GTypeInstance*) ip, gt))
      |                                                                      ^~
/usr/include/gtk-3.0/gtk/deprecated/gtktoggleaction.h:41:44: note: in expansion of macro ‘G_TYPE_CHECK_INSTANCE_CAST’
   41 | #define GTK_TOGGLE_ACTION(obj)            (G_TYPE_CHECK_INSTANCE_CAST ((obj), GTK_TYPE_TOGGLE_ACTION, GtkToggleAction))
      |                                            ^~~~~~~~~~~~~~~~~~~~~~~~~~
/usr/include/gtk-3.0/gtk/deprecated/gtktoggleaction.h:41:79: note: in expansion of macro ‘GTK_TYPE_TOGGLE_ACTION’
   41 | #define GTK_TOGGLE_ACTION(obj)            (G_TYPE_CHECK_INSTANCE_CAST ((obj), GTK_TYPE_TOGGLE_ACTION, GtkToggleAction))
      |                                                                               ^~~~~~~~~~~~~~~~~~~~~~
Viewer.cpp:755:54: note: in expansion of macro ‘GTK_TOGGLE_ACTION’
  755 |                         gtk_toggle_action_set_active(GTK_TOGGLE_ACTION(action),bShowFilmStrip ? TRUE : FALSE);
      |                                                      ^~~~~~~~~~~~~~~~~
/usr/include/gtk-3.0/gtk/deprecated/gtktoggleaction.h:73:18: note: declared here
   73 | GType            gtk_toggle_action_get_type          (void) G_GNUC_CONST;
      |                  ^~~~~~~~~~~~~~~~~~~~~~~~~~
Viewer.cpp:755:53: warning: ‘void gtk_toggle_action_set_active(GtkToggleAction*, gboolean)’ is deprecated [-Wdeprecated-declarations]
  755 |                         gtk_toggle_action_set_active(GTK_TOGGLE_ACTION(action),bShowFilmStrip ? TRUE : FALSE);
      |                         ~~~~~~~~~~~~~~~~~~~~~~~~~~~~^~~~~~~~~~~~~~~~~~~~~~~~~~~~~~~~~~~~~~~~~~~~~~~~~~~~~~~~~
/usr/include/gtk-3.0/gtk/deprecated/gtktoggleaction.h:82:18: note: declared here
   82 | void             gtk_toggle_action_set_active        (GtkToggleAction *action,
      |                  ^~~~~~~~~~~~~~~~~~~~~~~~~~~~
Viewer.cpp: In function ‘gboolean timeout_event_motion_notify(gpointer)’:
Viewer.cpp:1213:26: warning: ‘void gdk_threads_enter()’ is deprecated [-Wdeprecated-declarations]
 1213 |         gdk_threads_enter();
      |         ~~~~~~~~~~~~~~~~~^~
/usr/include/gtk-3.0/gdk/gdkthreads.h:46:10: note: declared here
   46 | void     gdk_threads_enter                    (void);
      |          ^~~~~~~~~~~~~~~~~
Viewer.cpp:1215:31: warning: ‘void gtk_widget_get_pointer(GtkWidget*, gint*, gint*)’ is deprecated: Use 'gdk_window_get_device_position' instead [-Wdeprecated-declarations]
 1215 |         gtk_widget_get_pointer(pViewerImpl->m_pMediaControls, &x, &y);
      |         ~~~~~~~~~~~~~~~~~~~~~~^~~~~~~~~~~~~~~~~~~~~~~~~~~~~~~~~~~~~~~
In file included from /usr/include/gtk-3.0/gtk/gtkapplication.h:27,
                 from /usr/include/gtk-3.0/gtk/gtkwindow.h:33,
                 from /usr/include/gtk-3.0/gtk/gtkdialog.h:32,
                 from /usr/include/gtk-3.0/gtk/gtkaboutdialog.h:30,
                 from /usr/include/gtk-3.0/gtk/gtk.h:31:
/usr/include/gtk-3.0/gtk/gtkwidget.h:1121:14: note: declared here
 1121 | void         gtk_widget_get_pointer     (GtkWidget      *widget,
      |              ^~~~~~~~~~~~~~~~~~~~~~
Viewer.cpp:1225:26: warning: ‘void gdk_threads_leave()’ is deprecated [-Wdeprecated-declarations]
 1225 |         gdk_threads_leave();
      |         ~~~~~~~~~~~~~~~~~^~
/usr/include/gtk-3.0/gdk/gdkthreads.h:48:10: note: declared here
   48 | void     gdk_threads_leave                    (void);
      |          ^~~~~~~~~~~~~~~~~
Viewer.cpp: In function ‘gboolean viewer_motion_notify(GtkWidget*, GdkEventMotion*, gpointer)’:
Viewer.cpp:1253:43: warning: ‘gboolean gdk_pointer_is_grabbed()’ is deprecated: Use 'gdk_display_device_is_grabbed' instead [-Wdeprecated-declarations]
 1253 |                 if (gdk_pointer_is_grabbed())
      |                     ~~~~~~~~~~~~~~~~~~~~~~^~
In file included from /usr/include/gtk-3.0/gdk/gdk.h:50:
/usr/include/gtk-3.0/gdk/gdkmain.h:104:15: note: declared here
  104 | gboolean      gdk_pointer_is_grabbed (void);
      |               ^~~~~~~~~~~~~~~~~~~~~~
Viewer.cpp:1258:35: warning: unused variable ‘format’ [-Wunused-variable]
 1258 |                         GstFormat format = GST_FORMAT_TIME;
      |                                   ^~~~~~
Viewer.cpp:1259:32: warning: unused variable ‘clip_duration’ [-Wunused-variable]
 1259 |                         gint64 clip_duration = 0;
      |                                ^~~~~~~~~~~~~
Viewer.cpp: In function ‘void viewer_radio_action_handler_cb(GtkRadioAction*, GtkRadioAction*, gpointer)’:
/usr/include/gtk-3.0/gtk/deprecated/gtkaction.h:40:57: warning: ‘GType gtk_action_get_type()’ is deprecated [-Wdeprecated-declarations]
   40 | #define GTK_TYPE_ACTION            (gtk_action_get_type ())
      |                                     ~~~~~~~~~~~~~~~~~~~~^~
/usr/include/glib-2.0/gobject/gtype.h:2660:70: note: in definition of macro ‘_G_TYPE_CIC’
 2660 |     ((ct*) (void *) g_type_check_instance_cast ((GTypeInstance*) ip, gt))
      |                                                                      ^~
/usr/include/gtk-3.0/gtk/deprecated/gtkaction.h:41:37: note: in expansion of macro ‘G_TYPE_CHECK_INSTANCE_CAST’
   41 | #define GTK_ACTION(obj)            (G_TYPE_CHECK_INSTANCE_CAST ((obj), GTK_TYPE_ACTION, GtkAction))
      |                                     ^~~~~~~~~~~~~~~~~~~~~~~~~~
/usr/include/gtk-3.0/gtk/deprecated/gtkaction.h:41:72: note: in expansion of macro ‘GTK_TYPE_ACTION’
   41 | #define GTK_ACTION(obj)            (G_TYPE_CHECK_INSTANCE_CAST ((obj), GTK_TYPE_ACTION, GtkAction))
      |                                                                        ^~~~~~~~~~~~~~~
Viewer.cpp:1304:34: note: in expansion of macro ‘GTK_ACTION’
 1304 |         viewer_action_handler_cb(GTK_ACTION(action), user_data);
      |                                  ^~~~~~~~~~
/usr/include/gtk-3.0/gtk/deprecated/gtkaction.h:96:14: note: declared here
   96 | GType        gtk_action_get_type               (void) G_GNUC_CONST;
      |              ^~~~~~~~~~~~~~~~~~~
Viewer.cpp: In function ‘void viewer_action_handler_cb(GtkAction*, gpointer)’:
Viewer.cpp:1318:53: warning: ‘const gchar* gtk_action_get_name(GtkAction*)’ is deprecated [-Wdeprecated-declarations]
 1318 |         const gchar * szAction = gtk_action_get_name(action);
      |                                  ~~~~~~~~~~~~~~~~~~~^~~~~~~~
/usr/include/gtk-3.0/gtk/deprecated/gtkaction.h:103:14: note: declared here
  103 | const gchar* gtk_action_get_name               (GtkAction     *action);
      |              ^~~~~~~~~~~~~~~~~~~
/usr/include/gtk-3.0/gtk/deprecated/gtkradioaction.h:40:69: warning: ‘GType gtk_radio_action_get_type()’ is deprecated [-Wdeprecated-declarations]
   40 | #define GTK_TYPE_RADIO_ACTION            (gtk_radio_action_get_type ())
      |                                           ~~~~~~~~~~~~~~~~~~~~~~~~~~^~
/usr/include/glib-2.0/gobject/gtype.h:2660:70: note: in definition of macro ‘_G_TYPE_CIC’
 2660 |     ((ct*) (void *) g_type_check_instance_cast ((GTypeInstance*) ip, gt))
      |                                                                      ^~
/usr/include/gtk-3.0/gtk/deprecated/gtkradioaction.h:41:43: note: in expansion of macro ‘G_TYPE_CHECK_INSTANCE_CAST’
   41 | #define GTK_RADIO_ACTION(obj)            (G_TYPE_CHECK_INSTANCE_CAST ((obj), GTK_TYPE_RADIO_ACTION, GtkRadioAction))
      |                                           ^~~~~~~~~~~~~~~~~~~~~~~~~~
/usr/include/gtk-3.0/gtk/deprecated/gtkradioaction.h:41:78: note: in expansion of macro ‘GTK_TYPE_RADIO_ACTION’
   41 | #define GTK_RADIO_ACTION(obj)            (G_TYPE_CHECK_INSTANCE_CAST ((obj), GTK_TYPE_RADIO_ACTION, GtkRadioAction))
      |                                                                              ^~~~~~~~~~~~~~~~~~~~~
Viewer.cpp:1322:105: note: in expansion of macro ‘GTK_RADIO_ACTION’
 1322 |                 QuiverImageViewMode zoom_mode = (QuiverImageViewMode)gtk_radio_action_get_current_value(GTK_RADIO_ACTION(action));
      |                                                                                                         ^~~~~~~~~~~~~~~~
/usr/include/gtk-3.0/gtk/deprecated/gtkradioaction.h:73:17: note: declared here
   73 | GType           gtk_radio_action_get_type          (void) G_GNUC_CONST;
      |                 ^~~~~~~~~~~~~~~~~~~~~~~~~
Viewer.cpp:1322:104: warning: ‘gint gtk_radio_action_get_current_value(GtkRadioAction*)’ is deprecated [-Wdeprecated-declarations]
 1322 |                 QuiverImageViewMode zoom_mode = (QuiverImageViewMode)gtk_radio_action_get_current_value(GTK_RADIO_ACTION(action));
      |                                                                      ~~~~~~~~~~~~~~~~~~~~~~~~~~~~~~~~~~^~~~~~~~~~~~~~~~~~~~~~~~~~
/usr/include/gtk-3.0/gtk/deprecated/gtkradioaction.h:89:17: note: declared here
   89 | gint            gtk_radio_action_get_current_value (GtkRadioAction        *action);
      |                 ^~~~~~~~~~~~~~~~~~~~~~~~~~~~~~~~~~
/usr/include/gtk-3.0/gtk/deprecated/gtktoggleaction.h:40:71: warning: ‘GType gtk_toggle_action_get_type()’ is deprecated [-Wdeprecated-declarations]
   40 | #define GTK_TYPE_TOGGLE_ACTION            (gtk_toggle_action_get_type ())
      |                                            ~~~~~~~~~~~~~~~~~~~~~~~~~~~^~
/usr/include/glib-2.0/gobject/gtype.h:2660:70: note: in definition of macro ‘_G_TYPE_CIC’
 2660 |     ((ct*) (void *) g_type_check_instance_cast ((GTypeInstance*) ip, gt))
      |                                                                      ^~
/usr/include/gtk-3.0/gtk/deprecated/gtktoggleaction.h:41:44: note: in expansion of macro ‘G_TYPE_CHECK_INSTANCE_CAST’
   41 | #define GTK_TOGGLE_ACTION(obj)            (G_TYPE_CHECK_INSTANCE_CAST ((obj), GTK_TYPE_TOGGLE_ACTION, GtkToggleAction))
      |                                            ^~~~~~~~~~~~~~~~~~~~~~~~~~
/usr/include/gtk-3.0/gtk/deprecated/gtktoggleaction.h:41:79: note: in expansion of macro ‘GTK_TYPE_TOGGLE_ACTION’
   41 | #define GTK_TOGGLE_ACTION(obj)            (G_TYPE_CHECK_INSTANCE_CAST ((obj), GTK_TYPE_TOGGLE_ACTION, GtkToggleAction))
      |                                                                               ^~~~~~~~~~~~~~~~~~~~~~
Viewer.cpp:1400:50: note: in expansion of macro ‘GTK_TOGGLE_ACTION’
 1400 |                 if( gtk_toggle_action_get_active(GTK_TOGGLE_ACTION(action)) )
      |                                                  ^~~~~~~~~~~~~~~~~
/usr/include/gtk-3.0/gtk/deprecated/gtktoggleaction.h:73:18: note: declared here
   73 | GType            gtk_toggle_action_get_type          (void) G_GNUC_CONST;
      |                  ^~~~~~~~~~~~~~~~~~~~~~~~~~
Viewer.cpp:1400:49: warning: ‘gboolean gtk_toggle_action_get_active(GtkToggleAction*)’ is deprecated [-Wdeprecated-declarations]
 1400 |                 if( gtk_toggle_action_get_active(GTK_TOGGLE_ACTION(action)) )
      |                     ~~~~~~~~~~~~~~~~~~~~~~~~~~~~^~~~~~~~~~~~~~~~~~~~~~~~~~~
/usr/include/gtk-3.0/gtk/deprecated/gtktoggleaction.h:85:18: note: declared here
   85 | gboolean         gtk_toggle_action_get_active        (GtkToggleAction *action);
      |                  ^~~~~~~~~~~~~~~~~~~~~~~~~~~~
/usr/include/gtk-3.0/gtk/deprecated/gtktoggleaction.h:40:71: warning: ‘GType gtk_toggle_action_get_type()’ is deprecated [-Wdeprecated-declarations]
   40 | #define GTK_TYPE_TOGGLE_ACTION            (gtk_toggle_action_get_type ())
      |                                            ~~~~~~~~~~~~~~~~~~~~~~~~~~~^~
/usr/include/glib-2.0/gobject/gtype.h:2660:70: note: in definition of macro ‘_G_TYPE_CIC’
 2660 |     ((ct*) (void *) g_type_check_instance_cast ((GTypeInstance*) ip, gt))
      |                                                                      ^~
/usr/include/gtk-3.0/gtk/deprecated/gtktoggleaction.h:41:44: note: in expansion of macro ‘G_TYPE_CHECK_INSTANCE_CAST’
   41 | #define GTK_TOGGLE_ACTION(obj)            (G_TYPE_CHECK_INSTANCE_CAST ((obj), GTK_TYPE_TOGGLE_ACTION, GtkToggleAction))
      |                                            ^~~~~~~~~~~~~~~~~~~~~~~~~~
/usr/include/gtk-3.0/gtk/deprecated/gtktoggleaction.h:41:79: note: in expansion of macro ‘GTK_TYPE_TOGGLE_ACTION’
   41 | #define GTK_TOGGLE_ACTION(obj)            (G_TYPE_CHECK_INSTANCE_CAST ((obj), GTK_TYPE_TOGGLE_ACTION, GtkToggleAction))
      |                                                                               ^~~~~~~~~~~~~~~~~~~~~~
Viewer.cpp:1413:139: note: in expansion of macro ‘GTK_TOGGLE_ACTION’
 1413 |                         prefsPtr->SetBoolean(QUIVER_PREFS_SLIDESHOW, QUIVER_PREFS_SLIDESHOW_FILMSTRIP_HIDE, !gtk_toggle_action_get_active(GTK_TOGGLE_ACTION(action)));
      |                                                                                                                                           ^~~~~~~~~~~~~~~~~
/usr/include/gtk-3.0/gtk/deprecated/gtktoggleaction.h:73:18: note: declared here
   73 | GType            gtk_toggle_action_get_type          (void) G_GNUC_CONST;
      |                  ^~~~~~~~~~~~~~~~~~~~~~~~~~
Viewer.cpp:1413:138: warning: ‘gboolean gtk_toggle_action_get_active(GtkToggleAction*)’ is deprecated [-Wdeprecated-declarations]
 1413 |                         prefsPtr->SetBoolean(QUIVER_PREFS_SLIDESHOW, QUIVER_PREFS_SLIDESHOW_FILMSTRIP_HIDE, !gtk_toggle_action_get_active(GTK_TOGGLE_ACTION(action)));
      |                                                                                                              ~~~~~~~~~~~~~~~~~~~~~~~~~~~~^~~~~~~~~~~~~~~~~~~~~~~~~~~
/usr/include/gtk-3.0/gtk/deprecated/gtktoggleaction.h:85:18: note: declared here
   85 | gboolean         gtk_toggle_action_get_active        (GtkToggleAction *action);
      |                  ^~~~~~~~~~~~~~~~~~~~~~~~~~~~
/usr/include/gtk-3.0/gtk/deprecated/gtktoggleaction.h:40:71: warning: ‘GType gtk_toggle_action_get_type()’ is deprecated [-Wdeprecated-declarations]
   40 | #define GTK_TYPE_TOGGLE_ACTION            (gtk_toggle_action_get_type ())
      |                                            ~~~~~~~~~~~~~~~~~~~~~~~~~~~^~
/usr/include/glib-2.0/gobject/gtype.h:2660:70: note: in definition of macro ‘_G_TYPE_CIC’
 2660 |     ((ct*) (void *) g_type_check_instance_cast ((GTypeInstance*) ip, gt))
      |                                                                      ^~
/usr/include/gtk-3.0/gtk/deprecated/gtktoggleaction.h:41:44: note: in expansion of macro ‘G_TYPE_CHECK_INSTANCE_CAST’
   41 | #define GTK_TOGGLE_ACTION(obj)            (G_TYPE_CHECK_INSTANCE_CAST ((obj), GTK_TYPE_TOGGLE_ACTION, GtkToggleAction))
      |                                            ^~~~~~~~~~~~~~~~~~~~~~~~~~
/usr/include/gtk-3.0/gtk/deprecated/gtktoggleaction.h:41:79: note: in expansion of macro ‘GTK_TYPE_TOGGLE_ACTION’
   41 | #define GTK_TOGGLE_ACTION(obj)            (G_TYPE_CHECK_INSTANCE_CAST ((obj), GTK_TYPE_TOGGLE_ACTION, GtkToggleAction))
      |                                                                               ^~~~~~~~~~~~~~~~~~~~~~
Viewer.cpp:1417:130: note: in expansion of macro ‘GTK_TOGGLE_ACTION’
 1417 |                         prefsPtr->SetBoolean(QUIVER_PREFS_VIEWER,QUIVER_PREFS_VIEWER_FILMSTRIP_SHOW,gtk_toggle_action_get_active(GTK_TOGGLE_ACTION(action)));
      |                                                                                                                                  ^~~~~~~~~~~~~~~~~
/usr/include/gtk-3.0/gtk/deprecated/gtktoggleaction.h:73:18: note: declared here
   73 | GType            gtk_toggle_action_get_type          (void) G_GNUC_CONST;
      |                  ^~~~~~~~~~~~~~~~~~~~~~~~~~
Viewer.cpp:1417:129: warning: ‘gboolean gtk_toggle_action_get_active(GtkToggleAction*)’ is deprecated [-Wdeprecated-declarations]
 1417 |                         prefsPtr->SetBoolean(QUIVER_PREFS_VIEWER,QUIVER_PREFS_VIEWER_FILMSTRIP_SHOW,gtk_toggle_action_get_active(GTK_TOGGLE_ACTION(action)));
      |                                                                                                     ~~~~~~~~~~~~~~~~~~~~~~~~~~~~^~~~~~~~~~~~~~~~~~~~~~~~~~~
/usr/include/gtk-3.0/gtk/deprecated/gtktoggleaction.h:85:18: note: declared here
   85 | gboolean         gtk_toggle_action_get_active        (GtkToggleAction *action);
      |                  ^~~~~~~~~~~~~~~~~~~~~~~~~~~~
/usr/include/gtk-3.0/gtk/deprecated/gtktoggleaction.h:40:71: warning: ‘GType gtk_toggle_action_get_type()’ is deprecated [-Wdeprecated-declarations]
   40 | #define GTK_TYPE_TOGGLE_ACTION            (gtk_toggle_action_get_type ())
      |                                            ~~~~~~~~~~~~~~~~~~~~~~~~~~~^~
/usr/include/glib-2.0/gobject/gtype.h:2660:70: note: in definition of macro ‘_G_TYPE_CIC’
 2660 |     ((ct*) (void *) g_type_check_instance_cast ((GTypeInstance*) ip, gt))
      |                                                                      ^~
/usr/include/gtk-3.0/gtk/deprecated/gtktoggleaction.h:41:44: note: in expansion of macro ‘G_TYPE_CHECK_INSTANCE_CAST’
   41 | #define GTK_TOGGLE_ACTION(obj)            (G_TYPE_CHECK_INSTANCE_CAST ((obj), GTK_TYPE_TOGGLE_ACTION, GtkToggleAction))
      |                                            ^~~~~~~~~~~~~~~~~~~~~~~~~~
/usr/include/gtk-3.0/gtk/deprecated/gtktoggleaction.h:41:79: note: in expansion of macro ‘GTK_TYPE_TOGGLE_ACTION’
   41 | #define GTK_TOGGLE_ACTION(obj)            (G_TYPE_CHECK_INSTANCE_CAST ((obj), GTK_TYPE_TOGGLE_ACTION, GtkToggleAction))
      |                                                                               ^~~~~~~~~~~~~~~~~~~~~~
Viewer.cpp:1484:71: note: in expansion of macro ‘GTK_TOGGLE_ACTION’
 1484 |                                 (TRUE == gtk_toggle_action_get_active(GTK_TOGGLE_ACTION(action)));
      |                                                                       ^~~~~~~~~~~~~~~~~
/usr/include/gtk-3.0/gtk/deprecated/gtktoggleaction.h:73:18: note: declared here
   73 | GType            gtk_toggle_action_get_type          (void) G_GNUC_CONST;
      |                  ^~~~~~~~~~~~~~~~~~~~~~~~~~
Viewer.cpp:1484:70: warning: ‘gboolean gtk_toggle_action_get_active(GtkToggleAction*)’ is deprecated [-Wdeprecated-declarations]
 1484 |                                 (TRUE == gtk_toggle_action_get_active(GTK_TOGGLE_ACTION(action)));
      |                                          ~~~~~~~~~~~~~~~~~~~~~~~~~~~~^~~~~~~~~~~~~~~~~~~~~~~~~~~
/usr/include/gtk-3.0/gtk/deprecated/gtktoggleaction.h:85:18: note: declared here
   85 | gboolean         gtk_toggle_action_get_active        (GtkToggleAction *action);
      |                  ^~~~~~~~~~~~~~~~~~~~~~~~~~~~
/usr/include/gtk-3.0/gtk/deprecated/gtktoggleaction.h:40:71: warning: ‘GType gtk_toggle_action_get_type()’ is deprecated [-Wdeprecated-declarations]
   40 | #define GTK_TYPE_TOGGLE_ACTION            (gtk_toggle_action_get_type ())
      |                                            ~~~~~~~~~~~~~~~~~~~~~~~~~~~^~
/usr/include/glib-2.0/gobject/gtype.h:2660:70: note: in definition of macro ‘_G_TYPE_CIC’
 2660 |     ((ct*) (void *) g_type_check_instance_cast ((GTypeInstance*) ip, gt))
      |                                                                      ^~
/usr/include/gtk-3.0/gtk/deprecated/gtktoggleaction.h:41:44: note: in expansion of macro ‘G_TYPE_CHECK_INSTANCE_CAST’
   41 | #define GTK_TOGGLE_ACTION(obj)            (G_TYPE_CHECK_INSTANCE_CAST ((obj), GTK_TYPE_TOGGLE_ACTION, GtkToggleAction))
      |                                            ^~~~~~~~~~~~~~~~~~~~~~~~~~
/usr/include/gtk-3.0/gtk/deprecated/gtktoggleaction.h:41:79: note: in expansion of macro ‘GTK_TYPE_TOGGLE_ACTION’
   41 | #define GTK_TOGGLE_ACTION(obj)            (G_TYPE_CHECK_INSTANCE_CAST ((obj), GTK_TYPE_TOGGLE_ACTION, GtkToggleAction))
      |                                                                               ^~~~~~~~~~~~~~~~~~~~~~
Viewer.cpp:1521:71: note: in expansion of macro ‘GTK_TOGGLE_ACTION’
 1521 |                                 (TRUE == gtk_toggle_action_get_active(GTK_TOGGLE_ACTION(action)));
      |                                                                       ^~~~~~~~~~~~~~~~~
/usr/include/gtk-3.0/gtk/deprecated/gtktoggleaction.h:73:18: note: declared here
   73 | GType            gtk_toggle_action_get_type          (void) G_GNUC_CONST;
      |                  ^~~~~~~~~~~~~~~~~~~~~~~~~~
Viewer.cpp:1521:70: warning: ‘gboolean gtk_toggle_action_get_active(GtkToggleAction*)’ is deprecated [-Wdeprecated-declarations]
 1521 |                                 (TRUE == gtk_toggle_action_get_active(GTK_TOGGLE_ACTION(action)));
      |                                          ~~~~~~~~~~~~~~~~~~~~~~~~~~~~^~~~~~~~~~~~~~~~~~~~~~~~~~~
/usr/include/gtk-3.0/gtk/deprecated/gtktoggleaction.h:85:18: note: declared here
   85 | gboolean         gtk_toggle_action_get_active        (GtkToggleAction *action);
      |                  ^~~~~~~~~~~~~~~~~~~~~~~~~~~~
Viewer.cpp: In function ‘void viewer_imageview_view_mode_changed(QuiverImageView*, gpointer)’:
/usr/include/gtk-3.0/gtk/deprecated/gtktoggleaction.h:40:71: warning: ‘GType gtk_toggle_action_get_type()’ is deprecated [-Wdeprecated-declarations]
   40 | #define GTK_TYPE_TOGGLE_ACTION            (gtk_toggle_action_get_type ())
      |                                            ~~~~~~~~~~~~~~~~~~~~~~~~~~~^~
/usr/include/glib-2.0/gobject/gtype.h:2660:70: note: in definition of macro ‘_G_TYPE_CIC’
 2660 |     ((ct*) (void *) g_type_check_instance_cast ((GTypeInstance*) ip, gt))
      |                                                                      ^~
/usr/include/gtk-3.0/gtk/deprecated/gtktoggleaction.h:41:44: note: in expansion of macro ‘G_TYPE_CHECK_INSTANCE_CAST’
   41 | #define GTK_TOGGLE_ACTION(obj)            (G_TYPE_CHECK_INSTANCE_CAST ((obj), GTK_TYPE_TOGGLE_ACTION, GtkToggleAction))
      |                                            ^~~~~~~~~~~~~~~~~~~~~~~~~~
/usr/include/gtk-3.0/gtk/deprecated/gtktoggleaction.h:41:79: note: in expansion of macro ‘GTK_TYPE_TOGGLE_ACTION’
   41 | #define GTK_TOGGLE_ACTION(obj)            (G_TYPE_CHECK_INSTANCE_CAST ((obj), GTK_TYPE_TOGGLE_ACTION, GtkToggleAction))
      |                                                                               ^~~~~~~~~~~~~~~~~~~~~~
Viewer.cpp:1656:46: note: in expansion of macro ‘GTK_TOGGLE_ACTION’
 1656 |                 gtk_toggle_action_set_active(GTK_TOGGLE_ACTION(action),TRUE);
      |                                              ^~~~~~~~~~~~~~~~~
/usr/include/gtk-3.0/gtk/deprecated/gtktoggleaction.h:73:18: note: declared here
   73 | GType            gtk_toggle_action_get_type          (void) G_GNUC_CONST;
      |                  ^~~~~~~~~~~~~~~~~~~~~~~~~~
Viewer.cpp:1656:45: warning: ‘void gtk_toggle_action_set_active(GtkToggleAction*, gboolean)’ is deprecated [-Wdeprecated-declarations]
 1656 |                 gtk_toggle_action_set_active(GTK_TOGGLE_ACTION(action),TRUE);
      |                 ~~~~~~~~~~~~~~~~~~~~~~~~~~~~^~~~~~~~~~~~~~~~~~~~~~~~~~~~~~~~
/usr/include/gtk-3.0/gtk/deprecated/gtktoggleaction.h:82:18: note: declared here
   82 | void             gtk_toggle_action_set_active        (GtkToggleAction *action,
      |                  ^~~~~~~~~~~~~~~~~~~~~~~~~~~~
Viewer.cpp: In function ‘gboolean viewer_imageview_key_press_event(GtkWidget*, GdkEventKey*, gpointer)’:
Viewer.cpp:1705:44: warning: ‘void gtk_action_activate(GtkAction*)’ is deprecated [-Wdeprecated-declarations]
 1705 |                         gtk_action_activate(action);
      |                         ~~~~~~~~~~~~~~~~~~~^~~~~~~~
/usr/include/gtk-3.0/gtk/deprecated/gtkaction.h:119:14: note: declared here
  119 | void         gtk_action_activate               (GtkAction     *action);
      |              ^~~~~~~~~~~~~~~~~~~
Viewer.cpp:1732:44: warning: ‘void gtk_action_activate(GtkAction*)’ is deprecated [-Wdeprecated-declarations]
 1732 |                         gtk_action_activate(action);
      |                         ~~~~~~~~~~~~~~~~~~~^~~~~~~~
/usr/include/gtk-3.0/gtk/deprecated/gtkaction.h:119:14: note: declared here
  119 | void         gtk_action_activate               (GtkAction     *action);
      |              ^~~~~~~~~~~~~~~~~~~
Viewer.cpp: In function ‘void viewer_iconview_cell_activated(QuiverIconView*, gulong, gpointer)’:
Viewer.cpp:1758:29: warning: variable ‘pViewerImpl’ set but not used [-Wunused-but-set-variable]
 1758 |         Viewer::ViewerImpl *pViewerImpl;
      |                             ^~~~~~~~~~~
Viewer.cpp: In function ‘void viewer_volume_value_changed(GtkScaleButton*, gdouble, gpointer)’:
Viewer.cpp:1783:29: warning: variable ‘pViewerImpl’ set but not used [-Wunused-but-set-variable]
 1783 |         Viewer::ViewerImpl *pViewerImpl;
      |                             ^~~~~~~~~~~
Viewer.cpp: In function ‘gboolean viewer_navigation_button_press_event(GtkWidget*, GdkEventButton*, gpointer)’:
Viewer.cpp:1816:30: warning: ‘gint gdk_screen_width()’ is deprecated [-Wdeprecated-declarations]
 1816 |         if (gdk_screen_width () < pos_x + ww)
      |             ~~~~~~~~~~~~~~~~~^~
/usr/include/gtk-3.0/gdk/gdkmain.h:108:6: note: declared here
  108 | gint gdk_screen_width  (void) G_GNUC_CONST;
      |      ^~~~~~~~~~~~~~~~
Viewer.cpp:1817:41: warning: ‘gint gdk_screen_width()’ is deprecated [-Wdeprecated-declarations]
 1817 |                 pos_x = gdk_screen_width() - ww;
      |                         ~~~~~~~~~~~~~~~~^~
/usr/include/gtk-3.0/gdk/gdkmain.h:108:6: note: declared here
  108 | gint gdk_screen_width  (void) G_GNUC_CONST;
      |      ^~~~~~~~~~~~~~~~
Viewer.cpp:1821:31: warning: ‘gint gdk_screen_height()’ is deprecated [-Wdeprecated-declarations]
 1821 |         if (gdk_screen_height () < pos_y + wh)
      |             ~~~~~~~~~~~~~~~~~~^~
/usr/include/gtk-3.0/gdk/gdkmain.h:110:6: note: declared here
  110 | gint gdk_screen_height (void) G_GNUC_CONST;
      |      ^~~~~~~~~~~~~~~~~
Viewer.cpp:1822:42: warning: ‘gint gdk_screen_height()’ is deprecated [-Wdeprecated-declarations]
 1822 |                 pos_y = gdk_screen_height() - wh;
      |                         ~~~~~~~~~~~~~~~~~^~
/usr/include/gtk-3.0/gdk/gdkmain.h:110:6: note: declared here
  110 | gint gdk_screen_height (void) G_GNUC_CONST;
      |      ^~~~~~~~~~~~~~~~~
Viewer.cpp:1829:33: warning: ‘GdkCursor* gdk_cursor_new(GdkCursorType)’ is deprecated: Use 'gdk_cursor_new_for_display' instead [-Wdeprecated-declarations]
 1829 |         cursor = gdk_cursor_new (GDK_FLEUR);
      |                  ~~~~~~~~~~~~~~~^~~~~~~~~~~
In file included from /usr/include/gtk-3.0/gdk/gdk.h:34:
/usr/include/gtk-3.0/gdk/gdkcursor.h:228:12: note: declared here
  228 | GdkCursor* gdk_cursor_new                (GdkCursorType    cursor_type);
      |            ^~~~~~~~~~~~~~
Viewer.cpp:1831:26: warning: ‘GdkGrabStatus gdk_pointer_grab(GdkWindow*, gboolean, GdkEventMask, GdkWindow*, GdkCursor*, guint32)’ is deprecated: Use 'gdk_device_grab' instead [-Wdeprecated-declarations]
 1831 |         gdk_pointer_grab (gtk_widget_get_window(pViewerImpl->m_pNavigationWindow),  TRUE, (GdkEventMask)(GDK_BUTTON_RELEASE_MASK  | GDK_POINTER_MOTION_HINT_MASK    | GDK_BUTTON_MOTION_MASK ),
      |         ~~~~~~~~~~~~~~~~~^~~~~~~~~~~~~~~~~~~~~~~~~~~~~~~~~~~~~~~~~~~~~~~~~~~~~~~~~~~~~~~~~~~~~~~~~~~~~~~~~~~~~~~~~~~~~~~~~~~~~~~~~~~~~~~~~~~~~~~~~~~~~~~~~~~~~~~~~~~~~~~~~~~~~~~~~~~~~~~~~~~~~~
 1832 |                           gtk_widget_get_window(pViewerImpl->m_pNavigationControl),
      |                           ~~~~~~~~~~~~~~~~~~~~~~~~~~~~~~~~~~~~~~~~~~~~~~~~~~~~~~~~~
 1833 |                           cursor,
      |                           ~~~~~~~
 1834 |                           GDK_CURRENT_TIME);
      |                           ~~~~~~~~~~~~~~~~~
/usr/include/gtk-3.0/gdk/gdkmain.h:86:15: note: declared here
   86 | GdkGrabStatus gdk_pointer_grab       (GdkWindow    *window,
      |               ^~~~~~~~~~~~~~~~
Viewer.cpp:1836:26: warning: ‘void gdk_cursor_unref(GdkCursor*)’ is deprecated: Use 'g_object_unref' instead [-Wdeprecated-declarations]
 1836 |         gdk_cursor_unref (cursor);
      |         ~~~~~~~~~~~~~~~~~^~~~~~~~
/usr/include/gtk-3.0/gdk/gdkcursor.h:247:13: note: declared here
  247 | void        gdk_cursor_unref             (GdkCursor       *cursor);
      |             ^~~~~~~~~~~~~~~~
Viewer.cpp:1796:25: warning: variable ‘state’ set but not used [-Wunused-but-set-variable]
 1796 |         GdkModifierType state;
      |                         ^~~~~
Viewer.cpp: In function ‘gboolean navigation_control_button_release_event(GtkWidget*, GdkEventButton*, gpointer)’:
Viewer.cpp:1845:28: warning: ‘void gdk_pointer_ungrab(guint32)’ is deprecated: Use 'gdk_device_ungrab' instead [-Wdeprecated-declarations]
 1845 |         gdk_pointer_ungrab (event->time);
      |         ~~~~~~~~~~~~~~~~~~~^~~~~~~~~~~~~
/usr/include/gtk-3.0/gdk/gdkmain.h:100:15: note: declared here
  100 | void          gdk_pointer_ungrab     (guint32       time_);
      |               ^~~~~~~~~~~~~~~~~~
Viewer.cpp: In function ‘void signal_drag_data_delete(GtkWidget*, GdkDragContext*, gpointer)’:
Viewer.cpp:1887:29: warning: variable ‘pViewerImpl’ set but not used [-Wunused-but-set-variable]
 1887 |         Viewer::ViewerImpl *pViewerImpl;
      |                             ^~~~~~~~~~~
Viewer.cpp: In function ‘void signal_drag_data_received(GtkWidget*, GdkDragContext*, gint, gint, GtkSelectionData*, guint, guint, gpointer)’:
Viewer.cpp:1893:29: warning: variable ‘pViewerImpl’ set but not used [-Wunused-but-set-variable]
 1893 |         Viewer::ViewerImpl *pViewerImpl;
      |                             ^~~~~~~~~~~
Viewer.cpp: In function ‘void signal_drag_end(GtkWidget*, GdkDragContext*, gpointer)’:
Viewer.cpp:1917:29: warning: variable ‘pViewerImpl’ set but not used [-Wunused-but-set-variable]
 1917 |         Viewer::ViewerImpl *pViewerImpl;
      |                             ^~~~~~~~~~~
Viewer.cpp: In function ‘void signal_drag_motion(GtkWidget*, GdkDragContext*, gint, gint, guint, gpointer)’:
Viewer.cpp:1923:29: warning: variable ‘pViewerImpl’ set but not used [-Wunused-but-set-variable]
 1923 |         Viewer::ViewerImpl *pViewerImpl;
      |                             ^~~~~~~~~~~
Viewer.cpp: In function ‘gboolean signal_drag_drop(GtkWidget*, GdkDragContext*, gint, gint, guint, gpointer)’:
Viewer.cpp:1930:29: warning: variable ‘pViewerImpl’ set but not used [-Wunused-but-set-variable]
 1930 |         Viewer::ViewerImpl *pViewerImpl;
      |                             ^~~~~~~~~~~
Viewer.cpp: In function ‘gchar* gst_time_format(gint64)’:
Viewer.cpp:1972:43: warning: format ‘%lld’ expects argument of type ‘long long int’, but argument 2 has type ‘gint64’ {aka ‘long int’} [-Wformat=]
 1972 |                 str = g_strdup_printf("%lld:%02lld:%02lld", hours, mins, secs);
      |                                        ~~~^                 ~~~~~
      |                                           |                 |
      |                                           long long int     gint64 {aka long int}
      |                                        %ld
Viewer.cpp:1972:50: warning: format ‘%lld’ expects argument of type ‘long long int’, but argument 3 has type ‘gint64’ {aka ‘long int’} [-Wformat=]
 1972 |                 str = g_strdup_printf("%lld:%02lld:%02lld", hours, mins, secs);
      |                                             ~~~~~^                 ~~~~
      |                                                  |                 |
      |                                                  long long int     gint64 {aka long int}
      |                                             %02ld
Viewer.cpp:1972:57: warning: format ‘%lld’ expects argument of type ‘long long int’, but argument 4 has type ‘gint64’ {aka ‘long int’} [-Wformat=]
 1972 |                 str = g_strdup_printf("%lld:%02lld:%02lld", hours, mins, secs);
      |                                                    ~~~~~^                ~~~~
      |                                                         |                |
      |                                                         long long int    gint64 {aka long int}
      |                                                    %02ld
Viewer.cpp:1974:43: warning: format ‘%lld’ expects argument of type ‘long long int’, but argument 2 has type ‘gint64’ {aka ‘long int’} [-Wformat=]
 1974 |                 str = g_strdup_printf("%lld:%02lld", mins, secs);
      |                                        ~~~^          ~~~~
      |                                           |          |
      |                                           |          gint64 {aka long int}
      |                                           long long int
      |                                        %ld
Viewer.cpp:1974:50: warning: format ‘%lld’ expects argument of type ‘long long int’, but argument 3 has type ‘gint64’ {aka ‘long int’} [-Wformat=]
 1974 |                 str = g_strdup_printf("%lld:%02lld", mins, secs);
      |                                             ~~~~~^         ~~~~
      |                                                  |         |
      |                                                  |         gint64 {aka long int}
      |                                                  long long int
      |                                             %02ld
Viewer.cpp: In member function ‘void Viewer::ViewerImpl::PlayPauseVideo()’:
Viewer.cpp:2109:48: warning: ‘void gtk_widget_set_double_buffered(GtkWidget*, gboolean)’ is deprecated [-Wdeprecated-declarations]
 2109 |                 gtk_widget_set_double_buffered (m_pImageView, FALSE);
      |                 ~~~~~~~~~~~~~~~~~~~~~~~~~~~~~~~^~~~~~~~~~~~~~~~~~~~~
/usr/include/gtk-3.0/gtk/gtkwidget.h:883:23: note: declared here
  883 | void                  gtk_widget_set_double_buffered    (GtkWidget    *widget,
      |                       ^~~~~~~~~~~~~~~~~~~~~~~~~~~~~~
Viewer.cpp:2140:48: warning: ‘void gtk_widget_set_double_buffered(GtkWidget*, gboolean)’ is deprecated [-Wdeprecated-declarations]
 2140 |                 gtk_widget_set_double_buffered (m_pImageView, FALSE);
      |                 ~~~~~~~~~~~~~~~~~~~~~~~~~~~~~~~^~~~~~~~~~~~~~~~~~~~~
/usr/include/gtk-3.0/gtk/gtkwidget.h:883:23: note: declared here
  883 | void                  gtk_widget_set_double_buffered    (GtkWidget    *widget,
      |                       ^~~~~~~~~~~~~~~~~~~~~~~~~~~~~~
Viewer.cpp: In member function ‘void Viewer::ViewerImpl::StopVideo(bool)’:
Viewer.cpp:2219:40: warning: ‘void gtk_widget_set_double_buffered(GtkWidget*, gboolean)’ is deprecated [-Wdeprecated-declarations]
 2219 |         gtk_widget_set_double_buffered (m_pImageView, TRUE);
      |         ~~~~~~~~~~~~~~~~~~~~~~~~~~~~~~~^~~~~~~~~~~~~~~~~~~~
/usr/include/gtk-3.0/gtk/gtkwidget.h:883:23: note: declared here
  883 | void                  gtk_widget_set_double_buffered    (GtkWidget    *widget,
      |                       ^~~~~~~~~~~~~~~~~~~~~~~~~~~~~~
Viewer.cpp: In function ‘gboolean viewer_button_release_cb(GtkWidget*, GdkEventButton*, gpointer)’:
Viewer.cpp:2270:36: warning: ‘void gdk_pointer_ungrab(guint32)’ is deprecated: Use 'gdk_device_ungrab' instead [-Wdeprecated-declarations]
 2270 |                 gdk_pointer_ungrab (event->time);
      |                 ~~~~~~~~~~~~~~~~~~~^~~~~~~~~~~~~
/usr/include/gtk-3.0/gdk/gdkmain.h:100:15: note: declared here
  100 | void          gdk_pointer_ungrab     (guint32       time_);
      |               ^~~~~~~~~~~~~~~~~~
Viewer.cpp:2272:1: warning: no return statement in function returning non-void [-Wreturn-type]
 2272 | }
      | ^
Viewer.cpp: In function ‘gboolean viewer_button_press_cb(GtkWidget*, GdkEventButton*, gpointer)’:
Viewer.cpp:2328:34: warning: ‘GdkGrabStatus gdk_pointer_grab(GdkWindow*, gboolean, GdkEventMask, GdkWindow*, GdkCursor*, guint32)’ is deprecated: Use 'gdk_device_grab' instead [-Wdeprecated-declarations]
 2328 |                 gdk_pointer_grab (
      |                 ~~~~~~~~~~~~~~~~~^
 2329 |                         gtk_widget_get_window(pViewerImpl->m_pPlayProgressEventBox),
      |                         ~~~~~~~~~~~~~~~~~~~~~~~~~~~~~~~~~~~~~~~~~~~~~~~~~~~~~~~~~~~~
 2330 |                         TRUE,
      |                         ~~~~~
 2331 |                         (GdkEventMask)
      |                         ~~~~~~~~~~~~~~
 2332 |                                 (GDK_BUTTON_RELEASE_MASK  |
      |                                 ~~~~~~~~~~~~~~~~~~~~~~~~~~~
 2333 |                                  GDK_POINTER_MOTION_HINT_MASK |
      |                                  ~~~~~~~~~~~~~~~~~~~~~~~~~~~~~~
 2334 |                                  GDK_BUTTON_MOTION_MASK ),
      |                                  ~~~~~~~~~~~~~~~~~~~~~~~~~
 2335 |                         gtk_widget_get_window(pViewerImpl->m_pPlayProgressEventBox),
      |                         ~~~~~~~~~~~~~~~~~~~~~~~~~~~~~~~~~~~~~~~~~~~~~~~~~~~~~~~~~~~~
 2336 |                         NULL,
      |                         ~~~~~
 2337 |                         GDK_CURRENT_TIME);
      |                         ~~~~~~~~~~~~~~~~~
/usr/include/gtk-3.0/gdk/gdkmain.h:86:15: note: declared here
   86 | GdkGrabStatus gdk_pointer_grab       (GdkWindow    *window,
      |               ^~~~~~~~~~~~~~~~
Viewer.cpp: In function ‘void viewer_show_context_menu(GdkEventButton*, gpointer)’:
Viewer.cpp:2362:50: warning: ‘GtkWidget* gtk_ui_manager_get_widget(GtkUIManager*, const gchar*)’ is deprecated [-Wdeprecated-declarations]
 2362 |                 menu = gtk_ui_manager_get_widget (pViewerImpl->m_pUIManager,"/ui/ContextMenuMain");
      |                        ~~~~~~~~~~~~~~~~~~~~~~~~~~^~~~~~~~~~~~~~~~~~~~~~~~~~~~~~~~~~~~~~~~~~~~~~~~~
In file included from /usr/include/gtk-3.0/gtk/gtk.h:284:
/usr/include/gtk-3.0/gtk/deprecated/gtkuimanager.h:149:16: note: declared here
  149 | GtkWidget     *gtk_ui_manager_get_widget          (GtkUIManager          *manager,
      |                ^~~~~~~~~~~~~~~~~~~~~~~~~
Viewer.cpp:2364:31: warning: ‘void gtk_menu_popup(GtkMenu*, GtkWidget*, GtkWidget*, GtkMenuPositionFunc, gpointer, guint, guint32)’ is deprecated: Use '(gtk_menu_popup_at_widget, gtk_menu_popup_at_pointer, gtk_menu_popup_at_rect)' instead [-Wdeprecated-declarations]
 2364 |                 gtk_menu_popup(GTK_MENU(menu), NULL, NULL, NULL, NULL,
      |                 ~~~~~~~~~~~~~~^~~~~~~~~~~~~~~~~~~~~~~~~~~~~~~~~~~~~~~~
 2365 |                           (event != NULL) ? event->button : 0,
      |                           ~~~~~~~~~~~~~~~~~~~~~~~~~~~~~~~~~~~~
 2366 |                           gdk_event_get_time((GdkEvent*)event));
      |                           ~~~~~~~~~~~~~~~~~~~~~~~~~~~~~~~~~~~~~
In file included from /usr/include/gtk-3.0/gtk/gtklabel.h:34,
                 from /usr/include/gtk-3.0/gtk/gtkaccellabel.h:35,
                 from /usr/include/gtk-3.0/gtk/gtk.h:33:
/usr/include/gtk-3.0/gtk/gtkmenu.h:138:12: note: declared here
  138 | void       gtk_menu_popup                 (GtkMenu             *menu,
      |            ^~~~~~~~~~~~~~
Viewer.cpp: In constructor ‘Viewer::ViewerImpl::ViewerImpl(Viewer*)’:
Viewer.cpp:625:38: warning: ‘Viewer::ViewerImpl::m_ThumbnailLoader’ will be initialized after [-Wreorder]
  625 |         ViewerThumbLoader            m_ThumbnailLoader;
      |                                      ^~~~~~~~~~~~~~~~~
Viewer.cpp:563:14: warning:   ‘bool Viewer::ViewerImpl::m_bIsPlaying’ [-Wreorder]
  563 |         bool m_bIsPlaying;
      |              ^~~~~~~~~~~~
Viewer.cpp:2402:1: warning:   when initialized here [-Wreorder]
 2402 | Viewer::ViewerImpl::ViewerImpl(Viewer *pViewer) :
      | ^~~~~~
Viewer.cpp:2442:49: warning: ‘GtkWidget* gtk_alignment_new(gfloat, gfloat, gfloat, gfloat)’ is deprecated [-Wdeprecated-declarations]
 2442 |         GtkWidget* alignment = gtk_alignment_new(0., 1., 1., 0.);
      |                                ~~~~~~~~~~~~~~~~~^~~~~~~~~~~~~~~~
In file included from /usr/include/gtk-3.0/gtk/gtk.h:255:
/usr/include/gtk-3.0/gtk/deprecated/gtkalignment.h:79:12: note: declared here
   79 | GtkWidget* gtk_alignment_new        (gfloat             xalign,
      |            ^~~~~~~~~~~~~~~~~
/usr/include/gtk-3.0/gtk/deprecated/gtkalignment.h:38:69: warning: ‘GType gtk_alignment_get_type()’ is deprecated [-Wdeprecated-declarations]
   38 | #define GTK_TYPE_ALIGNMENT                  (gtk_alignment_get_type ())
      |                                              ~~~~~~~~~~~~~~~~~~~~~~~^~
/usr/include/glib-2.0/gobject/gtype.h:2660:70: note: in definition of macro ‘_G_TYPE_CIC’
 2660 |     ((ct*) (void *) g_type_check_instance_cast ((GTypeInstance*) ip, gt))
      |                                                                      ^~
/usr/include/gtk-3.0/gtk/deprecated/gtkalignment.h:39:46: note: in expansion of macro ‘G_TYPE_CHECK_INSTANCE_CAST’
   39 | #define GTK_ALIGNMENT(obj)                  (G_TYPE_CHECK_INSTANCE_CAST ((obj), GTK_TYPE_ALIGNMENT, GtkAlignment))
      |                                              ^~~~~~~~~~~~~~~~~~~~~~~~~~
/usr/include/gtk-3.0/gtk/deprecated/gtkalignment.h:39:81: note: in expansion of macro ‘GTK_TYPE_ALIGNMENT’
   39 | #define GTK_ALIGNMENT(obj)                  (G_TYPE_CHECK_INSTANCE_CAST ((obj), GTK_TYPE_ALIGNMENT, GtkAlignment))
      |                                                                                 ^~~~~~~~~~~~~~~~~~
Viewer.cpp:2445:35: note: in expansion of macro ‘GTK_ALIGNMENT’
 2445 |         gtk_alignment_set_padding(GTK_ALIGNMENT(alignment), 0, 10, 10,10);
      |                                   ^~~~~~~~~~~~~
/usr/include/gtk-3.0/gtk/deprecated/gtkalignment.h:77:12: note: declared here
   77 | GType      gtk_alignment_get_type   (void) G_GNUC_CONST;
      |            ^~~~~~~~~~~~~~~~~~~~~~
Viewer.cpp:2445:34: warning: ‘void gtk_alignment_set_padding(GtkAlignment*, guint, guint, guint, guint)’ is deprecated [-Wdeprecated-declarations]
 2445 |         gtk_alignment_set_padding(GTK_ALIGNMENT(alignment), 0, 10, 10,10);
      |         ~~~~~~~~~~~~~~~~~~~~~~~~~^~~~~~~~~~~~~~~~~~~~~~~~~~~~~~~~~~~~~~~~
/usr/include/gtk-3.0/gtk/deprecated/gtkalignment.h:91:12: note: declared here
   91 | void       gtk_alignment_set_padding (GtkAlignment      *alignment,
      |            ^~~~~~~~~~~~~~~~~~~~~~~~~
Viewer.cpp:2447:49: warning: ‘GtkWidget* gtk_alignment_new(gfloat, gfloat, gfloat, gfloat)’ is deprecated [-Wdeprecated-declarations]
 2447 |         GtkWidget* align2    = gtk_alignment_new(0.,1.,1., 0.);
      |                                ~~~~~~~~~~~~~~~~~^~~~~~~~~~~~~~
/usr/include/gtk-3.0/gtk/deprecated/gtkalignment.h:79:12: note: declared here
   79 | GtkWidget* gtk_alignment_new        (gfloat             xalign,
      |            ^~~~~~~~~~~~~~~~~
Viewer.cpp:2448:44: warning: ‘GtkWidget* gtk_hbox_new(gboolean, gint)’ is deprecated: Use 'gtk_box_new' instead [-Wdeprecated-declarations]
 2448 |         GtkWidget* hbox1     = gtk_hbox_new(FALSE,0);
      |                                ~~~~~~~~~~~~^~~~~~~~~
In file included from /usr/include/gtk-3.0/gtk/gtk.h:262:
/usr/include/gtk-3.0/gtk/deprecated/gtkhbox.h:63:13: note: declared here
   63 | GtkWidget * gtk_hbox_new      (gboolean homogeneous,
      |             ^~~~~~~~~~~~
Viewer.cpp:2450:44: warning: ‘GtkWidget* gtk_hbox_new(gboolean, gint)’ is deprecated: Use 'gtk_box_new' instead [-Wdeprecated-declarations]
 2450 |         GtkWidget* hbox2     = gtk_hbox_new(FALSE,0);
      |                                ~~~~~~~~~~~~^~~~~~~~~
/usr/include/gtk-3.0/gtk/deprecated/gtkhbox.h:63:13: note: declared here
   63 | GtkWidget * gtk_hbox_new      (gboolean homogeneous,
      |             ^~~~~~~~~~~~
Viewer.cpp:2462:48: warning: ‘GtkWidget* gtk_alignment_new(gfloat, gfloat, gfloat, gfloat)’ is deprecated [-Wdeprecated-declarations]
 2462 |         GtkWidget* align3   = gtk_alignment_new(0.,0.,1., 1.);
      |                               ~~~~~~~~~~~~~~~~~^~~~~~~~~~~~~~
/usr/include/gtk-3.0/gtk/deprecated/gtkalignment.h:79:12: note: declared here
   79 | GtkWidget* gtk_alignment_new        (gfloat             xalign,
      |            ^~~~~~~~~~~~~~~~~
/usr/include/gtk-3.0/gtk/deprecated/gtkalignment.h:38:69: warning: ‘GType gtk_alignment_get_type()’ is deprecated [-Wdeprecated-declarations]
   38 | #define GTK_TYPE_ALIGNMENT                  (gtk_alignment_get_type ())
      |                                              ~~~~~~~~~~~~~~~~~~~~~~~^~
/usr/include/glib-2.0/gobject/gtype.h:2660:70: note: in definition of macro ‘_G_TYPE_CIC’
 2660 |     ((ct*) (void *) g_type_check_instance_cast ((GTypeInstance*) ip, gt))
      |                                                                      ^~
/usr/include/gtk-3.0/gtk/deprecated/gtkalignment.h:39:46: note: in expansion of macro ‘G_TYPE_CHECK_INSTANCE_CAST’
   39 | #define GTK_ALIGNMENT(obj)                  (G_TYPE_CHECK_INSTANCE_CAST ((obj), GTK_TYPE_ALIGNMENT, GtkAlignment))
      |                                              ^~~~~~~~~~~~~~~~~~~~~~~~~~
/usr/include/gtk-3.0/gtk/deprecated/gtkalignment.h:39:81: note: in expansion of macro ‘GTK_TYPE_ALIGNMENT’
   39 | #define GTK_ALIGNMENT(obj)                  (G_TYPE_CHECK_INSTANCE_CAST ((obj), GTK_TYPE_ALIGNMENT, GtkAlignment))
      |                                                                                 ^~~~~~~~~~~~~~~~~~
Viewer.cpp:2463:35: note: in expansion of macro ‘GTK_ALIGNMENT’
 2463 |         gtk_alignment_set_padding(GTK_ALIGNMENT(align3), 5, 5, 5,10);
      |                                   ^~~~~~~~~~~~~
/usr/include/gtk-3.0/gtk/deprecated/gtkalignment.h:77:12: note: declared here
   77 | GType      gtk_alignment_get_type   (void) G_GNUC_CONST;
      |            ^~~~~~~~~~~~~~~~~~~~~~
Viewer.cpp:2463:34: warning: ‘void gtk_alignment_set_padding(GtkAlignment*, guint, guint, guint, guint)’ is deprecated [-Wdeprecated-declarations]
 2463 |         gtk_alignment_set_padding(GTK_ALIGNMENT(align3), 5, 5, 5,10);
      |         ~~~~~~~~~~~~~~~~~~~~~~~~~^~~~~~~~~~~~~~~~~~~~~~~~~~~~~~~~~~~
/usr/include/gtk-3.0/gtk/deprecated/gtkalignment.h:91:12: note: declared here
   91 | void       gtk_alignment_set_padding (GtkAlignment      *alignment,
      |            ^~~~~~~~~~~~~~~~~~~~~~~~~
/usr/include/gtk-3.0/gtk/deprecated/gtkalignment.h:38:69: warning: ‘GType gtk_alignment_get_type()’ is deprecated [-Wdeprecated-declarations]
   38 | #define GTK_TYPE_ALIGNMENT                  (gtk_alignment_get_type ())
      |                                              ~~~~~~~~~~~~~~~~~~~~~~~^~
/usr/include/glib-2.0/gobject/gtype.h:2660:70: note: in definition of macro ‘_G_TYPE_CIC’
 2660 |     ((ct*) (void *) g_type_check_instance_cast ((GTypeInstance*) ip, gt))
      |                                                                      ^~
/usr/include/gtk-3.0/gtk/deprecated/gtkalignment.h:39:46: note: in expansion of macro ‘G_TYPE_CHECK_INSTANCE_CAST’
   39 | #define GTK_ALIGNMENT(obj)                  (G_TYPE_CHECK_INSTANCE_CAST ((obj), GTK_TYPE_ALIGNMENT, GtkAlignment))
      |                                              ^~~~~~~~~~~~~~~~~~~~~~~~~~
/usr/include/gtk-3.0/gtk/deprecated/gtkalignment.h:39:81: note: in expansion of macro ‘GTK_TYPE_ALIGNMENT’
   39 | #define GTK_ALIGNMENT(obj)                  (G_TYPE_CHECK_INSTANCE_CAST ((obj), GTK_TYPE_ALIGNMENT, GtkAlignment))
      |                                                                                 ^~~~~~~~~~~~~~~~~~
Viewer.cpp:2467:35: note: in expansion of macro ‘GTK_ALIGNMENT’
 2467 |         gtk_alignment_set_padding(GTK_ALIGNMENT(align2), 0, 5, 0, 0);
      |                                   ^~~~~~~~~~~~~
/usr/include/gtk-3.0/gtk/deprecated/gtkalignment.h:77:12: note: declared here
   77 | GType      gtk_alignment_get_type   (void) G_GNUC_CONST;
      |            ^~~~~~~~~~~~~~~~~~~~~~
Viewer.cpp:2467:34: warning: ‘void gtk_alignment_set_padding(GtkAlignment*, guint, guint, guint, guint)’ is deprecated [-Wdeprecated-declarations]
 2467 |         gtk_alignment_set_padding(GTK_ALIGNMENT(align2), 0, 5, 0, 0);
      |         ~~~~~~~~~~~~~~~~~~~~~~~~~^~~~~~~~~~~~~~~~~~~~~~~~~~~~~~~~~~~
/usr/include/gtk-3.0/gtk/deprecated/gtkalignment.h:91:12: note: declared here
   91 | void       gtk_alignment_set_padding (GtkAlignment      *alignment,
      |            ^~~~~~~~~~~~~~~~~~~~~~~~~
Viewer.cpp:2535:44: warning: ‘GtkWidget* gtk_vscrollbar_new(GtkAdjustment*)’ is deprecated: Use 'gtk_scrollbar_new' instead [-Wdeprecated-declarations]
 2535 |         m_pScrollbarV = gtk_vscrollbar_new (m_pAdjustmentV);
      |                         ~~~~~~~~~~~~~~~~~~~^~~~~~~~~~~~~~~~
In file included from /usr/include/gtk-3.0/gtk/gtk.h:289:
/usr/include/gtk-3.0/gtk/deprecated/gtkvscrollbar.h:67:12: note: declared here
   67 | GtkWidget* gtk_vscrollbar_new      (GtkAdjustment *adjustment);
      |            ^~~~~~~~~~~~~~~~~~
Viewer.cpp:2536:44: warning: ‘GtkWidget* gtk_hscrollbar_new(GtkAdjustment*)’ is deprecated: Use 'gtk_scrollbar_new' instead [-Wdeprecated-declarations]
 2536 |         m_pScrollbarH = gtk_hscrollbar_new (m_pAdjustmentH);
      |                         ~~~~~~~~~~~~~~~~~~~^~~~~~~~~~~~~~~~
In file included from /usr/include/gtk-3.0/gtk/gtk.h:266:
/usr/include/gtk-3.0/gtk/deprecated/gtkhscrollbar.h:61:12: note: declared here
   61 | GtkWidget* gtk_hscrollbar_new      (GtkAdjustment *adjustment);
      |            ^~~~~~~~~~~~~~~~~~
Viewer.cpp:2581:31: warning: ‘GtkWidget* gtk_hbox_new(gboolean, gint)’ is deprecated: Use 'gtk_box_new' instead [-Wdeprecated-declarations]
 2581 |         m_pHBox = gtk_hbox_new(FALSE,0);
      |                   ~~~~~~~~~~~~^~~~~~~~~
/usr/include/gtk-3.0/gtk/deprecated/gtkhbox.h:63:13: note: declared here
   63 | GtkWidget * gtk_hbox_new      (gboolean homogeneous,
      |             ^~~~~~~~~~~~
Viewer.cpp:2583:31: warning: ‘GtkWidget* gtk_vbox_new(gboolean, gint)’ is deprecated: Use 'gtk_box_new' instead [-Wdeprecated-declarations]
 2583 |         m_pVBox = gtk_vbox_new(FALSE,0);
      |                   ~~~~~~~~~~~~^~~~~~~~~
In file included from /usr/include/gtk-3.0/gtk/gtk.h:286:
/usr/include/gtk-3.0/gtk/deprecated/gtkvbox.h:61:13: note: declared here
   61 | GtkWidget * gtk_vbox_new      (gboolean homogeneous,
      |             ^~~~~~~~~~~~
Viewer.cpp:2602:40: warning: ‘gboolean gdk_color_parse(const gchar*, GdkColor*)’ is deprecated: Use 'gdk_rgba_parse' instead [-Wdeprecated-declarations]
 2602 |                         gdk_color_parse(strBGColorImg.c_str(),&color);
      |                         ~~~~~~~~~~~~~~~^~~~~~~~~~~~~~~~~~~~~~~~~~~~~~
In file included from /usr/include/gtk-3.0/gdk/gdkcairo.h:26,
                 from /usr/include/gtk-3.0/gdk/gdk.h:33:
/usr/include/gtk-3.0/gdk/deprecated/gdkcolor.h:79:11: note: declared here
   79 | gboolean  gdk_color_parse     (const gchar    *spec,
      |           ^~~~~~~~~~~~~~~
Viewer.cpp:2603:46: warning: ‘void gtk_widget_modify_bg(GtkWidget*, GtkStateType, const GdkColor*)’ is deprecated: Use 'gtk_widget_override_background_color' instead [-Wdeprecated-declarations]
 2603 |                         gtk_widget_modify_bg (m_pImageView, GTK_STATE_NORMAL, &color );
      |                         ~~~~~~~~~~~~~~~~~~~~~^~~~~~~~~~~~~~~~~~~~~~~~~~~~~~~~~~~~~~~~~
In file included from /usr/include/gtk-3.0/gtk/gtk.h:277:
/usr/include/gtk-3.0/gtk/deprecated/gtkstyle.h:753:13: note: declared here
  753 | void        gtk_widget_modify_bg          (GtkWidget            *widget,
      |             ^~~~~~~~~~~~~~~~~~~~
Viewer.cpp:2609:40: warning: ‘gboolean gdk_color_parse(const gchar*, GdkColor*)’ is deprecated: Use 'gdk_rgba_parse' instead [-Wdeprecated-declarations]
 2609 |                         gdk_color_parse(strBGColorThumb.c_str(),&color);
      |                         ~~~~~~~~~~~~~~~^~~~~~~~~~~~~~~~~~~~~~~~~~~~~~~~
/usr/include/gtk-3.0/gdk/deprecated/gdkcolor.h:79:11: note: declared here
   79 | gboolean  gdk_color_parse     (const gchar    *spec,
      |           ^~~~~~~~~~~~~~~
Viewer.cpp:2610:46: warning: ‘void gtk_widget_modify_bg(GtkWidget*, GtkStateType, const GdkColor*)’ is deprecated: Use 'gtk_widget_override_background_color' instead [-Wdeprecated-declarations]
 2610 |                         gtk_widget_modify_bg (m_pIconView, GTK_STATE_NORMAL, &color );
      |                         ~~~~~~~~~~~~~~~~~~~~~^~~~~~~~~~~~~~~~~~~~~~~~~~~~~~~~~~~~~~~~
/usr/include/gtk-3.0/gtk/deprecated/gtkstyle.h:753:13: note: declared here
  753 | void        gtk_widget_modify_bg          (GtkWidget            *widget,
      |             ^~~~~~~~~~~~~~~~~~~~
Viewer.cpp: In function ‘gboolean idle_set_image_index(gpointer)’:
Viewer.cpp:2816:26: warning: ‘void gdk_threads_enter()’ is deprecated [-Wdeprecated-declarations]
 2816 |         gdk_threads_enter();
      |         ~~~~~~~~~~~~~~~~~^~
/usr/include/gtk-3.0/gdk/gdkthreads.h:46:10: note: declared here
   46 | void     gdk_threads_enter                    (void);
      |          ^~~~~~~~~~~~~~~~~
Viewer.cpp:2818:26: warning: ‘void gdk_threads_leave()’ is deprecated [-Wdeprecated-declarations]
 2818 |         gdk_threads_leave();
      |         ~~~~~~~~~~~~~~~~~^~
/usr/include/gtk-3.0/gdk/gdkthreads.h:48:10: note: declared here
   48 | void     gdk_threads_leave                    (void);
      |          ^~~~~~~~~~~~~~~~~
Viewer.cpp: In member function ‘void Viewer::Show()’:
Viewer.cpp:2855:87: warning: ‘guint gtk_ui_manager_add_ui_from_string(GtkUIManager*, const gchar*, gssize, GError**)’ is deprecated [-Wdeprecated-declarations]
 2855 |                 m_ViewerImplPtr->m_iMergedViewerUI = gtk_ui_manager_add_ui_from_string(m_ViewerImplPtr->m_pUIManager,
      |                                                      ~~~~~~~~~~~~~~~~~~~~~~~~~~~~~~~~~^~~~~~~~~~~~~~~~~~~~~~~~~~~~~~~
 2856 |                                 ui_viewer,
      |                                 ~~~~~~~~~~
 2857 |                                 strlen(ui_viewer),
      |                                 ~~~~~~~~~~~~~~~~~~
 2858 |                                 &tmp_error);
      |                                 ~~~~~~~~~~~
/usr/include/gtk-3.0/gtk/deprecated/gtkuimanager.h:158:16: note: declared here
  158 | guint          gtk_ui_manager_add_ui_from_string  (GtkUIManager          *manager,
      |                ^~~~~~~~~~~~~~~~~~~~~~~~~~~~~~~~~
Viewer.cpp:2860:45: warning: ‘void gtk_ui_manager_ensure_update(GtkUIManager*)’ is deprecated [-Wdeprecated-declarations]
 2860 |                 gtk_ui_manager_ensure_update(m_ViewerImplPtr->m_pUIManager);
      |                 ~~~~~~~~~~~~~~~~~~~~~~~~~~~~^~~~~~~~~~~~~~~~~~~~~~~~~~~~~~~
/usr/include/gtk-3.0/gtk/deprecated/gtkuimanager.h:184:16: note: declared here
  184 | void           gtk_ui_manager_ensure_update       (GtkUIManager          *manager);
      |                ^~~~~~~~~~~~~~~~~~~~~~~~~~~~
Viewer.cpp: In member function ‘void Viewer::Hide()’:
Viewer.cpp:2881:41: warning: ‘void gtk_ui_manager_remove_ui(GtkUIManager*, guint)’ is deprecated [-Wdeprecated-declarations]
 2881 |                 gtk_ui_manager_remove_ui(m_ViewerImplPtr->m_pUIManager,
      |                 ~~~~~~~~~~~~~~~~~~~~~~~~^~~~~~~~~~~~~~~~~~~~~~~~~~~~~~~
 2882 |                         m_ViewerImplPtr->m_iMergedViewerUI);
      |                         ~~~~~~~~~~~~~~~~~~~~~~~~~~~~~~~~~~~
/usr/include/gtk-3.0/gtk/deprecated/gtkuimanager.h:179:16: note: declared here
  179 | void           gtk_ui_manager_remove_ui           (GtkUIManager          *manager,
      |                ^~~~~~~~~~~~~~~~~~~~~~~~
Viewer.cpp:2884:45: warning: ‘void gtk_ui_manager_ensure_update(GtkUIManager*)’ is deprecated [-Wdeprecated-declarations]
 2884 |                 gtk_ui_manager_ensure_update(m_ViewerImplPtr->m_pUIManager);
      |                 ~~~~~~~~~~~~~~~~~~~~~~~~~~~~^~~~~~~~~~~~~~~~~~~~~~~~~~~~~~~
/usr/include/gtk-3.0/gtk/deprecated/gtkuimanager.h:184:16: note: declared here
  184 | void           gtk_ui_manager_ensure_update       (GtkUIManager          *manager);
      |                ^~~~~~~~~~~~~~~~~~~~~~~~~~~~
Viewer.cpp: In member function ‘void Viewer::SetUIManager(GtkUIManager*)’:
Viewer.cpp:2904:56: warning: ‘GtkActionGroup* gtk_action_group_new(const gchar*)’ is deprecated [-Wdeprecated-declarations]
 2904 |         GtkActionGroup* actions = gtk_action_group_new ("ViewerActions");
      |                                   ~~~~~~~~~~~~~~~~~~~~~^~~~~~~~~~~~~~~~~
/usr/include/gtk-3.0/gtk/deprecated/gtkactiongroup.h:175:17: note: declared here
  175 | GtkActionGroup *gtk_action_group_new                     (const gchar                *name);
      |                 ^~~~~~~~~~~~~~~~~~~~
Viewer.cpp:2906:37: warning: ‘void gtk_action_group_add_actions(GtkActionGroup*, const GtkActionEntry*, guint, gpointer)’ is deprecated [-Wdeprecated-declarations]
 2906 |         gtk_action_group_add_actions(actions, action_entries, n_entries, m_ViewerImplPtr.get());
      |         ~~~~~~~~~~~~~~~~~~~~~~~~~~~~^~~~~~~~~~~~~~~~~~~~~~~~~~~~~~~~~~~~~~~~~~~~~~~~~~~~~~~~~~~
/usr/include/gtk-3.0/gtk/deprecated/gtkactiongroup.h:210:17: note: declared here
  210 | void            gtk_action_group_add_actions             (GtkActionGroup             *action_group,
      |                 ^~~~~~~~~~~~~~~~~~~~~~~~~~~~
Viewer.cpp:2908:44: warning: ‘void gtk_action_group_add_toggle_actions(GtkActionGroup*, const GtkToggleActionEntry*, guint, gpointer)’ is deprecated [-Wdeprecated-declarations]
 2908 |         gtk_action_group_add_toggle_actions(actions,
      |         ~~~~~~~~~~~~~~~~~~~~~~~~~~~~~~~~~~~^~~~~~~~~
 2909 |                                                                                 action_entries_toggle,
      |                                                                                 ~~~~~~~~~~~~~~~~~~~~~~
 2910 |                                                                                 G_N_ELEMENTS (action_entries_toggle),
      |                                                                                 ~~~~~~~~~~~~~~~~~~~~~~~~~~~~~~~~~~~~~
 2911 |                                                                                 m_ViewerImplPtr.get());
      |                                                                                 ~~~~~~~~~~~~~~~~~~~~~~
/usr/include/gtk-3.0/gtk/deprecated/gtkactiongroup.h:215:17: note: declared here
  215 | void            gtk_action_group_add_toggle_actions      (GtkActionGroup             *action_group,
      |                 ^~~~~~~~~~~~~~~~~~~~~~~~~~~~~~~~~~~
Viewer.cpp:2914:43: warning: ‘void gtk_action_group_add_radio_actions(GtkActionGroup*, const GtkRadioActionEntry*, guint, gint, GCallback, gpointer)’ is deprecated [-Wdeprecated-declarations]
 2914 |         gtk_action_group_add_radio_actions(actions,
      |         ~~~~~~~~~~~~~~~~~~~~~~~~~~~~~~~~~~^~~~~~~~~
 2915 |                                                                                 zoom_radio_action_entries,
      |                                                                                 ~~~~~~~~~~~~~~~~~~~~~~~~~~
 2916 |                                                                                 G_N_ELEMENTS (zoom_radio_action_entries),
      |                                                                                 ~~~~~~~~~~~~~~~~~~~~~~~~~~~~~~~~~~~~~~~~~
 2917 |                                                                                 mode,
      |                                                                                 ~~~~~
 2918 |                                                                                 G_CALLBACK(viewer_radio_action_handler_cb),
      |                                                                                 ~~~~~~~~~~~~~~~~~~~~~~~~~~~~~~~~~~~~~~~~~~~
 2919 |                                                                                 m_ViewerImplPtr.get());
      |                                                                                 ~~~~~~~~~~~~~~~~~~~~~~
/usr/include/gtk-3.0/gtk/deprecated/gtkactiongroup.h:220:17: note: declared here
  220 | void            gtk_action_group_add_radio_actions       (GtkActionGroup             *action_group,
      |                 ^~~~~~~~~~~~~~~~~~~~~~~~~~~~~~~~~~
Viewer.cpp:2921:44: warning: ‘void gtk_ui_manager_insert_action_group(GtkUIManager*, GtkActionGroup*, gint)’ is deprecated [-Wdeprecated-declarations]
 2921 |         gtk_ui_manager_insert_action_group (m_ViewerImplPtr->m_pUIManager,actions,0);
      |         ~~~~~~~~~~~~~~~~~~~~~~~~~~~~~~~~~~~^~~~~~~~~~~~~~~~~~~~~~~~~~~~~~~~~~~~~~~~~
/usr/include/gtk-3.0/gtk/deprecated/gtkuimanager.h:138:16: note: declared here
  138 | void           gtk_ui_manager_insert_action_group (GtkUIManager          *manager,
      |                ^~~~~~~~~~~~~~~~~~~~~~~~~~~~~~~~~~
/usr/include/gtk-3.0/gtk/deprecated/gtktoggleaction.h:40:71: warning: ‘GType gtk_toggle_action_get_type()’ is deprecated [-Wdeprecated-declarations]
   40 | #define GTK_TYPE_TOGGLE_ACTION            (gtk_toggle_action_get_type ())
      |                                            ~~~~~~~~~~~~~~~~~~~~~~~~~~~^~
/usr/include/glib-2.0/gobject/gtype.h:2660:70: note: in definition of macro ‘_G_TYPE_CIC’
 2660 |     ((ct*) (void *) g_type_check_instance_cast ((GTypeInstance*) ip, gt))
      |                                                                      ^~
/usr/include/gtk-3.0/gtk/deprecated/gtktoggleaction.h:41:44: note: in expansion of macro ‘G_TYPE_CHECK_INSTANCE_CAST’
   41 | #define GTK_TOGGLE_ACTION(obj)            (G_TYPE_CHECK_INSTANCE_CAST ((obj), GTK_TYPE_TOGGLE_ACTION, GtkToggleAction))
      |                                            ^~~~~~~~~~~~~~~~~~~~~~~~~~
/usr/include/gtk-3.0/gtk/deprecated/gtktoggleaction.h:41:79: note: in expansion of macro ‘GTK_TYPE_TOGGLE_ACTION’
   41 | #define GTK_TOGGLE_ACTION(obj)            (G_TYPE_CHECK_INSTANCE_CAST ((obj), GTK_TYPE_TOGGLE_ACTION, GtkToggleAction))
      |                                                                               ^~~~~~~~~~~~~~~~~~~~~~
Viewer.cpp:2932:46: note: in expansion of macro ‘GTK_TOGGLE_ACTION’
 2932 |                 gtk_toggle_action_set_active(GTK_TOGGLE_ACTION(action),bShowFilmStrip ? TRUE : FALSE);
      |                                              ^~~~~~~~~~~~~~~~~
/usr/include/gtk-3.0/gtk/deprecated/gtktoggleaction.h:73:18: note: declared here
   73 | GType            gtk_toggle_action_get_type          (void) G_GNUC_CONST;
      |                  ^~~~~~~~~~~~~~~~~~~~~~~~~~
Viewer.cpp:2932:45: warning: ‘void gtk_toggle_action_set_active(GtkToggleAction*, gboolean)’ is deprecated [-Wdeprecated-declarations]
 2932 |                 gtk_toggle_action_set_active(GTK_TOGGLE_ACTION(action),bShowFilmStrip ? TRUE : FALSE);
      |                 ~~~~~~~~~~~~~~~~~~~~~~~~~~~~^~~~~~~~~~~~~~~~~~~~~~~~~~~~~~~~~~~~~~~~~~~~~~~~~~~~~~~~~
/usr/include/gtk-3.0/gtk/deprecated/gtktoggleaction.h:82:18: note: declared here
   82 | void             gtk_toggle_action_set_active        (GtkToggleAction *action,
      |                  ^~~~~~~~~~~~~~~~~~~~~~~~~~~~
/usr/include/gtk-3.0/gtk/deprecated/gtktoggleaction.h:40:71: warning: ‘GType gtk_toggle_action_get_type()’ is deprecated [-Wdeprecated-declarations]
   40 | #define GTK_TYPE_TOGGLE_ACTION            (gtk_toggle_action_get_type ())
      |                                            ~~~~~~~~~~~~~~~~~~~~~~~~~~~^~
/usr/include/glib-2.0/gobject/gtype.h:2660:70: note: in definition of macro ‘_G_TYPE_CIC’
 2660 |     ((ct*) (void *) g_type_check_instance_cast ((GTypeInstance*) ip, gt))
      |                                                                      ^~
/usr/include/gtk-3.0/gtk/deprecated/gtktoggleaction.h:41:44: note: in expansion of macro ‘G_TYPE_CHECK_INSTANCE_CAST’
   41 | #define GTK_TOGGLE_ACTION(obj)            (G_TYPE_CHECK_INSTANCE_CAST ((obj), GTK_TYPE_TOGGLE_ACTION, GtkToggleAction))
      |                                            ^~~~~~~~~~~~~~~~~~~~~~~~~~
/usr/include/gtk-3.0/gtk/deprecated/gtktoggleaction.h:41:79: note: in expansion of macro ‘GTK_TYPE_TOGGLE_ACTION’
   41 | #define GTK_TOGGLE_ACTION(obj)            (G_TYPE_CHECK_INSTANCE_CAST ((obj), GTK_TYPE_TOGGLE_ACTION, GtkToggleAction))
      |                                                                               ^~~~~~~~~~~~~~~~~~~~~~
Viewer.cpp:2938:46: note: in expansion of macro ‘GTK_TOGGLE_ACTION’
 2938 |                 gtk_toggle_action_set_active(GTK_TOGGLE_ACTION(action),m_ViewerImplPtr->m_bMaximizeViewableArea ? TRUE : FALSE);
      |                                              ^~~~~~~~~~~~~~~~~
/usr/include/gtk-3.0/gtk/deprecated/gtktoggleaction.h:73:18: note: declared here
   73 | GType            gtk_toggle_action_get_type          (void) G_GNUC_CONST;
      |                  ^~~~~~~~~~~~~~~~~~~~~~~~~~
Viewer.cpp:2938:45: warning: ‘void gtk_toggle_action_set_active(GtkToggleAction*, gboolean)’ is deprecated [-Wdeprecated-declarations]
 2938 |                 gtk_toggle_action_set_active(GTK_TOGGLE_ACTION(action),m_ViewerImplPtr->m_bMaximizeViewableArea ? TRUE : FALSE);
      |                 ~~~~~~~~~~~~~~~~~~~~~~~~~~~~^~~~~~~~~~~~~~~~~~~~~~~~~~~~~~~~~~~~~~~~~~~~~~~~~~~~~~~~~~~~~~~~~~~~~~~~~~~~~~~~~~~
/usr/include/gtk-3.0/gtk/deprecated/gtktoggleaction.h:82:18: note: declared here
   82 | void             gtk_toggle_action_set_active        (GtkToggleAction *action,
      |                  ^~~~~~~~~~~~~~~~~~~~~~~~~~~~
Viewer.cpp: In function ‘gboolean timeout_advance_slideshow(gpointer)’:
Viewer.cpp:2969:26: warning: ‘void gdk_threads_enter()’ is deprecated [-Wdeprecated-declarations]
 2969 |         gdk_threads_enter();
      |         ~~~~~~~~~~~~~~~~~^~
/usr/include/gtk-3.0/gdk/gdkthreads.h:46:10: note: declared here
   46 | void     gdk_threads_enter                    (void);
      |          ^~~~~~~~~~~~~~~~~
Viewer.cpp:2978:34: warning: ‘void gdk_threads_leave()’ is deprecated [-Wdeprecated-declarations]
 2978 |                 gdk_threads_leave();
      |                 ~~~~~~~~~~~~~~~~~^~
/usr/include/gtk-3.0/gdk/gdkthreads.h:48:10: note: declared here
   48 | void     gdk_threads_leave                    (void);
      |          ^~~~~~~~~~~~~~~~~
Viewer.cpp:2981:26: warning: ‘void gdk_threads_leave()’ is deprecated [-Wdeprecated-declarations]
 2981 |         gdk_threads_leave();
      |         ~~~~~~~~~~~~~~~~~^~
/usr/include/gtk-3.0/gdk/gdkthreads.h:48:10: note: declared here
   48 | void     gdk_threads_leave                    (void);
      |          ^~~~~~~~~~~~~~~~~
Viewer.cpp:2987:50: warning: ‘void gdk_threads_enter()’ is deprecated [-Wdeprecated-declarations]
 2987 |                                 gdk_threads_enter();
      |                                 ~~~~~~~~~~~~~~~~~^~
/usr/include/gtk-3.0/gdk/gdkthreads.h:46:10: note: declared here
   46 | void     gdk_threads_enter                    (void);
      |          ^~~~~~~~~~~~~~~~~
Viewer.cpp:3012:50: warning: ‘void gdk_threads_leave()’ is deprecated [-Wdeprecated-declarations]
 3012 |                                 gdk_threads_leave();
      |                                 ~~~~~~~~~~~~~~~~~^~
/usr/include/gtk-3.0/gdk/gdkthreads.h:48:10: note: declared here
   48 | void     gdk_threads_leave                    (void);
      |          ^~~~~~~~~~~~~~~~~
Viewer.cpp:3017:50: warning: ‘void gdk_threads_enter()’ is deprecated [-Wdeprecated-declarations]
 3017 |                                 gdk_threads_enter();
      |                                 ~~~~~~~~~~~~~~~~~^~
/usr/include/gtk-3.0/gdk/gdkthreads.h:46:10: note: declared here
   46 | void     gdk_threads_enter                    (void);
      |          ^~~~~~~~~~~~~~~~~
Viewer.cpp:3042:50: warning: ‘void gdk_threads_leave()’ is deprecated [-Wdeprecated-declarations]
 3042 |                                 gdk_threads_leave();
      |                                 ~~~~~~~~~~~~~~~~~^~
/usr/include/gtk-3.0/gdk/gdkthreads.h:48:10: note: declared here
   48 | void     gdk_threads_leave                    (void);
      |          ^~~~~~~~~~~~~~~~~
Viewer.cpp:3047:50: warning: ‘void gdk_threads_enter()’ is deprecated [-Wdeprecated-declarations]
 3047 |                                 gdk_threads_enter();
      |                                 ~~~~~~~~~~~~~~~~~^~
/usr/include/gtk-3.0/gdk/gdkthreads.h:46:10: note: declared here
   46 | void     gdk_threads_enter                    (void);
      |          ^~~~~~~~~~~~~~~~~
Viewer.cpp:3054:50: warning: ‘void gdk_threads_leave()’ is deprecated [-Wdeprecated-declarations]
 3054 |                                 gdk_threads_leave();
      |                                 ~~~~~~~~~~~~~~~~~^~
/usr/include/gtk-3.0/gdk/gdkthreads.h:48:10: note: declared here
   48 | void     gdk_threads_leave                    (void);
      |          ^~~~~~~~~~~~~~~~~
Viewer.cpp:3059:50: warning: ‘void gdk_threads_enter()’ is deprecated [-Wdeprecated-declarations]
 3059 |                                 gdk_threads_enter();
      |                                 ~~~~~~~~~~~~~~~~~^~
/usr/include/gtk-3.0/gdk/gdkthreads.h:46:10: note: declared here
   46 | void     gdk_threads_enter                    (void);
      |          ^~~~~~~~~~~~~~~~~
Viewer.cpp:3072:50: warning: ‘void gdk_threads_leave()’ is deprecated [-Wdeprecated-declarations]
 3072 |                                 gdk_threads_leave();
      |                                 ~~~~~~~~~~~~~~~~~^~
/usr/include/gtk-3.0/gdk/gdkthreads.h:48:10: note: declared here
   48 | void     gdk_threads_leave                    (void);
      |          ^~~~~~~~~~~~~~~~~
Viewer.cpp: In function ‘gboolean thumbnail_loader_update_list(gpointer)’:
Viewer.cpp:3163:26: warning: ‘void gdk_threads_enter()’ is deprecated [-Wdeprecated-declarations]
 3163 |         gdk_threads_enter();
      |         ~~~~~~~~~~~~~~~~~^~
/usr/include/gtk-3.0/gdk/gdkthreads.h:46:10: note: declared here
   46 | void     gdk_threads_enter                    (void);
      |          ^~~~~~~~~~~~~~~~~
Viewer.cpp:3166:26: warning: ‘void gdk_threads_leave()’ is deprecated [-Wdeprecated-declarations]
 3166 |         gdk_threads_leave();
      |         ~~~~~~~~~~~~~~~~~^~
/usr/include/gtk-3.0/gdk/gdkthreads.h:48:10: note: declared here
   48 | void     gdk_threads_leave                    (void);
      |          ^~~~~~~~~~~~~~~~~
Viewer.cpp: In function ‘gboolean timeout_update_scrollbars(gpointer)’:
Viewer.cpp:3250:26: warning: ‘void gdk_threads_enter()’ is deprecated [-Wdeprecated-declarations]
 3250 |         gdk_threads_enter();
      |         ~~~~~~~~~~~~~~~~~^~
/usr/include/gtk-3.0/gdk/gdkthreads.h:46:10: note: declared here
   46 | void     gdk_threads_enter                    (void);
      |          ^~~~~~~~~~~~~~~~~
Viewer.cpp:3252:26: warning: ‘void gdk_threads_leave()’ is deprecated [-Wdeprecated-declarations]
 3252 |         gdk_threads_leave();
      |         ~~~~~~~~~~~~~~~~~^~
/usr/include/gtk-3.0/gdk/gdkthreads.h:48:10: note: declared here
   48 | void     gdk_threads_leave                    (void);
      |          ^~~~~~~~~~~~~~~~~
Viewer.cpp: In member function ‘virtual void Viewer::ViewerImpl::PreferencesEventHandler::HandlePreferenceChanged(PreferencesEventPtr)’:
Viewer.cpp:3321:54: warning: ‘void gtk_widget_modify_bg(GtkWidget*, GtkStateType, const GdkColor*)’ is deprecated: Use 'gtk_widget_override_background_color' instead [-Wdeprecated-declarations]
 3321 |                                 gtk_widget_modify_bg (parent->m_pIconView, GTK_STATE_NORMAL, NULL );
      |                                 ~~~~~~~~~~~~~~~~~~~~~^~~~~~~~~~~~~~~~~~~~~~~~~~~~~~~~~~~~~~~~~~~~~~
/usr/include/gtk-3.0/gtk/deprecated/gtkstyle.h:753:13: note: declared here
  753 | void        gtk_widget_modify_bg          (GtkWidget            *widget,
      |             ^~~~~~~~~~~~~~~~~~~~
Viewer.cpp:3322:54: warning: ‘void gtk_widget_modify_bg(GtkWidget*, GtkStateType, const GdkColor*)’ is deprecated: Use 'gtk_widget_override_background_color' instead [-Wdeprecated-declarations]
 3322 |                                 gtk_widget_modify_bg (parent->m_pImageView, GTK_STATE_NORMAL, NULL );
      |                                 ~~~~~~~~~~~~~~~~~~~~~^~~~~~~~~~~~~~~~~~~~~~~~~~~~~~~~~~~~~~~~~~~~~~~
/usr/include/gtk-3.0/gtk/deprecated/gtkstyle.h:753:13: note: declared here
  753 | void        gtk_widget_modify_bg          (GtkWidget            *widget,
      |             ^~~~~~~~~~~~~~~~~~~~
Viewer.cpp:3331:48: warning: ‘gboolean gdk_color_parse(const gchar*, GdkColor*)’ is deprecated: Use 'gdk_rgba_parse' instead [-Wdeprecated-declarations]
 3331 |                                 gdk_color_parse(strBGColorThumb.c_str(),&color);
      |                                 ~~~~~~~~~~~~~~~^~~~~~~~~~~~~~~~~~~~~~~~~~~~~~~~
/usr/include/gtk-3.0/gdk/deprecated/gdkcolor.h:79:11: note: declared here
   79 | gboolean  gdk_color_parse     (const gchar    *spec,
      |           ^~~~~~~~~~~~~~~
Viewer.cpp:3332:54: warning: ‘void gtk_widget_modify_bg(GtkWidget*, GtkStateType, const GdkColor*)’ is deprecated: Use 'gtk_widget_override_background_color' instead [-Wdeprecated-declarations]
 3332 |                                 gtk_widget_modify_bg (parent->m_pIconView, GTK_STATE_NORMAL, &color );
      |                                 ~~~~~~~~~~~~~~~~~~~~~^~~~~~~~~~~~~~~~~~~~~~~~~~~~~~~~~~~~~~~~~~~~~~~~
/usr/include/gtk-3.0/gtk/deprecated/gtkstyle.h:753:13: note: declared here
  753 | void        gtk_widget_modify_bg          (GtkWidget            *widget,
      |             ^~~~~~~~~~~~~~~~~~~~
Viewer.cpp:3334:48: warning: ‘gboolean gdk_color_parse(const gchar*, GdkColor*)’ is deprecated: Use 'gdk_rgba_parse' instead [-Wdeprecated-declarations]
 3334 |                                 gdk_color_parse(strBGColorImg.c_str(),&color);
      |                                 ~~~~~~~~~~~~~~~^~~~~~~~~~~~~~~~~~~~~~~~~~~~~~
/usr/include/gtk-3.0/gdk/deprecated/gdkcolor.h:79:11: note: declared here
   79 | gboolean  gdk_color_parse     (const gchar    *spec,
      |           ^~~~~~~~~~~~~~~
Viewer.cpp:3335:54: warning: ‘void gtk_widget_modify_bg(GtkWidget*, GtkStateType, const GdkColor*)’ is deprecated: Use 'gtk_widget_override_background_color' instead [-Wdeprecated-declarations]
 3335 |                                 gtk_widget_modify_bg (parent->m_pImageView, GTK_STATE_NORMAL, &color);
      |                                 ~~~~~~~~~~~~~~~~~~~~~^~~~~~~~~~~~~~~~~~~~~~~~~~~~~~~~~~~~~~~~~~~~~~~~
/usr/include/gtk-3.0/gtk/deprecated/gtkstyle.h:753:13: note: declared here
  753 | void        gtk_widget_modify_bg          (GtkWidget            *widget,
      |             ^~~~~~~~~~~~~~~~~~~~
Viewer.cpp:3347:48: warning: ‘gboolean gdk_color_parse(const gchar*, GdkColor*)’ is deprecated: Use 'gdk_rgba_parse' instead [-Wdeprecated-declarations]
 3347 |                                 gdk_color_parse(strBGColorImg.c_str(),&color);
      |                                 ~~~~~~~~~~~~~~~^~~~~~~~~~~~~~~~~~~~~~~~~~~~~~
/usr/include/gtk-3.0/gdk/deprecated/gdkcolor.h:79:11: note: declared here
   79 | gboolean  gdk_color_parse     (const gchar    *spec,
      |           ^~~~~~~~~~~~~~~
Viewer.cpp:3348:54: warning: ‘void gtk_widget_modify_bg(GtkWidget*, GtkStateType, const GdkColor*)’ is deprecated: Use 'gtk_widget_override_background_color' instead [-Wdeprecated-declarations]
 3348 |                                 gtk_widget_modify_bg (parent->m_pImageView, GTK_STATE_NORMAL, &color );
      |                                 ~~~~~~~~~~~~~~~~~~~~~^~~~~~~~~~~~~~~~~~~~~~~~~~~~~~~~~~~~~~~~~~~~~~~~~
/usr/include/gtk-3.0/gtk/deprecated/gtkstyle.h:753:13: note: declared here
  753 | void        gtk_widget_modify_bg          (GtkWidget            *widget,
      |             ^~~~~~~~~~~~~~~~~~~~
Viewer.cpp:3359:48: warning: ‘gboolean gdk_color_parse(const gchar*, GdkColor*)’ is deprecated: Use 'gdk_rgba_parse' instead [-Wdeprecated-declarations]
 3359 |                                 gdk_color_parse(strBGColorThumb.c_str(),&color);
      |                                 ~~~~~~~~~~~~~~~^~~~~~~~~~~~~~~~~~~~~~~~~~~~~~~~
/usr/include/gtk-3.0/gdk/deprecated/gdkcolor.h:79:11: note: declared here
   79 | gboolean  gdk_color_parse     (const gchar    *spec,
      |           ^~~~~~~~~~~~~~~
Viewer.cpp:3360:54: warning: ‘void gtk_widget_modify_bg(GtkWidget*, GtkStateType, const GdkColor*)’ is deprecated: Use 'gtk_widget_override_background_color' instead [-Wdeprecated-declarations]
 3360 |                                 gtk_widget_modify_bg (parent->m_pIconView, GTK_STATE_NORMAL, &color );
      |                                 ~~~~~~~~~~~~~~~~~~~~~^~~~~~~~~~~~~~~~~~~~~~~~~~~~~~~~~~~~~~~~~~~~~~~~
/usr/include/gtk-3.0/gtk/deprecated/gtkstyle.h:753:13: note: declared here
  753 | void        gtk_widget_modify_bg          (GtkWidget            *widget,
      |             ^~~~~~~~~~~~~~~~~~~~
Viewer.cpp: In member function ‘virtual void Viewer::ViewerImpl::ViewerThumbLoader::LoadThumbnail(const ThumbLoaderItem&, guint, guint)’:
Viewer.cpp:3525:42: warning: ‘void gdk_threads_enter()’ is deprecated [-Wdeprecated-declarations]
 3525 |                         gdk_threads_enter();
      |                         ~~~~~~~~~~~~~~~~~^~
/usr/include/gtk-3.0/gdk/gdkthreads.h:46:10: note: declared here
   46 | void     gdk_threads_enter                    (void);
      |          ^~~~~~~~~~~~~~~~~
Viewer.cpp:3529:42: warning: ‘void gdk_threads_leave()’ is deprecated [-Wdeprecated-declarations]
 3529 |                         gdk_threads_leave();
      |                         ~~~~~~~~~~~~~~~~~^~
/usr/include/gtk-3.0/gdk/gdkthreads.h:48:10: note: declared here
   48 | void     gdk_threads_leave                    (void);
      |          ^~~~~~~~~~~~~~~~~
Viewer.cpp: In member function ‘virtual void Viewer::ViewerImpl::ViewerThumbLoader::SetIsRunning(bool)’:
Viewer.cpp:3554:34: warning: ‘void gdk_threads_enter()’ is deprecated [-Wdeprecated-declarations]
 3554 |                 gdk_threads_enter();
      |                 ~~~~~~~~~~~~~~~~~^~
/usr/include/gtk-3.0/gdk/gdkthreads.h:46:10: note: declared here
   46 | void     gdk_threads_enter                    (void);
      |          ^~~~~~~~~~~~~~~~~
Viewer.cpp:3563:34: warning: ‘void gdk_threads_leave()’ is deprecated [-Wdeprecated-declarations]
 3563 |                 gdk_threads_leave();
      |                 ~~~~~~~~~~~~~~~~~^~
/usr/include/gtk-3.0/gdk/gdkthreads.h:48:10: note: declared here
   48 | void     gdk_threads_leave                    (void);
      |          ^~~~~~~~~~~~~~~~~
QuiverVideoOps.cpp: In function ‘GdkPixbuf* QuiverVideoOps::LoadPixbuf(const gchar*, gint*, gint*)’:
QuiverVideoOps.cpp:118:65: warning: suggest explicit braces to avoid ambiguous ‘else’ [-Wdangling-else]
  118 |                                                         else if (0 == major)
      |                                                                 ^
depbase=`echo AbstractEventSource.o | sed 's|[^/]*$|.deps/&|;s|\.o$||'`;\
g++ -DHAVE_CONFIG_H -I. -I..  -I.. -DPACKAGE_LOCALE_DIR=\""/usr/local/share/locale"\" -DPACKAGE_SRC_DIR=\""."\" -DPACKAGE_DATA_DIR=\""/usr/local/share"\" -DQUIVER_DATADIR=\""/app/data"\" -I/usr/include/gtk-3.0 -I/usr/include/pango-1.0 -I/usr/include/glib-2.0 -I/usr/lib/x86_64-linux-gnu/glib-2.0/include -I/usr/include/harfbuzz -I/usr/include/freetype2 -I/usr/include/libpng16 -I/usr/include/libmount -I/usr/include/blkid -I/usr/include/fribidi -I/usr/include/cairo -I/usr/include/pixman-1 -I/usr/include/gdk-pixbuf-2.0 -I/usr/include/x86_64-linux-gnu -I/usr/include/webp -I/usr/include/gio-unix-2.0 -I/usr/include/atk-1.0 -I/usr/include/at-spi2-atk/2.0 -I/usr/include/at-spi-2.0 -I/usr/include/dbus-1.0 -I/usr/lib/x86_64-linux-gnu/dbus-1.0/include -pthread        -I/usr/include   -I/usr/include/gstreamer-1.0 -I/usr/include/glib-2.0 -I/usr/lib/x86_64-linux-gnu/glib-2.0/include -I/usr/include/x86_64-linux-gnu -I/usr/include/orc-0.4 -pthread  -Wall    -Wincompatible-pointer-types -Werror=incompatible-pointer-types -Werror=int-conversion -Werror=implicit-function-declaration -Wwrite-strings -MT AbstractEventSource.o -MD -MP -MF $depbase.Tpo -c -o AbstractEventSource.o AbstractEventSource.cpp &&\
mv -f $depbase.Tpo $depbase.Po
cc1plus: warning: command-line option ‘-Wincompatible-pointer-types’ is valid for C/ObjC but not for C++
cc1plus: warning: ‘-Werror=’ argument ‘-Werror=incompatible-pointer-types’ is not valid for C++
cc1plus: warning: ‘-Werror=’ argument ‘-Werror=int-conversion’ is not valid for C++
cc1plus: warning: ‘-Werror=’ argument ‘-Werror=implicit-function-declaration’ is not valid for C++
depbase=`echo BrowserEventSource.o | sed 's|[^/]*$|.deps/&|;s|\.o$||'`;\
g++ -DHAVE_CONFIG_H -I. -I..  -I.. -DPACKAGE_LOCALE_DIR=\""/usr/local/share/locale"\" -DPACKAGE_SRC_DIR=\""."\" -DPACKAGE_DATA_DIR=\""/usr/local/share"\" -DQUIVER_DATADIR=\""/app/data"\" -I/usr/include/gtk-3.0 -I/usr/include/pango-1.0 -I/usr/include/glib-2.0 -I/usr/lib/x86_64-linux-gnu/glib-2.0/include -I/usr/include/harfbuzz -I/usr/include/freetype2 -I/usr/include/libpng16 -I/usr/include/libmount -I/usr/include/blkid -I/usr/include/fribidi -I/usr/include/cairo -I/usr/include/pixman-1 -I/usr/include/gdk-pixbuf-2.0 -I/usr/include/x86_64-linux-gnu -I/usr/include/webp -I/usr/include/gio-unix-2.0 -I/usr/include/atk-1.0 -I/usr/include/at-spi2-atk/2.0 -I/usr/include/at-spi-2.0 -I/usr/include/dbus-1.0 -I/usr/lib/x86_64-linux-gnu/dbus-1.0/include -pthread        -I/usr/include   -I/usr/include/gstreamer-1.0 -I/usr/include/glib-2.0 -I/usr/lib/x86_64-linux-gnu/glib-2.0/include -I/usr/include/x86_64-linux-gnu -I/usr/include/orc-0.4 -pthread  -Wall    -Wincompatible-pointer-types -Werror=incompatible-pointer-types -Werror=int-conversion -Werror=implicit-function-declaration -Wwrite-strings -MT BrowserEventSource.o -MD -MP -MF $depbase.Tpo -c -o BrowserEventSource.o BrowserEventSource.cpp &&\
mv -f $depbase.Tpo $depbase.Po
cc1plus: warning: command-line option ‘-Wincompatible-pointer-types’ is valid for C/ObjC but not for C++
cc1plus: warning: ‘-Werror=’ argument ‘-Werror=incompatible-pointer-types’ is not valid for C++
cc1plus: warning: ‘-Werror=’ argument ‘-Werror=int-conversion’ is not valid for C++
cc1plus: warning: ‘-Werror=’ argument ‘-Werror=implicit-function-declaration’ is not valid for C++
Quiver.cpp:611:1: warning: invalid suffix on literal; C++11 requires a space between literal and string macro [-Wliteral-suffix]
  611 | "                       <menuitem action='"ACTION_QUIVER_SAVE"'/>"
      | ^
Quiver.cpp:620:1: warning: invalid suffix on literal; C++11 requires a space between literal and string macro [-Wliteral-suffix]
  620 | "                       <menuitem action='"ACTION_QUIVER_CLOSE"'/>"
      | ^
Quiver.cpp:632:1: warning: invalid suffix on literal; C++11 requires a space between literal and string macro [-Wliteral-suffix]
  632 | "                       <menuitem action='"ACTION_QUIVER_PREFERENCES"'/>"
      | ^
Quiver.cpp:637:1: warning: invalid suffix on literal; C++11 requires a space between literal and string macro [-Wliteral-suffix]
  637 | "                       <menuitem action='"ACTION_QUIVER_VIEW_MENUBAR"'/>"
      | ^
Quiver.cpp:639:1: warning: invalid suffix on literal; C++11 requires a space between literal and string macro [-Wliteral-suffix]
  639 | "                       <menuitem action='"ACTION_QUIVER_VIEW_TOOLBAR_MAIN"'/>"
      | ^
Quiver.cpp:640:1: warning: invalid suffix on literal; C++11 requires a space between literal and string macro [-Wliteral-suffix]
  640 | "                       <menuitem action='"ACTION_QUIVER_VIEW_PROPERTIES"'/>"
      | ^
Quiver.cpp:641:1: warning: invalid suffix on literal; C++11 requires a space between literal and string macro [-Wliteral-suffix]
  641 | "                       <menuitem action='"ACTION_QUIVER_VIEW_STATUSBAR"'/>"
      | ^
Quiver.cpp:645:1: warning: invalid suffix on literal; C++11 requires a space between literal and string macro [-Wliteral-suffix]
  645 | "                               <menuitem action='"ACTION_QUIVER_SORT_BY_NAME"'/>"
      | ^
Quiver.cpp:646:1: warning: invalid suffix on literal; C++11 requires a space between literal and string macro [-Wliteral-suffix]
  646 | "                               <menuitem action='"ACTION_QUIVER_SORT_BY_NAME_NATURAL"'/>"
      | ^
Quiver.cpp:647:1: warning: invalid suffix on literal; C++11 requires a space between literal and string macro [-Wliteral-suffix]
  647 | "                               <menuitem action='"ACTION_QUIVER_SORT_BY_DATE"'/>"
      | ^
Quiver.cpp:648:1: warning: invalid suffix on literal; C++11 requires a space between literal and string macro [-Wliteral-suffix]
  648 | "                               <menuitem action='"ACTION_QUIVER_SORT_BY_DATE_MODIFIED"'/>"
      | ^
Quiver.cpp:649:1: warning: invalid suffix on literal; C++11 requires a space between literal and string macro [-Wliteral-suffix]
  649 | "                               <menuitem action='"ACTION_QUIVER_SORT_BY_RANDOM"'/>"
      | ^
Quiver.cpp:651:1: warning: invalid suffix on literal; C++11 requires a space between literal and string macro [-Wliteral-suffix]
  651 | "                               <menuitem action='"ACTION_QUIVER_SORT_DESCENDING"'/>"
      | ^
Quiver.cpp:654:1: warning: invalid suffix on literal; C++11 requires a space between literal and string macro [-Wliteral-suffix]
  654 | "                       <menuitem action='"ACTION_QUIVER_FULLSCREEN"'/>"
      | ^
Quiver.cpp:655:1: warning: invalid suffix on literal; C++11 requires a space between literal and string macro [-Wliteral-suffix]
  655 | "                       <menuitem action='"ACTION_QUIVER_SLIDESHOW"'/>"
      | ^
Quiver.cpp:667:1: warning: invalid suffix on literal; C++11 requires a space between literal and string macro [-Wliteral-suffix]
  667 | "                       <menuitem action='"ACTION_QUIVER_GO_FOLDER_PARENT"'/>"
      | ^
Quiver.cpp:668:1: warning: invalid suffix on literal; C++11 requires a space between literal and string macro [-Wliteral-suffix]
  668 | "                       <menuitem action='"ACTION_QUIVER_GO_FOLDER_NEXT"'/>"
      | ^
Quiver.cpp:669:1: warning: invalid suffix on literal; C++11 requires a space between literal and string macro [-Wliteral-suffix]
  669 | "                       <menuitem action='"ACTION_QUIVER_GO_FOLDER_PREV"'/>"
      | ^
Quiver.cpp:673:1: warning: invalid suffix on literal; C++11 requires a space between literal and string macro [-Wliteral-suffix]
  673 | "                       <menuitem action='"ACTION_QUIVER_BOOKMARKS_ADD"'/>"
      | ^
Quiver.cpp:674:1: warning: invalid suffix on literal; C++11 requires a space between literal and string macro [-Wliteral-suffix]
  674 | "                       <menuitem action='"ACTION_QUIVER_BOOKMARKS_EDIT"'/>"
      | ^
Quiver.cpp:679:1: warning: invalid suffix on literal; C++11 requires a space between literal and string macro [-Wliteral-suffix]
  679 | "                       <menuitem action='"ACTION_QUIVER_ADJUST_DATE"'/>"
      | ^
Quiver.cpp:680:1: warning: invalid suffix on literal; C++11 requires a space between literal and string macro [-Wliteral-suffix]
  680 | "                       <menuitem action='"ACTION_QUIVER_RENAME"'/>"
      | ^
Quiver.cpp:681:1: warning: invalid suffix on literal; C++11 requires a space between literal and string macro [-Wliteral-suffix]
  681 | "                       <menuitem action='"ACTION_QUIVER_ORGANIZE"'/>"
      | ^
Quiver.cpp:682:1: warning: invalid suffix on literal; C++11 requires a space between literal and string macro [-Wliteral-suffix]
  682 | "                       <menuitem action='"ACTION_QUIVER_EXTERNAL_TOOLS"'/>"
      | ^
Quiver.cpp:689:1: warning: invalid suffix on literal; C++11 requires a space between literal and string macro [-Wliteral-suffix]
  689 | "                       <menuitem action='"ACTION_QUIVER_DONATE"'/>"
      | ^
Quiver.cpp:691:1: warning: invalid suffix on literal; C++11 requires a space between literal and string macro [-Wliteral-suffix]
  691 | "                       <menuitem action='"ACTION_QUIVER_ABOUT"'/>"
      | ^
Quiver.cpp:706:1: warning: invalid suffix on literal; C++11 requires a space between literal and string macro [-Wliteral-suffix]
  706 | "               <toolitem action='"ACTION_QUIVER_FULLSCREEN"'/>"
      | ^
Quiver.cpp:708:1: warning: invalid suffix on literal; C++11 requires a space between literal and string macro [-Wliteral-suffix]
  708 | "               <toolitem action='"ACTION_QUIVER_SLIDESHOW"'/>"
      | ^
Quiver.cpp:719:1: warning: invalid suffix on literal; C++11 requires a space between literal and string macro [-Wliteral-suffix]
  719 | "       <accelerator action='"ACTION_QUIVER_CLOSE_2"'/>"
      | ^
Quiver.cpp:720:1: warning: invalid suffix on literal; C++11 requires a space between literal and string macro [-Wliteral-suffix]
  720 | "       <accelerator action='"ACTION_QUIVER_CLOSE_3"'/>"
      | ^
Quiver.cpp:721:1: warning: invalid suffix on literal; C++11 requires a space between literal and string macro [-Wliteral-suffix]
  721 | "       <accelerator action='"ACTION_QUIVER_CLOSE_4"'/>"
      | ^
Quiver.cpp:722:1: warning: invalid suffix on literal; C++11 requires a space between literal and string macro [-Wliteral-suffix]
  722 | "       <accelerator action='"ACTION_QUIVER_ESCAPE"'/>"
      | ^
Quiver.cpp:740:1: warning: invalid suffix on literal; C++11 requires a space between literal and string macro [-Wliteral-suffix]
  740 | "                               <menuitem action='"ACTION_QUIVER_UI_MODE_VIEWER"'/>"
      | ^
Quiver.cpp:752:1: warning: invalid suffix on literal; C++11 requires a space between literal and string macro [-Wliteral-suffix]
  752 | "                       <toolitem action='"ACTION_QUIVER_UI_MODE_VIEWER"'/>"
      | ^
Quiver.cpp:774:1: warning: invalid suffix on literal; C++11 requires a space between literal and string macro [-Wliteral-suffix]
  774 | "                               <menuitem action='"ACTION_QUIVER_UI_MODE_BROWSER"'/>"
      | ^
Quiver.cpp:786:1: warning: invalid suffix on literal; C++11 requires a space between literal and string macro [-Wliteral-suffix]
  786 | "                       <toolitem action='"ACTION_QUIVER_UI_MODE_BROWSER"'/>"
      | ^
depbase=`echo ViewerEventSource.o | sed 's|[^/]*$|.deps/&|;s|\.o$||'`;\
g++ -DHAVE_CONFIG_H -I. -I..  -I.. -DPACKAGE_LOCALE_DIR=\""/usr/local/share/locale"\" -DPACKAGE_SRC_DIR=\""."\" -DPACKAGE_DATA_DIR=\""/usr/local/share"\" -DQUIVER_DATADIR=\""/app/data"\" -I/usr/include/gtk-3.0 -I/usr/include/pango-1.0 -I/usr/include/glib-2.0 -I/usr/lib/x86_64-linux-gnu/glib-2.0/include -I/usr/include/harfbuzz -I/usr/include/freetype2 -I/usr/include/libpng16 -I/usr/include/libmount -I/usr/include/blkid -I/usr/include/fribidi -I/usr/include/cairo -I/usr/include/pixman-1 -I/usr/include/gdk-pixbuf-2.0 -I/usr/include/x86_64-linux-gnu -I/usr/include/webp -I/usr/include/gio-unix-2.0 -I/usr/include/atk-1.0 -I/usr/include/at-spi2-atk/2.0 -I/usr/include/at-spi-2.0 -I/usr/include/dbus-1.0 -I/usr/lib/x86_64-linux-gnu/dbus-1.0/include -pthread        -I/usr/include   -I/usr/include/gstreamer-1.0 -I/usr/include/glib-2.0 -I/usr/lib/x86_64-linux-gnu/glib-2.0/include -I/usr/include/x86_64-linux-gnu -I/usr/include/orc-0.4 -pthread  -Wall    -Wincompatible-pointer-types -Werror=incompatible-pointer-types -Werror=int-conversion -Werror=implicit-function-declaration -Wwrite-strings -MT ViewerEventSource.o -MD -MP -MF $depbase.Tpo -c -o ViewerEventSource.o ViewerEventSource.cpp &&\
mv -f $depbase.Tpo $depbase.Po
cc1plus: warning: command-line option ‘-Wincompatible-pointer-types’ is valid for C/ObjC but not for C++
cc1plus: warning: ‘-Werror=’ argument ‘-Werror=incompatible-pointer-types’ is not valid for C++
cc1plus: warning: ‘-Werror=’ argument ‘-Werror=int-conversion’ is not valid for C++
cc1plus: warning: ‘-Werror=’ argument ‘-Werror=implicit-function-declaration’ is not valid for C++
In file included from /usr/include/boost/function/detail/requires_cxx11.hpp:9,
                 from /usr/include/boost/function/detail/prologue.hpp:12,
                 from /usr/include/boost/function.hpp:30,
                 from /usr/include/boost/signals2/signal.hpp:19,
                 from AbstractEventSource.h:5,
                 from AbstractEventSource.cpp:1:
/usr/include/boost/bind.hpp:36:1: note: ‘#pragma message: The practice of declaring the Bind placeholders (_1, _2, ...) in the global namespace is deprecated. Please use <boost/bind/bind.hpp> + using namespace boost::placeholders, or define BOOST_BIND_GLOBAL_PLACEHOLDERS to retain the current behavior.’
   36 | BOOST_PRAGMA_MESSAGE(
      | ^~~~~~~~~~~~~~~~~~~~
depbase=`echo AdjustDateDlg.o | sed 's|[^/]*$|.deps/&|;s|\.o$||'`;\
g++ -DHAVE_CONFIG_H -I. -I..  -I.. -DPACKAGE_LOCALE_DIR=\""/usr/local/share/locale"\" -DPACKAGE_SRC_DIR=\""."\" -DPACKAGE_DATA_DIR=\""/usr/local/share"\" -DQUIVER_DATADIR=\""/app/data"\" -I/usr/include/gtk-3.0 -I/usr/include/pango-1.0 -I/usr/include/glib-2.0 -I/usr/lib/x86_64-linux-gnu/glib-2.0/include -I/usr/include/harfbuzz -I/usr/include/freetype2 -I/usr/include/libpng16 -I/usr/include/libmount -I/usr/include/blkid -I/usr/include/fribidi -I/usr/include/cairo -I/usr/include/pixman-1 -I/usr/include/gdk-pixbuf-2.0 -I/usr/include/x86_64-linux-gnu -I/usr/include/webp -I/usr/include/gio-unix-2.0 -I/usr/include/atk-1.0 -I/usr/include/at-spi2-atk/2.0 -I/usr/include/at-spi-2.0 -I/usr/include/dbus-1.0 -I/usr/lib/x86_64-linux-gnu/dbus-1.0/include -pthread        -I/usr/include   -I/usr/include/gstreamer-1.0 -I/usr/include/glib-2.0 -I/usr/lib/x86_64-linux-gnu/glib-2.0/include -I/usr/include/x86_64-linux-gnu -I/usr/include/orc-0.4 -pthread  -Wall    -Wincompatible-pointer-types -Werror=incompatible-pointer-types -Werror=int-conversion -Werror=implicit-function-declaration -Wwrite-strings -MT AdjustDateDlg.o -MD -MP -MF $depbase.Tpo -c -o AdjustDateDlg.o AdjustDateDlg.cpp &&\
mv -f $depbase.Tpo $depbase.Po
cc1plus: warning: command-line option ‘-Wincompatible-pointer-types’ is valid for C/ObjC but not for C++
cc1plus: warning: ‘-Werror=’ argument ‘-Werror=incompatible-pointer-types’ is not valid for C++
cc1plus: warning: ‘-Werror=’ argument ‘-Werror=int-conversion’ is not valid for C++
cc1plus: warning: ‘-Werror=’ argument ‘-Werror=implicit-function-declaration’ is not valid for C++
In file included from /usr/include/boost/smart_ptr/detail/requires_cxx11.hpp:9,
                 from /usr/include/boost/smart_ptr/shared_ptr.hpp:17,
                 from /usr/include/boost/shared_ptr.hpp:17,
                 from QuiverFile.h:13,
                 from PixbufLoaderObserver.h:5,
                 from Quiver.h:13,
                 from Quiver.cpp:5:
/usr/include/boost/bind.hpp:36:1: note: ‘#pragma message: The practice of declaring the Bind placeholders (_1, _2, ...) in the global namespace is deprecated. Please use <boost/bind/bind.hpp> + using namespace boost::placeholders, or define BOOST_BIND_GLOBAL_PLACEHOLDERS to retain the current behavior.’
   36 | BOOST_PRAGMA_MESSAGE(
      | ^~~~~~~~~~~~~~~~~~~~
In file included from /usr/include/boost/function/detail/requires_cxx11.hpp:9,
                 from /usr/include/boost/function/detail/prologue.hpp:12,
                 from /usr/include/boost/function.hpp:30,
                 from /usr/include/boost/signals2/signal.hpp:19,
                 from AbstractEventSource.h:5,
                 from BrowserEventSource.h:4,
                 from BrowserEventSource.cpp:1:
/usr/include/boost/bind.hpp:36:1: note: ‘#pragma message: The practice of declaring the Bind placeholders (_1, _2, ...) in the global namespace is deprecated. Please use <boost/bind/bind.hpp> + using namespace boost::placeholders, or define BOOST_BIND_GLOBAL_PLACEHOLDERS to retain the current behavior.’
   36 | BOOST_PRAGMA_MESSAGE(
      | ^~~~~~~~~~~~~~~~~~~~
In file included from /usr/include/boost/function/detail/requires_cxx11.hpp:9,
                 from /usr/include/boost/function/detail/prologue.hpp:12,
                 from /usr/include/boost/function.hpp:30,
                 from /usr/include/boost/signals2/signal.hpp:19,
                 from AbstractEventSource.h:5,
                 from ViewerEventSource.h:4,
                 from ViewerEventSource.cpp:1:
/usr/include/boost/bind.hpp:36:1: note: ‘#pragma message: The practice of declaring the Bind placeholders (_1, _2, ...) in the global namespace is deprecated. Please use <boost/bind/bind.hpp> + using namespace boost::placeholders, or define BOOST_BIND_GLOBAL_PLACEHOLDERS to retain the current behavior.’
   36 | BOOST_PRAGMA_MESSAGE(
      | ^~~~~~~~~~~~~~~~~~~~
Quiver.cpp: In member function ‘void QuiverImpl::LoadBookmarks()’:
Quiver.cpp:325:49: warning: ‘void gtk_ui_manager_remove_ui(GtkUIManager*, guint)’ is deprecated [-Wdeprecated-declarations]
  325 |                         gtk_ui_manager_remove_ui(m_pUIManager,m_iMergedBookmarksUI);
      |                         ~~~~~~~~~~~~~~~~~~~~~~~~^~~~~~~~~~~~~~~~~~~~~~~~~~~~~~~~~~~
In file included from /usr/include/gtk-3.0/gtk/gtk.h:284,
                 from Quiver.h:10:
/usr/include/gtk-3.0/gtk/deprecated/gtkuimanager.h:179:16: note: declared here
  179 | void           gtk_ui_manager_remove_ui           (GtkUIManager          *manager,
      |                ^~~~~~~~~~~~~~~~~~~~~~~~
Quiver.cpp:326:53: warning: ‘void gtk_ui_manager_ensure_update(GtkUIManager*)’ is deprecated [-Wdeprecated-declarations]
  326 |                         gtk_ui_manager_ensure_update(m_pUIManager);
      |                         ~~~~~~~~~~~~~~~~~~~~~~~~~~~~^~~~~~~~~~~~~~
/usr/include/gtk-3.0/gtk/deprecated/gtkuimanager.h:184:16: note: declared here
  184 | void           gtk_ui_manager_ensure_update       (GtkUIManager          *manager);
      |                ^~~~~~~~~~~~~~~~~~~~~~~~~~~~
Quiver.cpp:331:73: warning: ‘GtkActionGroup* gtk_action_group_new(const gchar*)’ is deprecated [-Wdeprecated-declarations]
  331 |                         GtkActionGroup* actions2 = gtk_action_group_new ("BookmarkActions");
      |                                                    ~~~~~~~~~~~~~~~~~~~~~^~~~~~~~~~~~~~~~~~~
In file included from /usr/include/gtk-3.0/gtk/gtk.h:254:
/usr/include/gtk-3.0/gtk/deprecated/gtkactiongroup.h:175:17: note: declared here
  175 | GtkActionGroup *gtk_action_group_new                     (const gchar                *name);
      |                 ^~~~~~~~~~~~~~~~~~~~
Quiver.cpp:351:65: warning: ‘void gtk_action_group_add_actions(GtkActionGroup*, const GtkActionEntry*, guint, gpointer)’ is deprecated [-Wdeprecated-declarations]
  351 |                                 gtk_action_group_add_actions    (actions2, &action_entry, 1, this);
      |                                 ~~~~~~~~~~~~~~~~~~~~~~~~~~~~~~~~^~~~~~~~~~~~~~~~~~~~~~~~~~~~~~~~~~
/usr/include/gtk-3.0/gtk/deprecated/gtkactiongroup.h:210:17: note: declared here
  210 | void            gtk_action_group_add_actions             (GtkActionGroup             *action_group,
      |                 ^~~~~~~~~~~~~~~~~~~~~~~~~~~~
Quiver.cpp:356:60: warning: ‘void gtk_ui_manager_insert_action_group(GtkUIManager*, GtkActionGroup*, gint)’ is deprecated [-Wdeprecated-declarations]
  356 |                         gtk_ui_manager_insert_action_group (m_pUIManager,actions2,0);
      |                         ~~~~~~~~~~~~~~~~~~~~~~~~~~~~~~~~~~~^~~~~~~~~~~~~~~~~~~~~~~~~
/usr/include/gtk-3.0/gtk/deprecated/gtkuimanager.h:138:16: note: declared here
  138 | void           gtk_ui_manager_insert_action_group (GtkUIManager          *manager,
      |                ^~~~~~~~~~~~~~~~~~~~~~~~~~~~~~~~~~
Quiver.cpp:388:17: warning: ‘guint gtk_ui_manager_add_ui_from_string(GtkUIManager*, const gchar*, gssize, GError**)’ is deprecated [-Wdeprecated-declarations]
  387 |                         m_iMergedBookmarksUI = gtk_ui_manager_add_ui_from_string
      |                                                ~~~~~~~~~~~~~~~~~~~~~~~~~~~~~~~~~
  388 |                 (m_pUIManager,
      |                 ^~~~~~~~~~~~~~
  389 |                  str_ui.c_str(),
      |                  ~~~~~~~~~~~~~~~
  390 |                  str_ui.length(),
      |                  ~~~~~~~~~~~~~~~~
  391 |                  &error);
      |                  ~~~~~~~
/usr/include/gtk-3.0/gtk/deprecated/gtkuimanager.h:158:16: note: declared here
  158 | guint          gtk_ui_manager_add_ui_from_string  (GtkUIManager          *manager,
      |                ^~~~~~~~~~~~~~~~~~~~~~~~~~~~~~~~~
Quiver.cpp:393:53: warning: ‘void gtk_ui_manager_ensure_update(GtkUIManager*)’ is deprecated [-Wdeprecated-declarations]
  393 |                         gtk_ui_manager_ensure_update(m_pUIManager);
      |                         ~~~~~~~~~~~~~~~~~~~~~~~~~~~~^~~~~~~~~~~~~~
/usr/include/gtk-3.0/gtk/deprecated/gtkuimanager.h:184:16: note: declared here
  184 | void           gtk_ui_manager_ensure_update       (GtkUIManager          *manager);
      |                ^~~~~~~~~~~~~~~~~~~~~~~~~~~~
Quiver.cpp: In member function ‘void QuiverImpl::LoadExternalTools()’:
Quiver.cpp:412:49: warning: ‘void gtk_ui_manager_remove_ui(GtkUIManager*, guint)’ is deprecated [-Wdeprecated-declarations]
  412 |                         gtk_ui_manager_remove_ui(m_pUIManager,m_iMergedExternalToolsUI);
      |                         ~~~~~~~~~~~~~~~~~~~~~~~~^~~~~~~~~~~~~~~~~~~~~~~~~~~~~~~~~~~~~~~
/usr/include/gtk-3.0/gtk/deprecated/gtkuimanager.h:179:16: note: declared here
  179 | void           gtk_ui_manager_remove_ui           (GtkUIManager          *manager,
      |                ^~~~~~~~~~~~~~~~~~~~~~~~
Quiver.cpp:413:53: warning: ‘void gtk_ui_manager_ensure_update(GtkUIManager*)’ is deprecated [-Wdeprecated-declarations]
  413 |                         gtk_ui_manager_ensure_update(m_pUIManager);
      |                         ~~~~~~~~~~~~~~~~~~~~~~~~~~~~^~~~~~~~~~~~~~
/usr/include/gtk-3.0/gtk/deprecated/gtkuimanager.h:184:16: note: declared here
  184 | void           gtk_ui_manager_ensure_update       (GtkUIManager          *manager);
      |                ^~~~~~~~~~~~~~~~~~~~~~~~~~~~
Quiver.cpp:418:73: warning: ‘GtkActionGroup* gtk_action_group_new(const gchar*)’ is deprecated [-Wdeprecated-declarations]
  418 |                         GtkActionGroup* actions2 = gtk_action_group_new ("ExternalToolActions");
      |                                                    ~~~~~~~~~~~~~~~~~~~~~^~~~~~~~~~~~~~~~~~~~~~~
/usr/include/gtk-3.0/gtk/deprecated/gtkactiongroup.h:175:17: note: declared here
  175 | GtkActionGroup *gtk_action_group_new                     (const gchar                *name);
      |                 ^~~~~~~~~~~~~~~~~~~~
Quiver.cpp:437:65: warning: ‘void gtk_action_group_add_actions(GtkActionGroup*, const GtkActionEntry*, guint, gpointer)’ is deprecated [-Wdeprecated-declarations]
  437 |                                 gtk_action_group_add_actions    (actions2, &action_entry, 1, this);
      |                                 ~~~~~~~~~~~~~~~~~~~~~~~~~~~~~~~~^~~~~~~~~~~~~~~~~~~~~~~~~~~~~~~~~~
/usr/include/gtk-3.0/gtk/deprecated/gtkactiongroup.h:210:17: note: declared here
  210 | void            gtk_action_group_add_actions             (GtkActionGroup             *action_group,
      |                 ^~~~~~~~~~~~~~~~~~~~~~~~~~~~
Quiver.cpp:442:60: warning: ‘void gtk_ui_manager_insert_action_group(GtkUIManager*, GtkActionGroup*, gint)’ is deprecated [-Wdeprecated-declarations]
  442 |                         gtk_ui_manager_insert_action_group (m_pUIManager,actions2,0);
      |                         ~~~~~~~~~~~~~~~~~~~~~~~~~~~~~~~~~~~^~~~~~~~~~~~~~~~~~~~~~~~~
/usr/include/gtk-3.0/gtk/deprecated/gtkuimanager.h:138:16: note: declared here
  138 | void           gtk_ui_manager_insert_action_group (GtkUIManager          *manager,
      |                ^~~~~~~~~~~~~~~~~~~~~~~~~~~~~~~~~~
Quiver.cpp:473:57: warning: ‘void gtk_ui_manager_remove_ui(GtkUIManager*, guint)’ is deprecated [-Wdeprecated-declarations]
  473 |                                 gtk_ui_manager_remove_ui(m_pUIManager,m_iMergedExternalToolsUI);
      |                                 ~~~~~~~~~~~~~~~~~~~~~~~~^~~~~~~~~~~~~~~~~~~~~~~~~~~~~~~~~~~~~~~
/usr/include/gtk-3.0/gtk/deprecated/gtkuimanager.h:179:16: note: declared here
  179 | void           gtk_ui_manager_remove_ui           (GtkUIManager          *manager,
      |                ^~~~~~~~~~~~~~~~~~~~~~~~
Quiver.cpp:474:61: warning: ‘void gtk_ui_manager_ensure_update(GtkUIManager*)’ is deprecated [-Wdeprecated-declarations]
  474 |                                 gtk_ui_manager_ensure_update(m_pUIManager);
      |                                 ~~~~~~~~~~~~~~~~~~~~~~~~~~~~^~~~~~~~~~~~~~
/usr/include/gtk-3.0/gtk/deprecated/gtkuimanager.h:184:16: note: declared here
  184 | void           gtk_ui_manager_ensure_update       (GtkUIManager          *manager);
      |                ^~~~~~~~~~~~~~~~~~~~~~~~~~~~
Quiver.cpp:479:17: warning: ‘guint gtk_ui_manager_add_ui_from_string(GtkUIManager*, const gchar*, gssize, GError**)’ is deprecated [-Wdeprecated-declarations]
  478 |                         m_iMergedExternalToolsUI = gtk_ui_manager_add_ui_from_string
      |                                                    ~~~~~~~~~~~~~~~~~~~~~~~~~~~~~~~~~
  479 |                 (m_pUIManager,
      |                 ^~~~~~~~~~~~~~
  480 |                  str_ui.c_str(),
      |                  ~~~~~~~~~~~~~~~
  481 |                  str_ui.length(),
      |                  ~~~~~~~~~~~~~~~~
  482 |                  &error);
      |                  ~~~~~~~
/usr/include/gtk-3.0/gtk/deprecated/gtkuimanager.h:158:16: note: declared here
  158 | guint          gtk_ui_manager_add_ui_from_string  (GtkUIManager          *manager,
      |                ^~~~~~~~~~~~~~~~~~~~~~~~~~~~~~~~~
Quiver.cpp:484:53: warning: ‘void gtk_ui_manager_ensure_update(GtkUIManager*)’ is deprecated [-Wdeprecated-declarations]
  484 |                         gtk_ui_manager_ensure_update(m_pUIManager);
      |                         ~~~~~~~~~~~~~~~~~~~~~~~~~~~~^~~~~~~~~~~~~~
/usr/include/gtk-3.0/gtk/deprecated/gtkuimanager.h:184:16: note: declared here
  184 | void           gtk_ui_manager_ensure_update       (GtkUIManager          *manager);
      |                ^~~~~~~~~~~~~~~~~~~~~~~~~~~~
In file included from /usr/include/gtk-3.0/gtk/deprecated/gtkactiongroup.h:37:
Quiver.cpp: At global scope:
/usr/include/gtk-3.0/gtk/deprecated/gtkstock.h:424:38: warning: ‘GtkStock’ is deprecated [-Wdeprecated-declarations]
  424 | #define GTK_STOCK_FULLSCREEN       ((GtkStock)"gtk-fullscreen")
      |                                      ^~~~~~~~
QuiverStockIcons.h:63:38: note: in expansion of macro ‘GTK_STOCK_FULLSCREEN’
   63 | #define QUIVER_STOCK_FULLSCREEN      GTK_STOCK_FULLSCREEN
      |                                      ^~~~~~~~~~~~~~~~~~~~
Quiver.cpp:795:37: note: in expansion of macro ‘QUIVER_STOCK_FULLSCREEN’
  795 |         { ACTION_QUIVER_FULLSCREEN, QUIVER_STOCK_FULLSCREEN , N_("_Full Screen"), "f", N_("Toggle Full Screen Mode"), G_CALLBACK(quiver_action_handler_cb),FALSE},
      |                                     ^~~~~~~~~~~~~~~~~~~~~~~
/usr/include/gtk-3.0/gtk/deprecated/gtkstock.h:108:16: note: declared here
  108 | typedef char * GtkStock;
      |                ^~~~~~~~
/usr/include/gtk-3.0/gtk/deprecated/gtkstock.h:534:38: warning: ‘GtkStock’ is deprecated [-Wdeprecated-declarations]
  534 | #define GTK_STOCK_INDEX            ((GtkStock)"gtk-index")
      |                                      ^~~~~~~~
QuiverStockIcons.h:9:37: note: in expansion of macro ‘GTK_STOCK_INDEX’
    9 | #define QUIVER_STOCK_SLIDESHOW      GTK_STOCK_INDEX //"quiver-icon-slideshow"
      |                                     ^~~~~~~~~~~~~~~
Quiver.cpp:800:35: note: in expansion of macro ‘QUIVER_STOCK_SLIDESHOW’
  800 |         { ACTION_QUIVER_SLIDESHOW,QUIVER_STOCK_SLIDESHOW, N_("_Slide Show"), "s", N_("Toggle Slide Show"), G_CALLBACK(quiver_action_handler_cb),FALSE},
      |                                   ^~~~~~~~~~~~~~~~~~~~~~
/usr/include/gtk-3.0/gtk/deprecated/gtkstock.h:108:16: note: declared here
  108 | typedef char * GtkStock;
      |                ^~~~~~~~
/usr/include/gtk-3.0/gtk/deprecated/gtkstock.h:1121:38: warning: ‘GtkStock’ is deprecated [-Wdeprecated-declarations]
 1121 | #define GTK_STOCK_ZOOM_IN          ((GtkStock)"gtk-zoom-in")
      |                                      ^~~~~~~~
QuiverStockIcons.h:60:38: note: in expansion of macro ‘GTK_STOCK_ZOOM_IN’
   60 | #define QUIVER_STOCK_ZOOM_IN         GTK_STOCK_ZOOM_IN
      |                                      ^~~~~~~~~~~~~~~~~
Quiver.cpp:801:39: note: in expansion of macro ‘QUIVER_STOCK_ZOOM_IN’
  801 |         { ACTION_QUIVER_VIEW_MENUBAR, QUIVER_STOCK_ZOOM_IN,"Menubar", "<Control><Shift>M", "Show/Hide the Menubar", G_CALLBACK(quiver_action_handler_cb),TRUE},
      |                                       ^~~~~~~~~~~~~~~~~~~~
/usr/include/gtk-3.0/gtk/deprecated/gtkstock.h:108:16: note: declared here
  108 | typedef char * GtkStock;
      |                ^~~~~~~~
/usr/include/gtk-3.0/gtk/deprecated/gtkstock.h:1121:38: warning: ‘GtkStock’ is deprecated [-Wdeprecated-declarations]
 1121 | #define GTK_STOCK_ZOOM_IN          ((GtkStock)"gtk-zoom-in")
      |                                      ^~~~~~~~
QuiverStockIcons.h:60:38: note: in expansion of macro ‘GTK_STOCK_ZOOM_IN’
   60 | #define QUIVER_STOCK_ZOOM_IN         GTK_STOCK_ZOOM_IN
      |                                      ^~~~~~~~~~~~~~~~~
Quiver.cpp:802:44: note: in expansion of macro ‘QUIVER_STOCK_ZOOM_IN’
  802 |         { ACTION_QUIVER_VIEW_TOOLBAR_MAIN, QUIVER_STOCK_ZOOM_IN,"Toolbar", "<Control><Shift>T", "Show/Hide the Toolbar", G_CALLBACK(quiver_action_handler_cb),TRUE},
      |                                            ^~~~~~~~~~~~~~~~~~~~
/usr/include/gtk-3.0/gtk/deprecated/gtkstock.h:108:16: note: declared here
  108 | typedef char * GtkStock;
      |                ^~~~~~~~
/usr/include/gtk-3.0/gtk/deprecated/gtkstock.h:1121:38: warning: ‘GtkStock’ is deprecated [-Wdeprecated-declarations]
 1121 | #define GTK_STOCK_ZOOM_IN          ((GtkStock)"gtk-zoom-in")
      |                                      ^~~~~~~~
QuiverStockIcons.h:60:38: note: in expansion of macro ‘GTK_STOCK_ZOOM_IN’
   60 | #define QUIVER_STOCK_ZOOM_IN         GTK_STOCK_ZOOM_IN
      |                                      ^~~~~~~~~~~~~~~~~
Quiver.cpp:803:41: note: in expansion of macro ‘QUIVER_STOCK_ZOOM_IN’
  803 |         { ACTION_QUIVER_VIEW_STATUSBAR, QUIVER_STOCK_ZOOM_IN,"Statusbar", "<Control><Shift>S", "Show/Hide the Statusbar", G_CALLBACK(quiver_action_handler_cb),TRUE},
      |                                         ^~~~~~~~~~~~~~~~~~~~
/usr/include/gtk-3.0/gtk/deprecated/gtkstock.h:108:16: note: declared here
  108 | typedef char * GtkStock;
      |                ^~~~~~~~
/usr/include/gtk-3.0/gtk/deprecated/gtkstock.h:910:38: warning: ‘GtkStock’ is deprecated [-Wdeprecated-declarations]
  910 | #define GTK_STOCK_PROPERTIES       ((GtkStock)"gtk-properties")
      |                                      ^~~~~~~~
QuiverStockIcons.h:25:38: note: in expansion of macro ‘GTK_STOCK_PROPERTIES’
   25 | #define QUIVER_STOCK_PROPERTIES      GTK_STOCK_PROPERTIES
      |                                      ^~~~~~~~~~~~~~~~~~~~
Quiver.cpp:804:42: note: in expansion of macro ‘QUIVER_STOCK_PROPERTIES’
  804 |         { ACTION_QUIVER_VIEW_PROPERTIES, QUIVER_STOCK_PROPERTIES,"Properties", "<Alt>Return", "Show/Hide Image Properties", G_CALLBACK(quiver_action_handler_cb),FALSE},
      |                                          ^~~~~~~~~~~~~~~~~~~~~~~
/usr/include/gtk-3.0/gtk/deprecated/gtkstock.h:108:16: note: declared here
  108 | typedef char * GtkStock;
      |                ^~~~~~~~
/usr/include/gtk-3.0/gtk/deprecated/gtkstock.h:1020:38: warning: ‘GtkStock’ is deprecated [-Wdeprecated-declarations]
 1020 | #define GTK_STOCK_SORT_DESCENDING  ((GtkStock)"gtk-sort-descending")
      |                                      ^~~~~~~~
QuiverStockIcons.h:81:38: note: in expansion of macro ‘GTK_STOCK_SORT_DESCENDING’
   81 | #define QUIVER_STOCK_SORT_DESCENDING GTK_STOCK_SORT_DESCENDING
      |                                      ^~~~~~~~~~~~~~~~~~~~~~~~~
Quiver.cpp:805:42: note: in expansion of macro ‘QUIVER_STOCK_SORT_DESCENDING’
  805 |         { ACTION_QUIVER_SORT_DESCENDING, QUIVER_STOCK_SORT_DESCENDING, "In Descending Order", "", "Arrange the items in descending order", G_CALLBACK(quiver_action_handler_cb),FALSE},
      |                                          ^~~~~~~~~~~~~~~~~~~~~~~~~~~~
/usr/include/gtk-3.0/gtk/deprecated/gtkstock.h:108:16: note: declared here
  108 | typedef char * GtkStock;
      |                ^~~~~~~~
/usr/include/gtk-3.0/gtk/deprecated/gtkstock.h:496:38: warning: ‘GtkStock’ is deprecated [-Wdeprecated-declarations]
  496 | #define GTK_STOCK_GO_UP            ((GtkStock)"gtk-go-up")
      |                                      ^~~~~~~~
QuiverStockIcons.h:57:38: note: in expansion of macro ‘GTK_STOCK_GO_UP’
   57 | #define QUIVER_STOCK_GO_UP           GTK_STOCK_GO_UP
      |                                      ^~~~~~~~~~~~~~~
Quiver.cpp:826:43: note: in expansion of macro ‘QUIVER_STOCK_GO_UP’
  826 |         { ACTION_QUIVER_GO_FOLDER_PARENT, QUIVER_STOCK_GO_UP, "Open Parent", "<Alt>Up", "Open parent folder", G_CALLBACK(quiver_action_handler_cb)},
      |                                           ^~~~~~~~~~~~~~~~~~
/usr/include/gtk-3.0/gtk/deprecated/gtkstock.h:108:16: note: declared here
  108 | typedef char * GtkStock;
      |                ^~~~~~~~
/usr/include/gtk-3.0/gtk/deprecated/gtkstock.h:487:38: warning: ‘GtkStock’ is deprecated [-Wdeprecated-declarations]
  487 | #define GTK_STOCK_GO_FORWARD       ((GtkStock)"gtk-go-forward")
      |                                      ^~~~~~~~
QuiverStockIcons.h:59:38: note: in expansion of macro ‘GTK_STOCK_GO_FORWARD’
   59 | #define QUIVER_STOCK_GO_FORWARD      GTK_STOCK_GO_FORWARD
      |                                      ^~~~~~~~~~~~~~~~~~~~
Quiver.cpp:827:41: note: in expansion of macro ‘QUIVER_STOCK_GO_FORWARD’
  827 |         { ACTION_QUIVER_GO_FOLDER_NEXT, QUIVER_STOCK_GO_FORWARD, "Open _Next Folder", "<Shift><Alt>Right", "Open next folder", G_CALLBACK(quiver_action_handler_cb)},
      |                                         ^~~~~~~~~~~~~~~~~~~~~~~
/usr/include/gtk-3.0/gtk/deprecated/gtkstock.h:108:16: note: declared here
  108 | typedef char * GtkStock;
      |                ^~~~~~~~
/usr/include/gtk-3.0/gtk/deprecated/gtkstock.h:469:38: warning: ‘GtkStock’ is deprecated [-Wdeprecated-declarations]
  469 | #define GTK_STOCK_GO_BACK          ((GtkStock)"gtk-go-back")
      |                                      ^~~~~~~~
QuiverStockIcons.h:58:38: note: in expansion of macro ‘GTK_STOCK_GO_BACK’
   58 | #define QUIVER_STOCK_GO_BACK         GTK_STOCK_GO_BACK
      |                                      ^~~~~~~~~~~~~~~~~
Quiver.cpp:828:41: note: in expansion of macro ‘QUIVER_STOCK_GO_BACK’
  828 |         { ACTION_QUIVER_GO_FOLDER_PREV, QUIVER_STOCK_GO_BACK, "Open _Previous Folder", "<Shift><Alt>Left", "Open previous folder", G_CALLBACK(quiver_action_handler_cb)},
      |                                         ^~~~~~~~~~~~~~~~~~~~
/usr/include/gtk-3.0/gtk/deprecated/gtkstock.h:108:16: note: declared here
  108 | typedef char * GtkStock;
      |                ^~~~~~~~
/usr/include/gtk-3.0/gtk/deprecated/gtkstock.h:313:38: warning: ‘GtkStock’ is deprecated [-Wdeprecated-declarations]
  313 | #define GTK_STOCK_DIRECTORY        ((GtkStock)"gtk-directory")
      |                                      ^~~~~~~~
QuiverStockIcons.h:6:37: note: in expansion of macro ‘GTK_STOCK_DIRECTORY’
    6 | #define QUIVER_STOCK_BROWSER        GTK_STOCK_DIRECTORY //"quiver-icon-browser"
      |                                     ^~~~~~~~~~~~~~~~~~~
Quiver.cpp:833:41: note: in expansion of macro ‘QUIVER_STOCK_BROWSER’
  833 |         { ACTION_QUIVER_UI_MODE_BROWSER,QUIVER_STOCK_BROWSER , "_Browser", "", "Browse Images", G_CALLBACK(quiver_action_handler_cb)},
      |                                         ^~~~~~~~~~~~~~~~~~~~
/usr/include/gtk-3.0/gtk/deprecated/gtkstock.h:108:16: note: declared here
  108 | typedef char * GtkStock;
      |                ^~~~~~~~
/usr/include/gtk-3.0/gtk/deprecated/gtkstock.h:386:38: warning: ‘GtkStock’ is deprecated [-Wdeprecated-declarations]
  386 | #define GTK_STOCK_FILE             ((GtkStock)"gtk-file")
      |                                      ^~~~~~~~
QuiverStockIcons.h:5:37: note: in expansion of macro ‘GTK_STOCK_FILE’
    5 | #define QUIVER_STOCK_APP            GTK_STOCK_FILE //"quiver-icon-app"
      |                                     ^~~~~~~~~~~~~~
Quiver.cpp:834:41: note: in expansion of macro ‘QUIVER_STOCK_APP’
  834 |         { ACTION_QUIVER_UI_MODE_VIEWER, QUIVER_STOCK_APP, "_Viewer", "", "View Image", G_CALLBACK(quiver_action_handler_cb)},
      |                                         ^~~~~~~~~~~~~~~~
/usr/include/gtk-3.0/gtk/deprecated/gtkstock.h:108:16: note: declared here
  108 | typedef char * GtkStock;
      |                ^~~~~~~~
/usr/include/gtk-3.0/gtk/deprecated/gtkstock.h:765:38: warning: ‘GtkStock’ is deprecated [-Wdeprecated-declarations]
  765 | #define GTK_STOCK_OPEN             ((GtkStock)"gtk-open")
      |                                      ^~~~~~~~
QuiverStockIcons.h:18:38: note: in expansion of macro ‘GTK_STOCK_OPEN’
   18 | #define QUIVER_STOCK_OPEN            GTK_STOCK_OPEN
      |                                      ^~~~~~~~~~~~~~
Quiver.cpp:839:31: note: in expansion of macro ‘QUIVER_STOCK_OPEN’
  839 |         { ACTION_QUIVER_OPEN, QUIVER_STOCK_OPEN, "_Open", "<Control>o", "Open an image", G_CALLBACK(quiver_action_handler_cb)},
      |                               ^~~~~~~~~~~~~~~~~
/usr/include/gtk-3.0/gtk/deprecated/gtkstock.h:108:16: note: declared here
  108 | typedef char * GtkStock;
      |                ^~~~~~~~
/usr/include/gtk-3.0/gtk/deprecated/gtkstock.h:765:38: warning: ‘GtkStock’ is deprecated [-Wdeprecated-declarations]
  765 | #define GTK_STOCK_OPEN             ((GtkStock)"gtk-open")
      |                                      ^~~~~~~~
QuiverStockIcons.h:18:38: note: in expansion of macro ‘GTK_STOCK_OPEN’
   18 | #define QUIVER_STOCK_OPEN            GTK_STOCK_OPEN
      |                                      ^~~~~~~~~~~~~~
Quiver.cpp:840:38: note: in expansion of macro ‘QUIVER_STOCK_OPEN’
  840 |         { ACTION_QUIVER_OPEN_FOLDER, QUIVER_STOCK_OPEN, "Open _Folder", "<Control>f", "Open a Folder", G_CALLBACK( quiver_action_handler_cb )},
      |                                      ^~~~~~~~~~~~~~~~~
/usr/include/gtk-3.0/gtk/deprecated/gtkstock.h:108:16: note: declared here
  108 | typedef char * GtkStock;
      |                ^~~~~~~~
/usr/include/gtk-3.0/gtk/deprecated/gtkstock.h:964:38: warning: ‘GtkStock’ is deprecated [-Wdeprecated-declarations]
  964 | #define GTK_STOCK_SAVE             ((GtkStock)"gtk-save")
      |                                      ^~~~~~~~
QuiverStockIcons.h:19:38: note: in expansion of macro ‘GTK_STOCK_SAVE’
   19 | #define QUIVER_STOCK_SAVE            GTK_STOCK_SAVE
      |                                      ^~~~~~~~~~~~~~
Quiver.cpp:841:31: note: in expansion of macro ‘QUIVER_STOCK_SAVE’
  841 |         { ACTION_QUIVER_SAVE, QUIVER_STOCK_SAVE, "_Save", "<Control>s", "Save the Image", G_CALLBACK(quiver_action_handler_cb)},
      |                               ^~~~~~~~~~~~~~~~~
/usr/include/gtk-3.0/gtk/deprecated/gtkstock.h:108:16: note: declared here
  108 | typedef char * GtkStock;
      |                ^~~~~~~~
/usr/include/gtk-3.0/gtk/deprecated/gtkstock.h:964:38: warning: ‘GtkStock’ is deprecated [-Wdeprecated-declarations]
  964 | #define GTK_STOCK_SAVE             ((GtkStock)"gtk-save")
      |                                      ^~~~~~~~
QuiverStockIcons.h:19:38: note: in expansion of macro ‘GTK_STOCK_SAVE’
   19 | #define QUIVER_STOCK_SAVE            GTK_STOCK_SAVE
      |                                      ^~~~~~~~~~~~~~
Quiver.cpp:842:34: note: in expansion of macro ‘QUIVER_STOCK_SAVE’
  842 |         { ACTION_QUIVER_SAVE_AS, QUIVER_STOCK_SAVE, "Save _As", "", "Save the Image As", G_CALLBACK(quiver_action_handler_cb)},
      |                                  ^~~~~~~~~~~~~~~~~
/usr/include/gtk-3.0/gtk/deprecated/gtkstock.h:108:16: note: declared here
  108 | typedef char * GtkStock;
      |                ^~~~~~~~
/usr/include/gtk-3.0/gtk/deprecated/gtkstock.h:919:38: warning: ‘GtkStock’ is deprecated [-Wdeprecated-declarations]
  919 | #define GTK_STOCK_QUIT             ((GtkStock)"gtk-quit")
      |                                      ^~~~~~~~
QuiverStockIcons.h:20:38: note: in expansion of macro ‘GTK_STOCK_QUIT’
   20 | #define QUIVER_STOCK_QUIT            GTK_STOCK_QUIT
      |                                      ^~~~~~~~~~~~~~
Quiver.cpp:844:32: note: in expansion of macro ‘QUIVER_STOCK_QUIT’
  844 |         { ACTION_QUIVER_CLOSE, QUIVER_STOCK_QUIT, "_Close", "<Alt>F4", "Close quiver", G_CALLBACK( quiver_action_handler_cb )},
      |                                ^~~~~~~~~~~~~~~~~
/usr/include/gtk-3.0/gtk/deprecated/gtkstock.h:108:16: note: declared here
  108 | typedef char * GtkStock;
      |                ^~~~~~~~
/usr/include/gtk-3.0/gtk/deprecated/gtkstock.h:919:38: warning: ‘GtkStock’ is deprecated [-Wdeprecated-declarations]
  919 | #define GTK_STOCK_QUIT             ((GtkStock)"gtk-quit")
      |                                      ^~~~~~~~
QuiverStockIcons.h:20:38: note: in expansion of macro ‘GTK_STOCK_QUIT’
   20 | #define QUIVER_STOCK_QUIT            GTK_STOCK_QUIT
      |                                      ^~~~~~~~~~~~~~
Quiver.cpp:845:34: note: in expansion of macro ‘QUIVER_STOCK_QUIT’
  845 |         { ACTION_QUIVER_CLOSE_2, QUIVER_STOCK_QUIT, "_Close", "q", "Close quiver", G_CALLBACK( quiver_action_handler_cb )},
      |                                  ^~~~~~~~~~~~~~~~~
/usr/include/gtk-3.0/gtk/deprecated/gtkstock.h:108:16: note: declared here
  108 | typedef char * GtkStock;
      |                ^~~~~~~~
/usr/include/gtk-3.0/gtk/deprecated/gtkstock.h:919:38: warning: ‘GtkStock’ is deprecated [-Wdeprecated-declarations]
  919 | #define GTK_STOCK_QUIT             ((GtkStock)"gtk-quit")
      |                                      ^~~~~~~~
QuiverStockIcons.h:20:38: note: in expansion of macro ‘GTK_STOCK_QUIT’
   20 | #define QUIVER_STOCK_QUIT            GTK_STOCK_QUIT
      |                                      ^~~~~~~~~~~~~~
Quiver.cpp:846:34: note: in expansion of macro ‘QUIVER_STOCK_QUIT’
  846 |         { ACTION_QUIVER_CLOSE_3, QUIVER_STOCK_QUIT, "_Close", "<Control>q", "Close quiver", G_CALLBACK( quiver_action_handler_cb )},
      |                                  ^~~~~~~~~~~~~~~~~
/usr/include/gtk-3.0/gtk/deprecated/gtkstock.h:108:16: note: declared here
  108 | typedef char * GtkStock;
      |                ^~~~~~~~
/usr/include/gtk-3.0/gtk/deprecated/gtkstock.h:919:38: warning: ‘GtkStock’ is deprecated [-Wdeprecated-declarations]
  919 | #define GTK_STOCK_QUIT             ((GtkStock)"gtk-quit")
      |                                      ^~~~~~~~
QuiverStockIcons.h:20:38: note: in expansion of macro ‘GTK_STOCK_QUIT’
   20 | #define QUIVER_STOCK_QUIT            GTK_STOCK_QUIT
      |                                      ^~~~~~~~~~~~~~
Quiver.cpp:847:34: note: in expansion of macro ‘QUIVER_STOCK_QUIT’
  847 |         { ACTION_QUIVER_CLOSE_4, QUIVER_STOCK_QUIT, "_Close", "<Control>w", "Close quiver", G_CALLBACK( quiver_action_handler_cb )},
      |                                  ^~~~~~~~~~~~~~~~~
/usr/include/gtk-3.0/gtk/deprecated/gtkstock.h:108:16: note: declared here
  108 | typedef char * GtkStock;
      |                ^~~~~~~~
/usr/include/gtk-3.0/gtk/deprecated/gtkstock.h:838:38: warning: ‘GtkStock’ is deprecated [-Wdeprecated-declarations]
  838 | #define GTK_STOCK_PREFERENCES      ((GtkStock)"gtk-preferences")
      |                                      ^~~~~~~~
QuiverStockIcons.h:26:38: note: in expansion of macro ‘GTK_STOCK_PREFERENCES’
   26 | #define QUIVER_STOCK_PREFERENCES     GTK_STOCK_PREFERENCES
      |                                      ^~~~~~~~~~~~~~~~~~~~~
Quiver.cpp:850:38: note: in expansion of macro ‘QUIVER_STOCK_PREFERENCES’
  850 |         { ACTION_QUIVER_PREFERENCES, QUIVER_STOCK_PREFERENCES, "_Preferences", "<Control>p", "Edit quiver preferences", G_CALLBACK(quiver_action_handler_cb)},
      |                                      ^~~~~~~~~~~~~~~~~~~~~~~~
/usr/include/gtk-3.0/gtk/deprecated/gtkstock.h:108:16: note: declared here
  108 | typedef char * GtkStock;
      |                ^~~~~~~~
/usr/include/gtk-3.0/gtk/deprecated/gtkstock.h:132:38: warning: ‘GtkStock’ is deprecated [-Wdeprecated-declarations]
  132 | #define GTK_STOCK_ADD              ((GtkStock)"gtk-add")
      |                                      ^~~~~~~~
QuiverStockIcons.h:29:38: note: in expansion of macro ‘GTK_STOCK_ADD’
   29 | #define QUIVER_STOCK_ADD             GTK_STOCK_ADD
      |                                      ^~~~~~~~~~~~~
Quiver.cpp:855:40: note: in expansion of macro ‘QUIVER_STOCK_ADD’
  855 |         { ACTION_QUIVER_BOOKMARKS_ADD, QUIVER_STOCK_ADD, "_Add Bookmark", "<Control>d", "Add a bookmark", G_CALLBACK(quiver_action_handler_cb)},
      |                                        ^~~~~~~~~~~~~~~~
/usr/include/gtk-3.0/gtk/deprecated/gtkstock.h:108:16: note: declared here
  108 | typedef char * GtkStock;
      |                ^~~~~~~~
/usr/include/gtk-3.0/gtk/deprecated/gtkstock.h:364:38: warning: ‘GtkStock’ is deprecated [-Wdeprecated-declarations]
  364 | #define GTK_STOCK_EDIT             ((GtkStock)"gtk-edit")
      |                                      ^~~~~~~~
QuiverStockIcons.h:23:38: note: in expansion of macro ‘GTK_STOCK_EDIT’
   23 | #define QUIVER_STOCK_EDIT            GTK_STOCK_EDIT
      |                                      ^~~~~~~~~~~~~~
Quiver.cpp:856:41: note: in expansion of macro ‘QUIVER_STOCK_EDIT’
  856 |         { ACTION_QUIVER_BOOKMARKS_EDIT, QUIVER_STOCK_EDIT, "_Edit Bookmarks...", "", "Edit the bookmarks", G_CALLBACK(quiver_action_handler_cb)},
      |                                         ^~~~~~~~~~~~~~~~~
/usr/include/gtk-3.0/gtk/deprecated/gtkstock.h:108:16: note: declared here
  108 | typedef char * GtkStock;
      |                ^~~~~~~~
/usr/include/gtk-3.0/gtk/deprecated/gtkstock.h:364:38: warning: ‘GtkStock’ is deprecated [-Wdeprecated-declarations]
  364 | #define GTK_STOCK_EDIT             ((GtkStock)"gtk-edit")
      |                                      ^~~~~~~~
QuiverStockIcons.h:23:38: note: in expansion of macro ‘GTK_STOCK_EDIT’
   23 | #define QUIVER_STOCK_EDIT            GTK_STOCK_EDIT
      |                                      ^~~~~~~~~~~~~~
Quiver.cpp:858:33: note: in expansion of macro ‘QUIVER_STOCK_EDIT’
  858 |         { ACTION_QUIVER_RENAME, QUIVER_STOCK_EDIT, "Rename...", "", "Rename image(s)", G_CALLBACK(quiver_action_handler_cb)},
      |                                 ^~~~~~~~~~~~~~~~~
/usr/include/gtk-3.0/gtk/deprecated/gtkstock.h:108:16: note: declared here
  108 | typedef char * GtkStock;
      |                ^~~~~~~~
/usr/include/gtk-3.0/gtk/deprecated/gtkstock.h:364:38: warning: ‘GtkStock’ is deprecated [-Wdeprecated-declarations]
  364 | #define GTK_STOCK_EDIT             ((GtkStock)"gtk-edit")
      |                                      ^~~~~~~~
QuiverStockIcons.h:23:38: note: in expansion of macro ‘GTK_STOCK_EDIT’
   23 | #define QUIVER_STOCK_EDIT            GTK_STOCK_EDIT
      |                                      ^~~~~~~~~~~~~~
Quiver.cpp:859:35: note: in expansion of macro ‘QUIVER_STOCK_EDIT’
  859 |         { ACTION_QUIVER_ORGANIZE, QUIVER_STOCK_EDIT, "Organize...", "", "Organize photos", G_CALLBACK(quiver_action_handler_cb)},
      |                                   ^~~~~~~~~~~~~~~~~
/usr/include/gtk-3.0/gtk/deprecated/gtkstock.h:108:16: note: declared here
  108 | typedef char * GtkStock;
      |                ^~~~~~~~
/usr/include/gtk-3.0/gtk/deprecated/gtkstock.h:364:38: warning: ‘GtkStock’ is deprecated [-Wdeprecated-declarations]
  364 | #define GTK_STOCK_EDIT             ((GtkStock)"gtk-edit")
      |                                      ^~~~~~~~
QuiverStockIcons.h:23:38: note: in expansion of macro ‘GTK_STOCK_EDIT’
   23 | #define QUIVER_STOCK_EDIT            GTK_STOCK_EDIT
      |                                      ^~~~~~~~~~~~~~
Quiver.cpp:860:38: note: in expansion of macro ‘QUIVER_STOCK_EDIT’
  860 |         { ACTION_QUIVER_ADJUST_DATE, QUIVER_STOCK_EDIT, "Adjust Date...", "", "Adjust Exif Dates", G_CALLBACK(quiver_action_handler_cb)},
      |                                      ^~~~~~~~~~~~~~~~~
/usr/include/gtk-3.0/gtk/deprecated/gtkstock.h:108:16: note: declared here
  108 | typedef char * GtkStock;
      |                ^~~~~~~~
/usr/include/gtk-3.0/gtk/deprecated/gtkstock.h:364:38: warning: ‘GtkStock’ is deprecated [-Wdeprecated-declarations]
  364 | #define GTK_STOCK_EDIT             ((GtkStock)"gtk-edit")
      |                                      ^~~~~~~~
QuiverStockIcons.h:23:38: note: in expansion of macro ‘GTK_STOCK_EDIT’
   23 | #define QUIVER_STOCK_EDIT            GTK_STOCK_EDIT
      |                                      ^~~~~~~~~~~~~~
Quiver.cpp:861:41: note: in expansion of macro ‘QUIVER_STOCK_EDIT’
  861 |         { ACTION_QUIVER_EXTERNAL_TOOLS, QUIVER_STOCK_EDIT, "External Tools...", "", "Add / edit external tools", G_CALLBACK(quiver_action_handler_cb)},
      |                                         ^~~~~~~~~~~~~~~~~
/usr/include/gtk-3.0/gtk/deprecated/gtkstock.h:108:16: note: declared here
  108 | typedef char * GtkStock;
      |                ^~~~~~~~
/usr/include/gtk-3.0/gtk/deprecated/gtkstock.h:123:38: warning: ‘GtkStock’ is deprecated [-Wdeprecated-declarations]
  123 | #define GTK_STOCK_ABOUT            ((GtkStock)"gtk-about")
      |                                      ^~~~~~~~
QuiverStockIcons.h:11:38: note: in expansion of macro ‘GTK_STOCK_ABOUT’
   11 | #define QUIVER_STOCK_ABOUT           GTK_STOCK_ABOUT
      |                                      ^~~~~~~~~~~~~~~
Quiver.cpp:864:32: note: in expansion of macro ‘QUIVER_STOCK_ABOUT’
  864 |         { ACTION_QUIVER_ABOUT, QUIVER_STOCK_ABOUT, "_About", "", "About quiver", G_CALLBACK( quiver_action_handler_cb )},
      |                                ^~~~~~~~~~~~~~~~~~
/usr/include/gtk-3.0/gtk/deprecated/gtkstock.h:108:16: note: declared here
  108 | typedef char * GtkStock;
      |                ^~~~~~~~
Quiver.cpp:870:19: warning: ISO C++ forbids converting a string constant to ‘gchar*’ {aka ‘char*’} [-Wwrite-strings]
  870 |                 { "STRING",     0, QUIVER_TARGET_STRING }, // STRING is used for legacy motif apps
      |                   ^~~~~~~~
Quiver.cpp:871:19: warning: ISO C++ forbids converting a string constant to ‘gchar*’ {aka ‘char*’} [-Wwrite-strings]
  871 |                 { "text/plain", 0, QUIVER_TARGET_STRING },  // the real mime types to support
      |                   ^~~~~~~~~~~~
Quiver.cpp:872:20: warning: ISO C++ forbids converting a string constant to ‘gchar*’ {aka ‘char*’} [-Wwrite-strings]
  872 |                  { "text/uri-list", 0, QUIVER_TARGET_URI },
      |                    ^~~~~~~~~~~~~~~
In file included from /usr/include/glib-2.0/gobject/gobject.h:26,
                 from /usr/include/glib-2.0/gobject/gbinding.h:31,
                 from /usr/include/glib-2.0/glib-object.h:24,
                 from /usr/include/gstreamer-1.0/gst/gstenumtypes.h:6,
                 from /usr/include/gstreamer-1.0/gst/gst.h:31,
                 from Quiver.cpp:3:
Quiver.cpp: In function ‘gboolean event_window_state(GtkWidget*, GdkEventWindowState*, gpointer)’:
/usr/include/gtk-3.0/gtk/deprecated/gtktoggleaction.h:40:71: warning: ‘GType gtk_toggle_action_get_type()’ is deprecated [-Wdeprecated-declarations]
   40 | #define GTK_TYPE_TOGGLE_ACTION            (gtk_toggle_action_get_type ())
      |                                            ~~~~~~~~~~~~~~~~~~~~~~~~~~~^~
/usr/include/glib-2.0/gobject/gtype.h:2660:70: note: in definition of macro ‘_G_TYPE_CIC’
 2660 |     ((ct*) (void *) g_type_check_instance_cast ((GTypeInstance*) ip, gt))
      |                                                                      ^~
/usr/include/gtk-3.0/gtk/deprecated/gtktoggleaction.h:41:44: note: in expansion of macro ‘G_TYPE_CHECK_INSTANCE_CAST’
   41 | #define GTK_TOGGLE_ACTION(obj)            (G_TYPE_CHECK_INSTANCE_CAST ((obj), GTK_TYPE_TOGGLE_ACTION, GtkToggleAction))
      |                                            ^~~~~~~~~~~~~~~~~~~~~~~~~~
/usr/include/gtk-3.0/gtk/deprecated/gtktoggleaction.h:41:79: note: in expansion of macro ‘GTK_TYPE_TOGGLE_ACTION’
   41 | #define GTK_TOGGLE_ACTION(obj)            (G_TYPE_CHECK_INSTANCE_CAST ((obj), GTK_TYPE_TOGGLE_ACTION, GtkToggleAction))
      |                                                                               ^~~~~~~~~~~~~~~~~~~~~~
Quiver.cpp:1107:46: note: in expansion of macro ‘GTK_TOGGLE_ACTION’
 1107 |                 gtk_toggle_action_set_active(GTK_TOGGLE_ACTION(action),bFullscreen);
      |                                              ^~~~~~~~~~~~~~~~~
In file included from /usr/include/gtk-3.0/gtk/deprecated/gtkradioaction.h:36,
                 from /usr/include/gtk-3.0/gtk/gtk.h:272:
/usr/include/gtk-3.0/gtk/deprecated/gtktoggleaction.h:73:18: note: declared here
   73 | GType            gtk_toggle_action_get_type          (void) G_GNUC_CONST;
      |                  ^~~~~~~~~~~~~~~~~~~~~~~~~~
Quiver.cpp:1107:45: warning: ‘void gtk_toggle_action_set_active(GtkToggleAction*, gboolean)’ is deprecated [-Wdeprecated-declarations]
 1107 |                 gtk_toggle_action_set_active(GTK_TOGGLE_ACTION(action),bFullscreen);
      |                 ~~~~~~~~~~~~~~~~~~~~~~~~~~~~^~~~~~~~~~~~~~~~~~~~~~~~~~~~~~~~~~~~~~~
/usr/include/gtk-3.0/gtk/deprecated/gtktoggleaction.h:82:18: note: declared here
   82 | void             gtk_toggle_action_set_active        (GtkToggleAction *action,
      |                  ^~~~~~~~~~~~~~~~~~~~~~~~~~~~
Quiver.cpp: In member function ‘void Quiver::Init()’:
/usr/include/gtk-3.0/gtk/deprecated/gtkstock.h:386:38: warning: ‘GtkStock’ is deprecated [-Wdeprecated-declarations]
  386 | #define GTK_STOCK_FILE             ((GtkStock)"gtk-file")
      |                                      ^~~~~~~~
QuiverStockIcons.h:5:37: note: in expansion of macro ‘GTK_STOCK_FILE’
    5 | #define QUIVER_STOCK_APP            GTK_STOCK_FILE //"quiver-icon-app"
      |                                     ^~~~~~~~~~~~~~
Quiver.cpp:1259:43: note: in expansion of macro ‘QUIVER_STOCK_APP’
 1259 |         gtk_window_set_default_icon_name (QUIVER_STOCK_APP);
      |                                           ^~~~~~~~~~~~~~~~
/usr/include/gtk-3.0/gtk/deprecated/gtkstock.h:108:16: note: declared here
  108 | typedef char * GtkStock;
      |                ^~~~~~~~
Quiver.cpp:1263:59: warning: ‘GtkUIManager* gtk_ui_manager_new()’ is deprecated [-Wdeprecated-declarations]
 1263 |         m_QuiverImplPtr->m_pUIManager = gtk_ui_manager_new();
      |                                         ~~~~~~~~~~~~~~~~~~^~
/usr/include/gtk-3.0/gtk/deprecated/gtkuimanager.h:130:16: note: declared here
  130 | GtkUIManager  *gtk_ui_manager_new                 (void);
      |                ^~~~~~~~~~~~~~~~~~
Quiver.cpp:1264:41: warning: ‘void gtk_ui_manager_set_add_tearoffs(GtkUIManager*, gboolean)’ is deprecated [-Wdeprecated-declarations]
 1264 |         gtk_ui_manager_set_add_tearoffs (m_QuiverImplPtr->m_pUIManager,TRUE);
      |         ~~~~~~~~~~~~~~~~~~~~~~~~~~~~~~~~^~~~~~~~~~~~~~~~~~~~~~~~~~~~~~~~~~~~
/usr/include/gtk-3.0/gtk/deprecated/gtkuimanager.h:132:16: note: declared here
  132 | void           gtk_ui_manager_set_add_tearoffs    (GtkUIManager          *manager,
      |                ^~~~~~~~~~~~~~~~~~~~~~~~~~~~~~~
Quiver.cpp:1266:42: warning: ‘guint gtk_ui_manager_add_ui_from_string(GtkUIManager*, const gchar*, gssize, GError**)’ is deprecated [-Wdeprecated-declarations]
 1266 |         gtk_ui_manager_add_ui_from_string(m_QuiverImplPtr->m_pUIManager,
      |         ~~~~~~~~~~~~~~~~~~~~~~~~~~~~~~~~~^~~~~~~~~~~~~~~~~~~~~~~~~~~~~~~
 1267 |                         quiver_ui_main,
      |                         ~~~~~~~~~~~~~~~
 1268 |                         strlen(quiver_ui_main),
      |                         ~~~~~~~~~~~~~~~~~~~~~~~
 1269 |                         NULL);
      |                         ~~~~~
/usr/include/gtk-3.0/gtk/deprecated/gtkuimanager.h:158:16: note: declared here
  158 | guint          gtk_ui_manager_add_ui_from_string  (GtkUIManager          *manager,
      |                ^~~~~~~~~~~~~~~~~~~~~~~~~~~~~~~~~
Quiver.cpp:1274:56: warning: ‘GtkActionGroup* gtk_action_group_new(const gchar*)’ is deprecated [-Wdeprecated-declarations]
 1274 |         GtkActionGroup* actions = gtk_action_group_new ("GlobalActions");
      |                                   ~~~~~~~~~~~~~~~~~~~~~^~~~~~~~~~~~~~~~~
/usr/include/gtk-3.0/gtk/deprecated/gtkactiongroup.h:175:17: note: declared here
  175 | GtkActionGroup *gtk_action_group_new                     (const gchar                *name);
      |                 ^~~~~~~~~~~~~~~~~~~~
Quiver.cpp:1276:37: warning: ‘void gtk_action_group_add_actions(GtkActionGroup*, const GtkActionEntry*, guint, gpointer)’ is deprecated [-Wdeprecated-declarations]
 1276 |         gtk_action_group_add_actions(actions, m_QuiverImplPtr->action_entries, n_entries, m_QuiverImplPtr.get());
      |         ~~~~~~~~~~~~~~~~~~~~~~~~~~~~^~~~~~~~~~~~~~~~~~~~~~~~~~~~~~~~~~~~~~~~~~~~~~~~~~~~~~~~~~~~~~~~~~~~~~~~~~~~
/usr/include/gtk-3.0/gtk/deprecated/gtkactiongroup.h:210:17: note: declared here
  210 | void            gtk_action_group_add_actions             (GtkActionGroup             *action_group,
      |                 ^~~~~~~~~~~~~~~~~~~~~~~~~~~~
Quiver.cpp:1278:44: warning: ‘void gtk_action_group_add_toggle_actions(GtkActionGroup*, const GtkToggleActionEntry*, guint, gpointer)’ is deprecated [-Wdeprecated-declarations]
 1278 |         gtk_action_group_add_toggle_actions(actions,
      |         ~~~~~~~~~~~~~~~~~~~~~~~~~~~~~~~~~~~^~~~~~~~~
 1279 |                                                                                 m_QuiverImplPtr->action_entries_toggle,
      |                                                                                 ~~~~~~~~~~~~~~~~~~~~~~~~~~~~~~~~~~~~~~~
 1280 |                                                                                 G_N_ELEMENTS (m_QuiverImplPtr->action_entries_toggle),
      |                                                                                 ~~~~~~~~~~~~~~~~~~~~~~~~~~~~~~~~~~~~~~~~~~~~~~~~~~~~~~
 1281 |                                                                                 m_QuiverImplPtr.get());
      |                                                                                 ~~~~~~~~~~~~~~~~~~~~~~
/usr/include/gtk-3.0/gtk/deprecated/gtkactiongroup.h:215:17: note: declared here
  215 | void            gtk_action_group_add_toggle_actions      (GtkActionGroup             *action_group,
      |                 ^~~~~~~~~~~~~~~~~~~~~~~~~~~~~~~~~~~
Quiver.cpp:1283:43: warning: ‘void gtk_action_group_add_radio_actions(GtkActionGroup*, const GtkRadioActionEntry*, guint, gint, GCallback, gpointer)’ is deprecated [-Wdeprecated-declarations]
 1283 |         gtk_action_group_add_radio_actions(actions,
      |         ~~~~~~~~~~~~~~~~~~~~~~~~~~~~~~~~~~^~~~~~~~~
 1284 |                                                                                 m_QuiverImplPtr->sort_radio_action_entries,
      |                                                                                 ~~~~~~~~~~~~~~~~~~~~~~~~~~~~~~~~~~~~~~~~~~~
 1285 |                                                                                 G_N_ELEMENTS (m_QuiverImplPtr->sort_radio_action_entries),
      |                                                                                 ~~~~~~~~~~~~~~~~~~~~~~~~~~~~~~~~~~~~~~~~~~~~~~~~~~~~~~~~~~
 1286 |                                                                                 ImageList::SORT_BY_FILENAME_NATURAL,
      |                                                                                 ~~~~~~~~~~~~~~~~~~~~~~~~~~~~~~~~~~~~
 1287 |                                                                                 G_CALLBACK(quiver_radio_action_handler_cb),
      |                                                                                 ~~~~~~~~~~~~~~~~~~~~~~~~~~~~~~~~~~~~~~~~~~~
 1288 |                                                                                 m_QuiverImplPtr.get());
      |                                                                                 ~~~~~~~~~~~~~~~~~~~~~~
/usr/include/gtk-3.0/gtk/deprecated/gtkactiongroup.h:220:17: note: declared here
  220 | void            gtk_action_group_add_radio_actions       (GtkActionGroup             *action_group,
      |                 ^~~~~~~~~~~~~~~~~~~~~~~~~~~~~~~~~~
Quiver.cpp:1290:44: warning: ‘void gtk_ui_manager_insert_action_group(GtkUIManager*, GtkActionGroup*, gint)’ is deprecated [-Wdeprecated-declarations]
 1290 |         gtk_ui_manager_insert_action_group (m_QuiverImplPtr->m_pUIManager,actions,0);
      |         ~~~~~~~~~~~~~~~~~~~~~~~~~~~~~~~~~~~^~~~~~~~~~~~~~~~~~~~~~~~~~~~~~~~~~~~~~~~~
/usr/include/gtk-3.0/gtk/deprecated/gtkuimanager.h:138:16: note: declared here
  138 | void           gtk_ui_manager_insert_action_group (GtkUIManager          *manager,
      |                ^~~~~~~~~~~~~~~~~~~~~~~~~~~~~~~~~~
Quiver.cpp:1294:55: warning: ‘GtkWidget* gtk_ui_manager_get_widget(GtkUIManager*, const gchar*)’ is deprecated [-Wdeprecated-declarations]
 1294 |         GtkWidget* toolbar = gtk_ui_manager_get_widget(m_QuiverImplPtr->m_pUIManager,"/ui/ToolbarMain/");
      |                              ~~~~~~~~~~~~~~~~~~~~~~~~~^~~~~~~~~~~~~~~~~~~~~~~~~~~~~~~~~~~~~~~~~~~~~~~~~~
/usr/include/gtk-3.0/gtk/deprecated/gtkuimanager.h:149:16: note: declared here
  149 | GtkWidget     *gtk_ui_manager_get_widget          (GtkUIManager          *manager,
      |                ^~~~~~~~~~~~~~~~~~~~~~~~~
Quiver.cpp:1310:95: warning: ‘GtkAccelGroup* gtk_ui_manager_get_accel_group(GtkUIManager*)’ is deprecated [-Wdeprecated-declarations]
 1310 |                                                                 gtk_ui_manager_get_accel_group(m_QuiverImplPtr->m_pUIManager));
      |                                                                 ~~~~~~~~~~~~~~~~~~~~~~~~~~~~~~^~~~~~~~~~~~~~~~~~~~~~~~~~~~~~~
/usr/include/gtk-3.0/gtk/deprecated/gtkuimanager.h:147:16: note: declared here
  147 | GtkAccelGroup *gtk_ui_manager_get_accel_group     (GtkUIManager          *manager);
      |                ^~~~~~~~~~~~~~~~~~~~~~~~~~~~~~
Quiver.cpp:1360:28: warning: ‘GtkWidget* gtk_vbox_new(gboolean, gint)’ is deprecated: Use 'gtk_box_new' instead [-Wdeprecated-declarations]
 1360 |         vbox = gtk_vbox_new(FALSE,0);
      |                ~~~~~~~~~~~~^~~~~~~~~
In file included from /usr/include/gtk-3.0/gtk/gtk.h:286:
/usr/include/gtk-3.0/gtk/deprecated/gtkvbox.h:61:13: note: declared here
   61 | GtkWidget * gtk_vbox_new      (gboolean homogeneous,
      |             ^~~~~~~~~~~~
Quiver.cpp:1361:60: warning: ‘GtkWidget* gtk_hpaned_new()’ is deprecated: Use 'gtk_paned_new' instead [-Wdeprecated-declarations]
 1361 |         m_QuiverImplPtr->m_pHPanedMainArea = gtk_hpaned_new();
      |                                              ~~~~~~~~~~~~~~^~
In file included from /usr/include/gtk-3.0/gtk/gtk.h:263:
/usr/include/gtk-3.0/gtk/deprecated/gtkhpaned.h:61:13: note: declared here
   61 | GtkWidget * gtk_hpaned_new      (void);
      |             ^~~~~~~~~~~~~~
Quiver.cpp:1364:53: warning: ‘GtkWidget* gtk_hbox_new(gboolean, gint)’ is deprecated: Use 'gtk_box_new' instead [-Wdeprecated-declarations]
 1364 |         hbox_browser_viewer_container = gtk_hbox_new(FALSE,0);
      |                                         ~~~~~~~~~~~~^~~~~~~~~
In file included from /usr/include/gtk-3.0/gtk/gtk.h:262:
/usr/include/gtk-3.0/gtk/deprecated/gtkhbox.h:63:13: note: declared here
   63 | GtkWidget * gtk_hbox_new      (gboolean homogeneous,
      |             ^~~~~~~~~~~~
/usr/include/gtk-3.0/gtk/deprecated/gtktoggleaction.h:40:71: warning: ‘GType gtk_toggle_action_get_type()’ is deprecated [-Wdeprecated-declarations]
   40 | #define GTK_TYPE_TOGGLE_ACTION            (gtk_toggle_action_get_type ())
      |                                            ~~~~~~~~~~~~~~~~~~~~~~~~~~~^~
/usr/include/glib-2.0/gobject/gtype.h:2660:70: note: in definition of macro ‘_G_TYPE_CIC’
 2660 |     ((ct*) (void *) g_type_check_instance_cast ((GTypeInstance*) ip, gt))
      |                                                                      ^~
/usr/include/gtk-3.0/gtk/deprecated/gtktoggleaction.h:41:44: note: in expansion of macro ‘G_TYPE_CHECK_INSTANCE_CAST’
   41 | #define GTK_TOGGLE_ACTION(obj)            (G_TYPE_CHECK_INSTANCE_CAST ((obj), GTK_TYPE_TOGGLE_ACTION, GtkToggleAction))
      |                                            ^~~~~~~~~~~~~~~~~~~~~~~~~~
/usr/include/gtk-3.0/gtk/deprecated/gtktoggleaction.h:41:79: note: in expansion of macro ‘GTK_TYPE_TOGGLE_ACTION’
   41 | #define GTK_TOGGLE_ACTION(obj)            (G_TYPE_CHECK_INSTANCE_CAST ((obj), GTK_TYPE_TOGGLE_ACTION, GtkToggleAction))
      |                                                                               ^~~~~~~~~~~~~~~~~~~~~~
Quiver.cpp:1378:38: note: in expansion of macro ‘GTK_TOGGLE_ACTION’
 1378 |         gtk_toggle_action_set_active(GTK_TOGGLE_ACTION(action), prefs_show ? TRUE : FALSE);
      |                                      ^~~~~~~~~~~~~~~~~
/usr/include/gtk-3.0/gtk/deprecated/gtktoggleaction.h:73:18: note: declared here
   73 | GType            gtk_toggle_action_get_type          (void) G_GNUC_CONST;
      |                  ^~~~~~~~~~~~~~~~~~~~~~~~~~
Quiver.cpp:1378:37: warning: ‘void gtk_toggle_action_set_active(GtkToggleAction*, gboolean)’ is deprecated [-Wdeprecated-declarations]
 1378 |         gtk_toggle_action_set_active(GTK_TOGGLE_ACTION(action), prefs_show ? TRUE : FALSE);
      |         ~~~~~~~~~~~~~~~~~~~~~~~~~~~~^~~~~~~~~~~~~~~~~~~~~~~~~~~~~~~~~~~~~~~~~~~~~~~~~~~~~~
/usr/include/gtk-3.0/gtk/deprecated/gtktoggleaction.h:82:18: note: declared here
   82 | void             gtk_toggle_action_set_active        (GtkToggleAction *action,
      |                  ^~~~~~~~~~~~~~~~~~~~~~~~~~~~
/usr/include/gtk-3.0/gtk/deprecated/gtkradioaction.h:40:69: warning: ‘GType gtk_radio_action_get_type()’ is deprecated [-Wdeprecated-declarations]
   40 | #define GTK_TYPE_RADIO_ACTION            (gtk_radio_action_get_type ())
      |                                           ~~~~~~~~~~~~~~~~~~~~~~~~~~^~
/usr/include/glib-2.0/gobject/gtype.h:2660:70: note: in definition of macro ‘_G_TYPE_CIC’
 2660 |     ((ct*) (void *) g_type_check_instance_cast ((GTypeInstance*) ip, gt))
      |                                                                      ^~
/usr/include/gtk-3.0/gtk/deprecated/gtkradioaction.h:41:43: note: in expansion of macro ‘G_TYPE_CHECK_INSTANCE_CAST’
   41 | #define GTK_RADIO_ACTION(obj)            (G_TYPE_CHECK_INSTANCE_CAST ((obj), GTK_TYPE_RADIO_ACTION, GtkRadioAction))
      |                                           ^~~~~~~~~~~~~~~~~~~~~~~~~~
/usr/include/gtk-3.0/gtk/deprecated/gtkradioaction.h:41:78: note: in expansion of macro ‘GTK_TYPE_RADIO_ACTION’
   41 | #define GTK_RADIO_ACTION(obj)            (G_TYPE_CHECK_INSTANCE_CAST ((obj), GTK_TYPE_RADIO_ACTION, GtkRadioAction))
      |                                                                              ^~~~~~~~~~~~~~~~~~~~~
Quiver.cpp:1385:53: note: in expansion of macro ‘GTK_RADIO_ACTION’
 1385 |                 gtk_radio_action_set_current_value (GTK_RADIO_ACTION(action), sortby);
      |                                                     ^~~~~~~~~~~~~~~~
/usr/include/gtk-3.0/gtk/deprecated/gtkradioaction.h:73:17: note: declared here
   73 | GType           gtk_radio_action_get_type          (void) G_GNUC_CONST;
      |                 ^~~~~~~~~~~~~~~~~~~~~~~~~
Quiver.cpp:1385:52: warning: ‘void gtk_radio_action_set_current_value(GtkRadioAction*, gint)’ is deprecated [-Wdeprecated-declarations]
 1385 |                 gtk_radio_action_set_current_value (GTK_RADIO_ACTION(action), sortby);
      |                 ~~~~~~~~~~~~~~~~~~~~~~~~~~~~~~~~~~~^~~~~~~~~~~~~~~~~~~~~~~~~~~~~~~~~~
/usr/include/gtk-3.0/gtk/deprecated/gtkradioaction.h:91:17: note: declared here
   91 | void            gtk_radio_action_set_current_value (GtkRadioAction        *action,
      |                 ^~~~~~~~~~~~~~~~~~~~~~~~~~~~~~~~~~
/usr/include/gtk-3.0/gtk/deprecated/gtktoggleaction.h:40:71: warning: ‘GType gtk_toggle_action_get_type()’ is deprecated [-Wdeprecated-declarations]
   40 | #define GTK_TYPE_TOGGLE_ACTION            (gtk_toggle_action_get_type ())
      |                                            ~~~~~~~~~~~~~~~~~~~~~~~~~~~^~
/usr/include/glib-2.0/gobject/gtype.h:2660:70: note: in definition of macro ‘_G_TYPE_CIC’
 2660 |     ((ct*) (void *) g_type_check_instance_cast ((GTypeInstance*) ip, gt))
      |                                                                      ^~
/usr/include/gtk-3.0/gtk/deprecated/gtktoggleaction.h:41:44: note: in expansion of macro ‘G_TYPE_CHECK_INSTANCE_CAST’
   41 | #define GTK_TOGGLE_ACTION(obj)            (G_TYPE_CHECK_INSTANCE_CAST ((obj), GTK_TYPE_TOGGLE_ACTION, GtkToggleAction))
      |                                            ^~~~~~~~~~~~~~~~~~~~~~~~~~
/usr/include/gtk-3.0/gtk/deprecated/gtktoggleaction.h:41:79: note: in expansion of macro ‘GTK_TYPE_TOGGLE_ACTION’
   41 | #define GTK_TOGGLE_ACTION(obj)            (G_TYPE_CHECK_INSTANCE_CAST ((obj), GTK_TYPE_TOGGLE_ACTION, GtkToggleAction))
      |                                                                               ^~~~~~~~~~~~~~~~~~~~~~
Quiver.cpp:1392:47: note: in expansion of macro ‘GTK_TOGGLE_ACTION’
 1392 |                 gtk_toggle_action_set_active (GTK_TOGGLE_ACTION(action), bDec ? TRUE : FALSE );
      |                                               ^~~~~~~~~~~~~~~~~
/usr/include/gtk-3.0/gtk/deprecated/gtktoggleaction.h:73:18: note: declared here
   73 | GType            gtk_toggle_action_get_type          (void) G_GNUC_CONST;
      |                  ^~~~~~~~~~~~~~~~~~~~~~~~~~
Quiver.cpp:1392:46: warning: ‘void gtk_toggle_action_set_active(GtkToggleAction*, gboolean)’ is deprecated [-Wdeprecated-declarations]
 1392 |                 gtk_toggle_action_set_active (GTK_TOGGLE_ACTION(action), bDec ? TRUE : FALSE );
      |                 ~~~~~~~~~~~~~~~~~~~~~~~~~~~~~^~~~~~~~~~~~~~~~~~~~~~~~~~~~~~~~~~~~~~~~~~~~~~~~~
/usr/include/gtk-3.0/gtk/deprecated/gtktoggleaction.h:82:18: note: declared here
   82 | void             gtk_toggle_action_set_active        (GtkToggleAction *action,
      |                  ^~~~~~~~~~~~~~~~~~~~~~~~~~~~
/usr/include/gtk-3.0/gtk/deprecated/gtktoggleaction.h:40:71: warning: ‘GType gtk_toggle_action_get_type()’ is deprecated [-Wdeprecated-declarations]
   40 | #define GTK_TYPE_TOGGLE_ACTION            (gtk_toggle_action_get_type ())
      |                                            ~~~~~~~~~~~~~~~~~~~~~~~~~~~^~
/usr/include/glib-2.0/gobject/gtype.h:2660:70: note: in definition of macro ‘_G_TYPE_CIC’
 2660 |     ((ct*) (void *) g_type_check_instance_cast ((GTypeInstance*) ip, gt))
      |                                                                      ^~
/usr/include/gtk-3.0/gtk/deprecated/gtktoggleaction.h:41:44: note: in expansion of macro ‘G_TYPE_CHECK_INSTANCE_CAST’
   41 | #define GTK_TOGGLE_ACTION(obj)            (G_TYPE_CHECK_INSTANCE_CAST ((obj), GTK_TYPE_TOGGLE_ACTION, GtkToggleAction))
      |                                            ^~~~~~~~~~~~~~~~~~~~~~~~~~
/usr/include/gtk-3.0/gtk/deprecated/gtktoggleaction.h:41:79: note: in expansion of macro ‘GTK_TYPE_TOGGLE_ACTION’
   41 | #define GTK_TOGGLE_ACTION(obj)            (G_TYPE_CHECK_INSTANCE_CAST ((obj), GTK_TYPE_TOGGLE_ACTION, GtkToggleAction))
      |                                                                               ^~~~~~~~~~~~~~~~~~~~~~
Quiver.cpp:1421:38: note: in expansion of macro ‘GTK_TOGGLE_ACTION’
 1421 |         gtk_toggle_action_set_active(GTK_TOGGLE_ACTION(action), prefs_show ? TRUE : FALSE);
      |                                      ^~~~~~~~~~~~~~~~~
/usr/include/gtk-3.0/gtk/deprecated/gtktoggleaction.h:73:18: note: declared here
   73 | GType            gtk_toggle_action_get_type          (void) G_GNUC_CONST;
      |                  ^~~~~~~~~~~~~~~~~~~~~~~~~~
Quiver.cpp:1421:37: warning: ‘void gtk_toggle_action_set_active(GtkToggleAction*, gboolean)’ is deprecated [-Wdeprecated-declarations]
 1421 |         gtk_toggle_action_set_active(GTK_TOGGLE_ACTION(action), prefs_show ? TRUE : FALSE);
      |         ~~~~~~~~~~~~~~~~~~~~~~~~~~~~^~~~~~~~~~~~~~~~~~~~~~~~~~~~~~~~~~~~~~~~~~~~~~~~~~~~~~
/usr/include/gtk-3.0/gtk/deprecated/gtktoggleaction.h:82:18: note: declared here
   82 | void             gtk_toggle_action_set_active        (GtkToggleAction *action,
      |                  ^~~~~~~~~~~~~~~~~~~~~~~~~~~~
Quiver.cpp:1424:65: warning: ‘GtkWidget* gtk_ui_manager_get_widget(GtkUIManager*, const gchar*)’ is deprecated [-Wdeprecated-declarations]
 1424 |         m_QuiverImplPtr->m_pMenubar = gtk_ui_manager_get_widget (m_QuiverImplPtr->m_pUIManager,"/ui/MenubarMain");
      |                                       ~~~~~~~~~~~~~~~~~~~~~~~~~~^~~~~~~~~~~~~~~~~~~~~~~~~~~~~~~~~~~~~~~~~~~~~~~~~
/usr/include/gtk-3.0/gtk/deprecated/gtkuimanager.h:149:16: note: declared here
  149 | GtkWidget     *gtk_ui_manager_get_widget          (GtkUIManager          *manager,
      |                ^~~~~~~~~~~~~~~~~~~~~~~~~
/usr/include/gtk-3.0/gtk/deprecated/gtktoggleaction.h:40:71: warning: ‘GType gtk_toggle_action_get_type()’ is deprecated [-Wdeprecated-declarations]
   40 | #define GTK_TYPE_TOGGLE_ACTION            (gtk_toggle_action_get_type ())
      |                                            ~~~~~~~~~~~~~~~~~~~~~~~~~~~^~
/usr/include/glib-2.0/gobject/gtype.h:2660:70: note: in definition of macro ‘_G_TYPE_CIC’
 2660 |     ((ct*) (void *) g_type_check_instance_cast ((GTypeInstance*) ip, gt))
      |                                                                      ^~
/usr/include/gtk-3.0/gtk/deprecated/gtktoggleaction.h:41:44: note: in expansion of macro ‘G_TYPE_CHECK_INSTANCE_CAST’
   41 | #define GTK_TOGGLE_ACTION(obj)            (G_TYPE_CHECK_INSTANCE_CAST ((obj), GTK_TYPE_TOGGLE_ACTION, GtkToggleAction))
      |                                            ^~~~~~~~~~~~~~~~~~~~~~~~~~
/usr/include/gtk-3.0/gtk/deprecated/gtktoggleaction.h:41:79: note: in expansion of macro ‘GTK_TYPE_TOGGLE_ACTION’
   41 | #define GTK_TOGGLE_ACTION(obj)            (G_TYPE_CHECK_INSTANCE_CAST ((obj), GTK_TYPE_TOGGLE_ACTION, GtkToggleAction))
      |                                                                               ^~~~~~~~~~~~~~~~~~~~~~
Quiver.cpp:1433:38: note: in expansion of macro ‘GTK_TOGGLE_ACTION’
 1433 |         gtk_toggle_action_set_active(GTK_TOGGLE_ACTION(action), prefs_show ? TRUE : FALSE);
      |                                      ^~~~~~~~~~~~~~~~~
/usr/include/gtk-3.0/gtk/deprecated/gtktoggleaction.h:73:18: note: declared here
   73 | GType            gtk_toggle_action_get_type          (void) G_GNUC_CONST;
      |                  ^~~~~~~~~~~~~~~~~~~~~~~~~~
Quiver.cpp:1433:37: warning: ‘void gtk_toggle_action_set_active(GtkToggleAction*, gboolean)’ is deprecated [-Wdeprecated-declarations]
 1433 |         gtk_toggle_action_set_active(GTK_TOGGLE_ACTION(action), prefs_show ? TRUE : FALSE);
      |         ~~~~~~~~~~~~~~~~~~~~~~~~~~~~^~~~~~~~~~~~~~~~~~~~~~~~~~~~~~~~~~~~~~~~~~~~~~~~~~~~~~
/usr/include/gtk-3.0/gtk/deprecated/gtktoggleaction.h:82:18: note: declared here
   82 | void             gtk_toggle_action_set_active        (GtkToggleAction *action,
      |                  ^~~~~~~~~~~~~~~~~~~~~~~~~~~~
Quiver.cpp:1436:65: warning: ‘GtkWidget* gtk_ui_manager_get_widget(GtkUIManager*, const gchar*)’ is deprecated [-Wdeprecated-declarations]
 1436 |         m_QuiverImplPtr->m_pToolbar = gtk_ui_manager_get_widget (m_QuiverImplPtr->m_pUIManager,"/ui/ToolbarMain");
      |                                       ~~~~~~~~~~~~~~~~~~~~~~~~~~^~~~~~~~~~~~~~~~~~~~~~~~~~~~~~~~~~~~~~~~~~~~~~~~~
/usr/include/gtk-3.0/gtk/deprecated/gtkuimanager.h:149:16: note: declared here
  149 | GtkWidget     *gtk_ui_manager_get_widget          (GtkUIManager          *manager,
      |                ^~~~~~~~~~~~~~~~~~~~~~~~~
/usr/include/gtk-3.0/gtk/deprecated/gtktoggleaction.h:40:71: warning: ‘GType gtk_toggle_action_get_type()’ is deprecated [-Wdeprecated-declarations]
   40 | #define GTK_TYPE_TOGGLE_ACTION            (gtk_toggle_action_get_type ())
      |                                            ~~~~~~~~~~~~~~~~~~~~~~~~~~~^~
/usr/include/glib-2.0/gobject/gtype.h:2660:70: note: in definition of macro ‘_G_TYPE_CIC’
 2660 |     ((ct*) (void *) g_type_check_instance_cast ((GTypeInstance*) ip, gt))
      |                                                                      ^~
/usr/include/gtk-3.0/gtk/deprecated/gtktoggleaction.h:41:44: note: in expansion of macro ‘G_TYPE_CHECK_INSTANCE_CAST’
   41 | #define GTK_TOGGLE_ACTION(obj)            (G_TYPE_CHECK_INSTANCE_CAST ((obj), GTK_TYPE_TOGGLE_ACTION, GtkToggleAction))
      |                                            ^~~~~~~~~~~~~~~~~~~~~~~~~~
/usr/include/gtk-3.0/gtk/deprecated/gtktoggleaction.h:41:79: note: in expansion of macro ‘GTK_TYPE_TOGGLE_ACTION’
   41 | #define GTK_TOGGLE_ACTION(obj)            (G_TYPE_CHECK_INSTANCE_CAST ((obj), GTK_TYPE_TOGGLE_ACTION, GtkToggleAction))
      |                                                                               ^~~~~~~~~~~~~~~~~~~~~~
Quiver.cpp:1445:38: note: in expansion of macro ‘GTK_TOGGLE_ACTION’
 1445 |         gtk_toggle_action_set_active(GTK_TOGGLE_ACTION(action), prefs_show ? TRUE : FALSE);
      |                                      ^~~~~~~~~~~~~~~~~
/usr/include/gtk-3.0/gtk/deprecated/gtktoggleaction.h:73:18: note: declared here
   73 | GType            gtk_toggle_action_get_type          (void) G_GNUC_CONST;
      |                  ^~~~~~~~~~~~~~~~~~~~~~~~~~
Quiver.cpp:1445:37: warning: ‘void gtk_toggle_action_set_active(GtkToggleAction*, gboolean)’ is deprecated [-Wdeprecated-declarations]
 1445 |         gtk_toggle_action_set_active(GTK_TOGGLE_ACTION(action), prefs_show ? TRUE : FALSE);
      |         ~~~~~~~~~~~~~~~~~~~~~~~~~~~~^~~~~~~~~~~~~~~~~~~~~~~~~~~~~~~~~~~~~~~~~~~~~~~~~~~~~~
/usr/include/gtk-3.0/gtk/deprecated/gtktoggleaction.h:82:18: note: declared here
   82 | void             gtk_toggle_action_set_active        (GtkToggleAction *action,
      |                  ^~~~~~~~~~~~~~~~~~~~~~~~~~~~
Quiver.cpp: In member function ‘bool Quiver::LoadSettings()’:
Quiver.cpp:1564:22: warning: ‘void gtk_rc_parse(const gchar*)’ is deprecated: Use 'GtkStyleContext' instead [-Wdeprecated-declarations]
 1564 |         gtk_rc_parse (gtk_rc.c_str());
      |         ~~~~~~~~~~~~~^~~~~~~~~~~~~~~~
In file included from /usr/include/gtk-3.0/gtk/gtk.h:273:
/usr/include/gtk-3.0/gtk/deprecated/gtkrc.h:194:10: note: declared here
  194 | void     gtk_rc_parse                   (const gchar *filename);
      |          ^~~~~~~~~~~~
Quiver.cpp:1572:118: warning: ‘gint gdk_screen_width()’ is deprecated [-Wdeprecated-declarations]
 1572 |         m_QuiverImplPtr->m_iAppX      = prefsPtr->GetInteger(QUIVER_PREFS_APP,QUIVER_PREFS_APP_LEFT, gdk_screen_width()/4);
      |                                                                                                      ~~~~~~~~~~~~~~~~^~
In file included from /usr/include/gtk-3.0/gdk/gdk.h:50,
                 from /usr/include/gtk-3.0/gtk/gtk.h:30:
/usr/include/gtk-3.0/gdk/gdkmain.h:108:6: note: declared here
  108 | gint gdk_screen_width  (void) G_GNUC_CONST;
      |      ^~~~~~~~~~~~~~~~
Quiver.cpp:1573:118: warning: ‘gint gdk_screen_height()’ is deprecated [-Wdeprecated-declarations]
 1573 |         m_QuiverImplPtr->m_iAppY      = prefsPtr->GetInteger(QUIVER_PREFS_APP,QUIVER_PREFS_APP_TOP, gdk_screen_height()/4);
      |                                                                                                     ~~~~~~~~~~~~~~~~~^~
/usr/include/gtk-3.0/gdk/gdkmain.h:110:6: note: declared here
  110 | gint gdk_screen_height (void) G_GNUC_CONST;
      |      ^~~~~~~~~~~~~~~~~
Quiver.cpp:1574:119: warning: ‘gint gdk_screen_width()’ is deprecated [-Wdeprecated-declarations]
 1574 |         m_QuiverImplPtr->m_iAppWidth  = prefsPtr->GetInteger(QUIVER_PREFS_APP,QUIVER_PREFS_APP_WIDTH, gdk_screen_width()/2);
      |                                                                                                       ~~~~~~~~~~~~~~~~^~
/usr/include/gtk-3.0/gdk/gdkmain.h:108:6: note: declared here
  108 | gint gdk_screen_width  (void) G_GNUC_CONST;
      |      ^~~~~~~~~~~~~~~~
Quiver.cpp:1575:121: warning: ‘gint gdk_screen_height()’ is deprecated [-Wdeprecated-declarations]
 1575 |         m_QuiverImplPtr->m_iAppHeight = prefsPtr->GetInteger(QUIVER_PREFS_APP,QUIVER_PREFS_APP_HEIGHT, gdk_screen_height()/2);
      |                                                                                                        ~~~~~~~~~~~~~~~~~^~
/usr/include/gtk-3.0/gdk/gdkmain.h:110:6: note: declared here
  110 | gint gdk_screen_height (void) G_GNUC_CONST;
      |      ^~~~~~~~~~~~~~~~~
Quiver.cpp: In function ‘gboolean CreateQuiver(gpointer)’:
Quiver.cpp:1703:17: warning: unused variable ‘pQuiver’ [-Wunused-variable]
 1703 |         Quiver *pQuiver = new Quiver(*(cqd->pFiles), cqd->bRecursive);
      |                 ^~~~~~~
Quiver.cpp: In function ‘int main(int, char**)’:
Quiver.cpp:1715:26: warning: ‘void gdk_threads_init()’ is deprecated [-Wdeprecated-declarations]
 1715 |         gdk_threads_init ();
      |         ~~~~~~~~~~~~~~~~~^~
In file included from /usr/include/gtk-3.0/gdk/gdk.h:61:
/usr/include/gtk-3.0/gdk/gdkthreads.h:44:10: note: declared here
   44 | void     gdk_threads_init                     (void);
      |          ^~~~~~~~~~~~~~~~
Quiver.cpp:1716:27: warning: ‘void gdk_threads_enter()’ is deprecated [-Wdeprecated-declarations]
 1716 |         gdk_threads_enter ();
      |         ~~~~~~~~~~~~~~~~~~^~
/usr/include/gtk-3.0/gdk/gdkthreads.h:46:10: note: declared here
   46 | void     gdk_threads_enter                    (void);
      |          ^~~~~~~~~~~~~~~~~
Quiver.cpp:1829:26: warning: ‘void gdk_threads_leave()’ is deprecated [-Wdeprecated-declarations]
 1829 |         gdk_threads_leave();
      |         ~~~~~~~~~~~~~~~~~^~
/usr/include/gtk-3.0/gdk/gdkthreads.h:48:10: note: declared here
   48 | void     gdk_threads_leave                    (void);
      |          ^~~~~~~~~~~~~~~~~
Quiver.cpp: In member function ‘gboolean Quiver::IdleQuiverInit(gpointer)’:
Quiver.cpp:1840:26: warning: ‘void gdk_threads_enter()’ is deprecated [-Wdeprecated-declarations]
 1840 |         gdk_threads_enter();
      |         ~~~~~~~~~~~~~~~~~^~
/usr/include/gtk-3.0/gdk/gdkthreads.h:46:10: note: declared here
   46 | void     gdk_threads_enter                    (void);
      |          ^~~~~~~~~~~~~~~~~
Quiver.cpp:1865:26: warning: ‘void gdk_threads_leave()’ is deprecated [-Wdeprecated-declarations]
 1865 |         gdk_threads_leave();
      |         ~~~~~~~~~~~~~~~~~^~
/usr/include/gtk-3.0/gdk/gdkthreads.h:48:10: note: declared here
   48 | void     gdk_threads_leave                    (void);
      |          ^~~~~~~~~~~~~~~~~
Quiver.cpp: In member function ‘void Quiver::ShowViewer()’:
Quiver.cpp:1988:41: warning: ‘void gtk_ui_manager_remove_ui(GtkUIManager*, guint)’ is deprecated [-Wdeprecated-declarations]
 1988 |                 gtk_ui_manager_remove_ui(m_QuiverImplPtr->m_pUIManager,m_QuiverImplPtr->m_iMergedBrowserUI);
      |                 ~~~~~~~~~~~~~~~~~~~~~~~~^~~~~~~~~~~~~~~~~~~~~~~~~~~~~~~~~~~~~~~~~~~~~~~~~~~~~~~~~~~~~~~~~~~
/usr/include/gtk-3.0/gtk/deprecated/gtkuimanager.h:179:16: note: declared here
  179 | void           gtk_ui_manager_remove_ui           (GtkUIManager          *manager,
      |                ^~~~~~~~~~~~~~~~~~~~~~~~
Quiver.cpp:1990:45: warning: ‘void gtk_ui_manager_ensure_update(GtkUIManager*)’ is deprecated [-Wdeprecated-declarations]
 1990 |                 gtk_ui_manager_ensure_update(m_QuiverImplPtr->m_pUIManager);
      |                 ~~~~~~~~~~~~~~~~~~~~~~~~~~~~^~~~~~~~~~~~~~~~~~~~~~~~~~~~~~~
/usr/include/gtk-3.0/gtk/deprecated/gtkuimanager.h:184:16: note: declared here
  184 | void           gtk_ui_manager_ensure_update       (GtkUIManager          *manager);
      |                ^~~~~~~~~~~~~~~~~~~~~~~~~~~~
Quiver.cpp:1995:87: warning: ‘guint gtk_ui_manager_add_ui_from_string(GtkUIManager*, const gchar*, gssize, GError**)’ is deprecated [-Wdeprecated-declarations]
 1995 |                 m_QuiverImplPtr->m_iMergedViewerUI = gtk_ui_manager_add_ui_from_string(m_QuiverImplPtr->m_pUIManager,
      |                                                      ~~~~~~~~~~~~~~~~~~~~~~~~~~~~~~~~~^~~~~~~~~~~~~~~~~~~~~~~~~~~~~~~
 1996 |                         quiver_ui_viewer,
      |                         ~~~~~~~~~~~~~~~~~
 1997 |                         strlen(quiver_ui_viewer),
      |                         ~~~~~~~~~~~~~~~~~~~~~~~~~
 1998 |                         NULL);
      |                         ~~~~~
/usr/include/gtk-3.0/gtk/deprecated/gtkuimanager.h:158:16: note: declared here
  158 | guint          gtk_ui_manager_add_ui_from_string  (GtkUIManager          *manager,
      |                ^~~~~~~~~~~~~~~~~~~~~~~~~~~~~~~~~
Quiver.cpp:1999:45: warning: ‘void gtk_ui_manager_ensure_update(GtkUIManager*)’ is deprecated [-Wdeprecated-declarations]
 1999 |                 gtk_ui_manager_ensure_update(m_QuiverImplPtr->m_pUIManager);
      |                 ~~~~~~~~~~~~~~~~~~~~~~~~~~~~^~~~~~~~~~~~~~~~~~~~~~~~~~~~~~~
/usr/include/gtk-3.0/gtk/deprecated/gtkuimanager.h:184:16: note: declared here
  184 | void           gtk_ui_manager_ensure_update       (GtkUIManager          *manager);
      |                ^~~~~~~~~~~~~~~~~~~~~~~~~~~~
Quiver.cpp: In member function ‘void Quiver::ShowBrowser()’:
Quiver.cpp:2009:37: warning: ‘void gtk_ui_manager_ensure_update(GtkUIManager*)’ is deprecated [-Wdeprecated-declarations]
 2009 |         gtk_ui_manager_ensure_update(m_QuiverImplPtr->m_pUIManager);
      |         ~~~~~~~~~~~~~~~~~~~~~~~~~~~~^~~~~~~~~~~~~~~~~~~~~~~~~~~~~~~
/usr/include/gtk-3.0/gtk/deprecated/gtkuimanager.h:184:16: note: declared here
  184 | void           gtk_ui_manager_ensure_update       (GtkUIManager          *manager);
      |                ^~~~~~~~~~~~~~~~~~~~~~~~~~~~
Quiver.cpp:2013:41: warning: ‘void gtk_ui_manager_remove_ui(GtkUIManager*, guint)’ is deprecated [-Wdeprecated-declarations]
 2013 |                 gtk_ui_manager_remove_ui(m_QuiverImplPtr->m_pUIManager,m_QuiverImplPtr->m_iMergedViewerUI);
      |                 ~~~~~~~~~~~~~~~~~~~~~~~~^~~~~~~~~~~~~~~~~~~~~~~~~~~~~~~~~~~~~~~~~~~~~~~~~~~~~~~~~~~~~~~~~~
/usr/include/gtk-3.0/gtk/deprecated/gtkuimanager.h:179:16: note: declared here
  179 | void           gtk_ui_manager_remove_ui           (GtkUIManager          *manager,
      |                ^~~~~~~~~~~~~~~~~~~~~~~~
Quiver.cpp:2015:45: warning: ‘void gtk_ui_manager_ensure_update(GtkUIManager*)’ is deprecated [-Wdeprecated-declarations]
 2015 |                 gtk_ui_manager_ensure_update(m_QuiverImplPtr->m_pUIManager);
      |                 ~~~~~~~~~~~~~~~~~~~~~~~~~~~~^~~~~~~~~~~~~~~~~~~~~~~~~~~~~~~
/usr/include/gtk-3.0/gtk/deprecated/gtkuimanager.h:184:16: note: declared here
  184 | void           gtk_ui_manager_ensure_update       (GtkUIManager          *manager);
      |                ^~~~~~~~~~~~~~~~~~~~~~~~~~~~
Quiver.cpp:2020:88: warning: ‘guint gtk_ui_manager_add_ui_from_string(GtkUIManager*, const gchar*, gssize, GError**)’ is deprecated [-Wdeprecated-declarations]
 2020 |                 m_QuiverImplPtr->m_iMergedBrowserUI = gtk_ui_manager_add_ui_from_string(m_QuiverImplPtr->m_pUIManager,
      |                                                       ~~~~~~~~~~~~~~~~~~~~~~~~~~~~~~~~~^~~~~~~~~~~~~~~~~~~~~~~~~~~~~~~
 2021 |                         quiver_ui_browser,
      |                         ~~~~~~~~~~~~~~~~~~
 2022 |                         strlen(quiver_ui_browser),
      |                         ~~~~~~~~~~~~~~~~~~~~~~~~~~
 2023 |                         NULL);
      |                         ~~~~~
/usr/include/gtk-3.0/gtk/deprecated/gtkuimanager.h:158:16: note: declared here
  158 | guint          gtk_ui_manager_add_ui_from_string  (GtkUIManager          *manager,
      |                ^~~~~~~~~~~~~~~~~~~~~~~~~~~~~~~~~
Quiver.cpp:2024:45: warning: ‘void gtk_ui_manager_ensure_update(GtkUIManager*)’ is deprecated [-Wdeprecated-declarations]
 2024 |                 gtk_ui_manager_ensure_update(m_QuiverImplPtr->m_pUIManager);
      |                 ~~~~~~~~~~~~~~~~~~~~~~~~~~~~^~~~~~~~~~~~~~~~~~~~~~~~~~~~~~~
/usr/include/gtk-3.0/gtk/deprecated/gtkuimanager.h:184:16: note: declared here
  184 | void           gtk_ui_manager_ensure_update       (GtkUIManager          *manager);
      |                ^~~~~~~~~~~~~~~~~~~~~~~~~~~~
Quiver.cpp: In member function ‘void QuiverImpl::UpdateUI()’:
/usr/include/gtk-3.0/gtk/deprecated/gtktoggleaction.h:40:71: warning: ‘GType gtk_toggle_action_get_type()’ is deprecated [-Wdeprecated-declarations]
   40 | #define GTK_TYPE_TOGGLE_ACTION            (gtk_toggle_action_get_type ())
      |                                            ~~~~~~~~~~~~~~~~~~~~~~~~~~~^~
/usr/include/glib-2.0/gobject/gtype.h:2660:70: note: in definition of macro ‘_G_TYPE_CIC’
 2660 |     ((ct*) (void *) g_type_check_instance_cast ((GTypeInstance*) ip, gt))
      |                                                                      ^~
/usr/include/gtk-3.0/gtk/deprecated/gtktoggleaction.h:41:44: note: in expansion of macro ‘G_TYPE_CHECK_INSTANCE_CAST’
   41 | #define GTK_TOGGLE_ACTION(obj)            (G_TYPE_CHECK_INSTANCE_CAST ((obj), GTK_TYPE_TOGGLE_ACTION, GtkToggleAction))
      |                                            ^~~~~~~~~~~~~~~~~~~~~~~~~~
/usr/include/gtk-3.0/gtk/deprecated/gtktoggleaction.h:41:79: note: in expansion of macro ‘GTK_TYPE_TOGGLE_ACTION’
   41 | #define GTK_TOGGLE_ACTION(obj)            (G_TYPE_CHECK_INSTANCE_CAST ((obj), GTK_TYPE_TOGGLE_ACTION, GtkToggleAction))
      |                                                                               ^~~~~~~~~~~~~~~~~~~~~~
Quiver.cpp:2072:63: note: in expansion of macro ‘GTK_TOGGLE_ACTION’
 2072 |                         (TRUE == gtk_toggle_action_get_active(GTK_TOGGLE_ACTION(action)));
      |                                                               ^~~~~~~~~~~~~~~~~
/usr/include/gtk-3.0/gtk/deprecated/gtktoggleaction.h:73:18: note: declared here
   73 | GType            gtk_toggle_action_get_type          (void) G_GNUC_CONST;
      |                  ^~~~~~~~~~~~~~~~~~~~~~~~~~
Quiver.cpp:2072:62: warning: ‘gboolean gtk_toggle_action_get_active(GtkToggleAction*)’ is deprecated [-Wdeprecated-declarations]
 2072 |                         (TRUE == gtk_toggle_action_get_active(GTK_TOGGLE_ACTION(action)));
      |                                  ~~~~~~~~~~~~~~~~~~~~~~~~~~~~^~~~~~~~~~~~~~~~~~~~~~~~~~~
/usr/include/gtk-3.0/gtk/deprecated/gtktoggleaction.h:85:18: note: declared here
   85 | gboolean         gtk_toggle_action_get_active        (GtkToggleAction *action);
      |                  ^~~~~~~~~~~~~~~~~~~~~~~~~~~~
/usr/include/gtk-3.0/gtk/deprecated/gtktoggleaction.h:40:71: warning: ‘GType gtk_toggle_action_get_type()’ is deprecated [-Wdeprecated-declarations]
   40 | #define GTK_TYPE_TOGGLE_ACTION            (gtk_toggle_action_get_type ())
      |                                            ~~~~~~~~~~~~~~~~~~~~~~~~~~~^~
/usr/include/glib-2.0/gobject/gtype.h:2660:70: note: in definition of macro ‘_G_TYPE_CIC’
 2660 |     ((ct*) (void *) g_type_check_instance_cast ((GTypeInstance*) ip, gt))
      |                                                                      ^~
/usr/include/gtk-3.0/gtk/deprecated/gtktoggleaction.h:41:44: note: in expansion of macro ‘G_TYPE_CHECK_INSTANCE_CAST’
   41 | #define GTK_TOGGLE_ACTION(obj)            (G_TYPE_CHECK_INSTANCE_CAST ((obj), GTK_TYPE_TOGGLE_ACTION, GtkToggleAction))
      |                                            ^~~~~~~~~~~~~~~~~~~~~~~~~~
/usr/include/gtk-3.0/gtk/deprecated/gtktoggleaction.h:41:79: note: in expansion of macro ‘GTK_TYPE_TOGGLE_ACTION’
   41 | #define GTK_TOGGLE_ACTION(obj)            (G_TYPE_CHECK_INSTANCE_CAST ((obj), GTK_TYPE_TOGGLE_ACTION, GtkToggleAction))
      |                                                                               ^~~~~~~~~~~~~~~~~~~~~~
Quiver.cpp:2079:46: note: in expansion of macro ‘GTK_TOGGLE_ACTION’
 2079 |                 gtk_toggle_action_set_active(GTK_TOGGLE_ACTION(action), FALSE);
      |                                              ^~~~~~~~~~~~~~~~~
/usr/include/gtk-3.0/gtk/deprecated/gtktoggleaction.h:73:18: note: declared here
   73 | GType            gtk_toggle_action_get_type          (void) G_GNUC_CONST;
      |                  ^~~~~~~~~~~~~~~~~~~~~~~~~~
Quiver.cpp:2079:45: warning: ‘void gtk_toggle_action_set_active(GtkToggleAction*, gboolean)’ is deprecated [-Wdeprecated-declarations]
 2079 |                 gtk_toggle_action_set_active(GTK_TOGGLE_ACTION(action), FALSE);
      |                 ~~~~~~~~~~~~~~~~~~~~~~~~~~~~^~~~~~~~~~~~~~~~~~~~~~~~~~~~~~~~~~
/usr/include/gtk-3.0/gtk/deprecated/gtktoggleaction.h:82:18: note: declared here
   82 | void             gtk_toggle_action_set_active        (GtkToggleAction *action,
      |                  ^~~~~~~~~~~~~~~~~~~~~~~~~~~~
/usr/include/gtk-3.0/gtk/deprecated/gtktoggleaction.h:40:71: warning: ‘GType gtk_toggle_action_get_type()’ is deprecated [-Wdeprecated-declarations]
   40 | #define GTK_TYPE_TOGGLE_ACTION            (gtk_toggle_action_get_type ())
      |                                            ~~~~~~~~~~~~~~~~~~~~~~~~~~~^~
/usr/include/glib-2.0/gobject/gtype.h:2660:70: note: in definition of macro ‘_G_TYPE_CIC’
 2660 |     ((ct*) (void *) g_type_check_instance_cast ((GTypeInstance*) ip, gt))
      |                                                                      ^~
/usr/include/gtk-3.0/gtk/deprecated/gtktoggleaction.h:41:44: note: in expansion of macro ‘G_TYPE_CHECK_INSTANCE_CAST’
   41 | #define GTK_TOGGLE_ACTION(obj)            (G_TYPE_CHECK_INSTANCE_CAST ((obj), GTK_TYPE_TOGGLE_ACTION, GtkToggleAction))
      |                                            ^~~~~~~~~~~~~~~~~~~~~~~~~~
/usr/include/gtk-3.0/gtk/deprecated/gtktoggleaction.h:41:79: note: in expansion of macro ‘GTK_TYPE_TOGGLE_ACTION’
   41 | #define GTK_TOGGLE_ACTION(obj)            (G_TYPE_CHECK_INSTANCE_CAST ((obj), GTK_TYPE_TOGGLE_ACTION, GtkToggleAction))
      |                                                                               ^~~~~~~~~~~~~~~~~~~~~~
Quiver.cpp:2083:46: note: in expansion of macro ‘GTK_TOGGLE_ACTION’
 2083 |                 gtk_toggle_action_set_active(GTK_TOGGLE_ACTION(action), FALSE);
      |                                              ^~~~~~~~~~~~~~~~~
/usr/include/gtk-3.0/gtk/deprecated/gtktoggleaction.h:73:18: note: declared here
   73 | GType            gtk_toggle_action_get_type          (void) G_GNUC_CONST;
      |                  ^~~~~~~~~~~~~~~~~~~~~~~~~~
Quiver.cpp:2083:45: warning: ‘void gtk_toggle_action_set_active(GtkToggleAction*, gboolean)’ is deprecated [-Wdeprecated-declarations]
 2083 |                 gtk_toggle_action_set_active(GTK_TOGGLE_ACTION(action), FALSE);
      |                 ~~~~~~~~~~~~~~~~~~~~~~~~~~~~^~~~~~~~~~~~~~~~~~~~~~~~~~~~~~~~~~
/usr/include/gtk-3.0/gtk/deprecated/gtktoggleaction.h:82:18: note: declared here
   82 | void             gtk_toggle_action_set_active        (GtkToggleAction *action,
      |                  ^~~~~~~~~~~~~~~~~~~~~~~~~~~~
/usr/include/gtk-3.0/gtk/deprecated/gtktoggleaction.h:40:71: warning: ‘GType gtk_toggle_action_get_type()’ is deprecated [-Wdeprecated-declarations]
   40 | #define GTK_TYPE_TOGGLE_ACTION            (gtk_toggle_action_get_type ())
      |                                            ~~~~~~~~~~~~~~~~~~~~~~~~~~~^~
/usr/include/glib-2.0/gobject/gtype.h:2660:70: note: in definition of macro ‘_G_TYPE_CIC’
 2660 |     ((ct*) (void *) g_type_check_instance_cast ((GTypeInstance*) ip, gt))
      |                                                                      ^~
/usr/include/gtk-3.0/gtk/deprecated/gtktoggleaction.h:41:44: note: in expansion of macro ‘G_TYPE_CHECK_INSTANCE_CAST’
   41 | #define GTK_TOGGLE_ACTION(obj)            (G_TYPE_CHECK_INSTANCE_CAST ((obj), GTK_TYPE_TOGGLE_ACTION, GtkToggleAction))
      |                                            ^~~~~~~~~~~~~~~~~~~~~~~~~~
/usr/include/gtk-3.0/gtk/deprecated/gtktoggleaction.h:41:79: note: in expansion of macro ‘GTK_TYPE_TOGGLE_ACTION’
   41 | #define GTK_TOGGLE_ACTION(obj)            (G_TYPE_CHECK_INSTANCE_CAST ((obj), GTK_TYPE_TOGGLE_ACTION, GtkToggleAction))
      |                                                                               ^~~~~~~~~~~~~~~~~~~~~~
Quiver.cpp:2087:46: note: in expansion of macro ‘GTK_TOGGLE_ACTION’
 2087 |                 gtk_toggle_action_set_active(GTK_TOGGLE_ACTION(action), FALSE);
      |                                              ^~~~~~~~~~~~~~~~~
/usr/include/gtk-3.0/gtk/deprecated/gtktoggleaction.h:73:18: note: declared here
   73 | GType            gtk_toggle_action_get_type          (void) G_GNUC_CONST;
      |                  ^~~~~~~~~~~~~~~~~~~~~~~~~~
Quiver.cpp:2087:45: warning: ‘void gtk_toggle_action_set_active(GtkToggleAction*, gboolean)’ is deprecated [-Wdeprecated-declarations]
 2087 |                 gtk_toggle_action_set_active(GTK_TOGGLE_ACTION(action), FALSE);
      |                 ~~~~~~~~~~~~~~~~~~~~~~~~~~~~^~~~~~~~~~~~~~~~~~~~~~~~~~~~~~~~~~
/usr/include/gtk-3.0/gtk/deprecated/gtktoggleaction.h:82:18: note: declared here
   82 | void             gtk_toggle_action_set_active        (GtkToggleAction *action,
      |                  ^~~~~~~~~~~~~~~~~~~~~~~~~~~~
/usr/include/gtk-3.0/gtk/deprecated/gtktoggleaction.h:40:71: warning: ‘GType gtk_toggle_action_get_type()’ is deprecated [-Wdeprecated-declarations]
   40 | #define GTK_TYPE_TOGGLE_ACTION            (gtk_toggle_action_get_type ())
      |                                            ~~~~~~~~~~~~~~~~~~~~~~~~~~~^~
/usr/include/glib-2.0/gobject/gtype.h:2660:70: note: in definition of macro ‘_G_TYPE_CIC’
 2660 |     ((ct*) (void *) g_type_check_instance_cast ((GTypeInstance*) ip, gt))
      |                                                                      ^~
/usr/include/gtk-3.0/gtk/deprecated/gtktoggleaction.h:41:44: note: in expansion of macro ‘G_TYPE_CHECK_INSTANCE_CAST’
   41 | #define GTK_TOGGLE_ACTION(obj)            (G_TYPE_CHECK_INSTANCE_CAST ((obj), GTK_TYPE_TOGGLE_ACTION, GtkToggleAction))
      |                                            ^~~~~~~~~~~~~~~~~~~~~~~~~~
/usr/include/gtk-3.0/gtk/deprecated/gtktoggleaction.h:41:79: note: in expansion of macro ‘GTK_TYPE_TOGGLE_ACTION’
   41 | #define GTK_TOGGLE_ACTION(obj)            (G_TYPE_CHECK_INSTANCE_CAST ((obj), GTK_TYPE_TOGGLE_ACTION, GtkToggleAction))
      |                                                                               ^~~~~~~~~~~~~~~~~~~~~~
Quiver.cpp:2091:46: note: in expansion of macro ‘GTK_TOGGLE_ACTION’
 2091 |                 gtk_toggle_action_set_active(GTK_TOGGLE_ACTION(action), FALSE);
      |                                              ^~~~~~~~~~~~~~~~~
/usr/include/gtk-3.0/gtk/deprecated/gtktoggleaction.h:73:18: note: declared here
   73 | GType            gtk_toggle_action_get_type          (void) G_GNUC_CONST;
      |                  ^~~~~~~~~~~~~~~~~~~~~~~~~~
Quiver.cpp:2091:45: warning: ‘void gtk_toggle_action_set_active(GtkToggleAction*, gboolean)’ is deprecated [-Wdeprecated-declarations]
 2091 |                 gtk_toggle_action_set_active(GTK_TOGGLE_ACTION(action), FALSE);
      |                 ~~~~~~~~~~~~~~~~~~~~~~~~~~~~^~~~~~~~~~~~~~~~~~~~~~~~~~~~~~~~~~
/usr/include/gtk-3.0/gtk/deprecated/gtktoggleaction.h:82:18: note: declared here
   82 | void             gtk_toggle_action_set_active        (GtkToggleAction *action,
      |                  ^~~~~~~~~~~~~~~~~~~~~~~~~~~~
/usr/include/gtk-3.0/gtk/deprecated/gtktoggleaction.h:40:71: warning: ‘GType gtk_toggle_action_get_type()’ is deprecated [-Wdeprecated-declarations]
   40 | #define GTK_TYPE_TOGGLE_ACTION            (gtk_toggle_action_get_type ())
      |                                            ~~~~~~~~~~~~~~~~~~~~~~~~~~~^~
/usr/include/glib-2.0/gobject/gtype.h:2660:70: note: in definition of macro ‘_G_TYPE_CIC’
 2660 |     ((ct*) (void *) g_type_check_instance_cast ((GTypeInstance*) ip, gt))
      |                                                                      ^~
/usr/include/gtk-3.0/gtk/deprecated/gtktoggleaction.h:41:44: note: in expansion of macro ‘G_TYPE_CHECK_INSTANCE_CAST’
   41 | #define GTK_TOGGLE_ACTION(obj)            (G_TYPE_CHECK_INSTANCE_CAST ((obj), GTK_TYPE_TOGGLE_ACTION, GtkToggleAction))
      |                                            ^~~~~~~~~~~~~~~~~~~~~~~~~~
/usr/include/gtk-3.0/gtk/deprecated/gtktoggleaction.h:41:79: note: in expansion of macro ‘GTK_TYPE_TOGGLE_ACTION’
   41 | #define GTK_TOGGLE_ACTION(obj)            (G_TYPE_CHECK_INSTANCE_CAST ((obj), GTK_TYPE_TOGGLE_ACTION, GtkToggleAction))
      |                                                                               ^~~~~~~~~~~~~~~~~~~~~~
Quiver.cpp:2107:54: note: in expansion of macro ‘GTK_TOGGLE_ACTION’
 2107 |                         gtk_toggle_action_set_active(GTK_TOGGLE_ACTION(action), TRUE);
      |                                                      ^~~~~~~~~~~~~~~~~
/usr/include/gtk-3.0/gtk/deprecated/gtktoggleaction.h:73:18: note: declared here
   73 | GType            gtk_toggle_action_get_type          (void) G_GNUC_CONST;
      |                  ^~~~~~~~~~~~~~~~~~~~~~~~~~
Quiver.cpp:2107:53: warning: ‘void gtk_toggle_action_set_active(GtkToggleAction*, gboolean)’ is deprecated [-Wdeprecated-declarations]
 2107 |                         gtk_toggle_action_set_active(GTK_TOGGLE_ACTION(action), TRUE);
      |                         ~~~~~~~~~~~~~~~~~~~~~~~~~~~~^~~~~~~~~~~~~~~~~~~~~~~~~~~~~~~~~
/usr/include/gtk-3.0/gtk/deprecated/gtktoggleaction.h:82:18: note: declared here
   82 | void             gtk_toggle_action_set_active        (GtkToggleAction *action,
      |                  ^~~~~~~~~~~~~~~~~~~~~~~~~~~~
/usr/include/gtk-3.0/gtk/deprecated/gtktoggleaction.h:40:71: warning: ‘GType gtk_toggle_action_get_type()’ is deprecated [-Wdeprecated-declarations]
   40 | #define GTK_TYPE_TOGGLE_ACTION            (gtk_toggle_action_get_type ())
      |                                            ~~~~~~~~~~~~~~~~~~~~~~~~~~~^~
/usr/include/glib-2.0/gobject/gtype.h:2660:70: note: in definition of macro ‘_G_TYPE_CIC’
 2660 |     ((ct*) (void *) g_type_check_instance_cast ((GTypeInstance*) ip, gt))
      |                                                                      ^~
/usr/include/gtk-3.0/gtk/deprecated/gtktoggleaction.h:41:44: note: in expansion of macro ‘G_TYPE_CHECK_INSTANCE_CAST’
   41 | #define GTK_TOGGLE_ACTION(obj)            (G_TYPE_CHECK_INSTANCE_CAST ((obj), GTK_TYPE_TOGGLE_ACTION, GtkToggleAction))
      |                                            ^~~~~~~~~~~~~~~~~~~~~~~~~~
/usr/include/gtk-3.0/gtk/deprecated/gtktoggleaction.h:41:79: note: in expansion of macro ‘GTK_TYPE_TOGGLE_ACTION’
   41 | #define GTK_TOGGLE_ACTION(obj)            (G_TYPE_CHECK_INSTANCE_CAST ((obj), GTK_TYPE_TOGGLE_ACTION, GtkToggleAction))
      |                                                                               ^~~~~~~~~~~~~~~~~~~~~~
Quiver.cpp:2115:54: note: in expansion of macro ‘GTK_TOGGLE_ACTION’
 2115 |                         gtk_toggle_action_set_active(GTK_TOGGLE_ACTION(action), bShow ? TRUE : FALSE);
      |                                                      ^~~~~~~~~~~~~~~~~
/usr/include/gtk-3.0/gtk/deprecated/gtktoggleaction.h:73:18: note: declared here
   73 | GType            gtk_toggle_action_get_type          (void) G_GNUC_CONST;
      |                  ^~~~~~~~~~~~~~~~~~~~~~~~~~
Quiver.cpp:2115:53: warning: ‘void gtk_toggle_action_set_active(GtkToggleAction*, gboolean)’ is deprecated [-Wdeprecated-declarations]
 2115 |                         gtk_toggle_action_set_active(GTK_TOGGLE_ACTION(action), bShow ? TRUE : FALSE);
      |                         ~~~~~~~~~~~~~~~~~~~~~~~~~~~~^~~~~~~~~~~~~~~~~~~~~~~~~~~~~~~~~~~~~~~~~~~~~~~~~
/usr/include/gtk-3.0/gtk/deprecated/gtktoggleaction.h:82:18: note: declared here
   82 | void             gtk_toggle_action_set_active        (GtkToggleAction *action,
      |                  ^~~~~~~~~~~~~~~~~~~~~~~~~~~~
/usr/include/gtk-3.0/gtk/deprecated/gtktoggleaction.h:40:71: warning: ‘GType gtk_toggle_action_get_type()’ is deprecated [-Wdeprecated-declarations]
   40 | #define GTK_TYPE_TOGGLE_ACTION            (gtk_toggle_action_get_type ())
      |                                            ~~~~~~~~~~~~~~~~~~~~~~~~~~~^~
/usr/include/glib-2.0/gobject/gtype.h:2660:70: note: in definition of macro ‘_G_TYPE_CIC’
 2660 |     ((ct*) (void *) g_type_check_instance_cast ((GTypeInstance*) ip, gt))
      |                                                                      ^~
/usr/include/gtk-3.0/gtk/deprecated/gtktoggleaction.h:41:44: note: in expansion of macro ‘G_TYPE_CHECK_INSTANCE_CAST’
   41 | #define GTK_TOGGLE_ACTION(obj)            (G_TYPE_CHECK_INSTANCE_CAST ((obj), GTK_TYPE_TOGGLE_ACTION, GtkToggleAction))
      |                                            ^~~~~~~~~~~~~~~~~~~~~~~~~~
/usr/include/gtk-3.0/gtk/deprecated/gtktoggleaction.h:41:79: note: in expansion of macro ‘GTK_TYPE_TOGGLE_ACTION’
   41 | #define GTK_TOGGLE_ACTION(obj)            (G_TYPE_CHECK_INSTANCE_CAST ((obj), GTK_TYPE_TOGGLE_ACTION, GtkToggleAction))
      |                                                                               ^~~~~~~~~~~~~~~~~~~~~~
Quiver.cpp:2120:54: note: in expansion of macro ‘GTK_TOGGLE_ACTION’
 2120 |                         gtk_toggle_action_set_active(GTK_TOGGLE_ACTION(action), bShow ? TRUE : FALSE);
      |                                                      ^~~~~~~~~~~~~~~~~
/usr/include/gtk-3.0/gtk/deprecated/gtktoggleaction.h:73:18: note: declared here
   73 | GType            gtk_toggle_action_get_type          (void) G_GNUC_CONST;
      |                  ^~~~~~~~~~~~~~~~~~~~~~~~~~
Quiver.cpp:2120:53: warning: ‘void gtk_toggle_action_set_active(GtkToggleAction*, gboolean)’ is deprecated [-Wdeprecated-declarations]
 2120 |                         gtk_toggle_action_set_active(GTK_TOGGLE_ACTION(action), bShow ? TRUE : FALSE);
      |                         ~~~~~~~~~~~~~~~~~~~~~~~~~~~~^~~~~~~~~~~~~~~~~~~~~~~~~~~~~~~~~~~~~~~~~~~~~~~~~
/usr/include/gtk-3.0/gtk/deprecated/gtktoggleaction.h:82:18: note: declared here
   82 | void             gtk_toggle_action_set_active        (GtkToggleAction *action,
      |                  ^~~~~~~~~~~~~~~~~~~~~~~~~~~~
/usr/include/gtk-3.0/gtk/deprecated/gtktoggleaction.h:40:71: warning: ‘GType gtk_toggle_action_get_type()’ is deprecated [-Wdeprecated-declarations]
   40 | #define GTK_TYPE_TOGGLE_ACTION            (gtk_toggle_action_get_type ())
      |                                            ~~~~~~~~~~~~~~~~~~~~~~~~~~~^~
/usr/include/glib-2.0/gobject/gtype.h:2660:70: note: in definition of macro ‘_G_TYPE_CIC’
 2660 |     ((ct*) (void *) g_type_check_instance_cast ((GTypeInstance*) ip, gt))
      |                                                                      ^~
/usr/include/gtk-3.0/gtk/deprecated/gtktoggleaction.h:41:44: note: in expansion of macro ‘G_TYPE_CHECK_INSTANCE_CAST’
   41 | #define GTK_TOGGLE_ACTION(obj)            (G_TYPE_CHECK_INSTANCE_CAST ((obj), GTK_TYPE_TOGGLE_ACTION, GtkToggleAction))
      |                                            ^~~~~~~~~~~~~~~~~~~~~~~~~~
/usr/include/gtk-3.0/gtk/deprecated/gtktoggleaction.h:41:79: note: in expansion of macro ‘GTK_TYPE_TOGGLE_ACTION’
   41 | #define GTK_TOGGLE_ACTION(obj)            (G_TYPE_CHECK_INSTANCE_CAST ((obj), GTK_TYPE_TOGGLE_ACTION, GtkToggleAction))
      |                                                                               ^~~~~~~~~~~~~~~~~~~~~~
Quiver.cpp:2125:54: note: in expansion of macro ‘GTK_TOGGLE_ACTION’
 2125 |                         gtk_toggle_action_set_active(GTK_TOGGLE_ACTION(action), bShow ? TRUE : FALSE);
      |                                                      ^~~~~~~~~~~~~~~~~
/usr/include/gtk-3.0/gtk/deprecated/gtktoggleaction.h:73:18: note: declared here
   73 | GType            gtk_toggle_action_get_type          (void) G_GNUC_CONST;
      |                  ^~~~~~~~~~~~~~~~~~~~~~~~~~
Quiver.cpp:2125:53: warning: ‘void gtk_toggle_action_set_active(GtkToggleAction*, gboolean)’ is deprecated [-Wdeprecated-declarations]
 2125 |                         gtk_toggle_action_set_active(GTK_TOGGLE_ACTION(action), bShow ? TRUE : FALSE);
      |                         ~~~~~~~~~~~~~~~~~~~~~~~~~~~~^~~~~~~~~~~~~~~~~~~~~~~~~~~~~~~~~~~~~~~~~~~~~~~~~
/usr/include/gtk-3.0/gtk/deprecated/gtktoggleaction.h:82:18: note: declared here
   82 | void             gtk_toggle_action_set_active        (GtkToggleAction *action,
      |                  ^~~~~~~~~~~~~~~~~~~~~~~~~~~~
/usr/include/gtk-3.0/gtk/deprecated/gtktoggleaction.h:40:71: warning: ‘GType gtk_toggle_action_get_type()’ is deprecated [-Wdeprecated-declarations]
   40 | #define GTK_TYPE_TOGGLE_ACTION            (gtk_toggle_action_get_type ())
      |                                            ~~~~~~~~~~~~~~~~~~~~~~~~~~~^~
/usr/include/glib-2.0/gobject/gtype.h:2660:70: note: in definition of macro ‘_G_TYPE_CIC’
 2660 |     ((ct*) (void *) g_type_check_instance_cast ((GTypeInstance*) ip, gt))
      |                                                                      ^~
/usr/include/gtk-3.0/gtk/deprecated/gtktoggleaction.h:41:44: note: in expansion of macro ‘G_TYPE_CHECK_INSTANCE_CAST’
   41 | #define GTK_TOGGLE_ACTION(obj)            (G_TYPE_CHECK_INSTANCE_CAST ((obj), GTK_TYPE_TOGGLE_ACTION, GtkToggleAction))
      |                                            ^~~~~~~~~~~~~~~~~~~~~~~~~~
/usr/include/gtk-3.0/gtk/deprecated/gtktoggleaction.h:41:79: note: in expansion of macro ‘GTK_TYPE_TOGGLE_ACTION’
   41 | #define GTK_TOGGLE_ACTION(obj)            (G_TYPE_CHECK_INSTANCE_CAST ((obj), GTK_TYPE_TOGGLE_ACTION, GtkToggleAction))
      |                                                                               ^~~~~~~~~~~~~~~~~~~~~~
Quiver.cpp:2135:54: note: in expansion of macro ‘GTK_TOGGLE_ACTION’
 2135 |                         gtk_toggle_action_set_active(GTK_TOGGLE_ACTION(action), bShow ? TRUE : FALSE);
      |                                                      ^~~~~~~~~~~~~~~~~
/usr/include/gtk-3.0/gtk/deprecated/gtktoggleaction.h:73:18: note: declared here
   73 | GType            gtk_toggle_action_get_type          (void) G_GNUC_CONST;
      |                  ^~~~~~~~~~~~~~~~~~~~~~~~~~
Quiver.cpp:2135:53: warning: ‘void gtk_toggle_action_set_active(GtkToggleAction*, gboolean)’ is deprecated [-Wdeprecated-declarations]
 2135 |                         gtk_toggle_action_set_active(GTK_TOGGLE_ACTION(action), bShow ? TRUE : FALSE);
      |                         ~~~~~~~~~~~~~~~~~~~~~~~~~~~~^~~~~~~~~~~~~~~~~~~~~~~~~~~~~~~~~~~~~~~~~~~~~~~~~
/usr/include/gtk-3.0/gtk/deprecated/gtktoggleaction.h:82:18: note: declared here
   82 | void             gtk_toggle_action_set_active        (GtkToggleAction *action,
      |                  ^~~~~~~~~~~~~~~~~~~~~~~~~~~~
/usr/include/gtk-3.0/gtk/deprecated/gtktoggleaction.h:40:71: warning: ‘GType gtk_toggle_action_get_type()’ is deprecated [-Wdeprecated-declarations]
   40 | #define GTK_TYPE_TOGGLE_ACTION            (gtk_toggle_action_get_type ())
      |                                            ~~~~~~~~~~~~~~~~~~~~~~~~~~~^~
/usr/include/glib-2.0/gobject/gtype.h:2660:70: note: in definition of macro ‘_G_TYPE_CIC’
 2660 |     ((ct*) (void *) g_type_check_instance_cast ((GTypeInstance*) ip, gt))
      |                                                                      ^~
/usr/include/gtk-3.0/gtk/deprecated/gtktoggleaction.h:41:44: note: in expansion of macro ‘G_TYPE_CHECK_INSTANCE_CAST’
   41 | #define GTK_TOGGLE_ACTION(obj)            (G_TYPE_CHECK_INSTANCE_CAST ((obj), GTK_TYPE_TOGGLE_ACTION, GtkToggleAction))
      |                                            ^~~~~~~~~~~~~~~~~~~~~~~~~~
/usr/include/gtk-3.0/gtk/deprecated/gtktoggleaction.h:41:79: note: in expansion of macro ‘GTK_TYPE_TOGGLE_ACTION’
   41 | #define GTK_TOGGLE_ACTION(obj)            (G_TYPE_CHECK_INSTANCE_CAST ((obj), GTK_TYPE_TOGGLE_ACTION, GtkToggleAction))
      |                                                                               ^~~~~~~~~~~~~~~~~~~~~~
Quiver.cpp:2140:54: note: in expansion of macro ‘GTK_TOGGLE_ACTION’
 2140 |                         gtk_toggle_action_set_active(GTK_TOGGLE_ACTION(action), bShow ? TRUE : FALSE);
      |                                                      ^~~~~~~~~~~~~~~~~
/usr/include/gtk-3.0/gtk/deprecated/gtktoggleaction.h:73:18: note: declared here
   73 | GType            gtk_toggle_action_get_type          (void) G_GNUC_CONST;
      |                  ^~~~~~~~~~~~~~~~~~~~~~~~~~
Quiver.cpp:2140:53: warning: ‘void gtk_toggle_action_set_active(GtkToggleAction*, gboolean)’ is deprecated [-Wdeprecated-declarations]
 2140 |                         gtk_toggle_action_set_active(GTK_TOGGLE_ACTION(action), bShow ? TRUE : FALSE);
      |                         ~~~~~~~~~~~~~~~~~~~~~~~~~~~~^~~~~~~~~~~~~~~~~~~~~~~~~~~~~~~~~~~~~~~~~~~~~~~~~
/usr/include/gtk-3.0/gtk/deprecated/gtktoggleaction.h:82:18: note: declared here
   82 | void             gtk_toggle_action_set_active        (GtkToggleAction *action,
      |                  ^~~~~~~~~~~~~~~~~~~~~~~~~~~~
/usr/include/gtk-3.0/gtk/deprecated/gtktoggleaction.h:40:71: warning: ‘GType gtk_toggle_action_get_type()’ is deprecated [-Wdeprecated-declarations]
   40 | #define GTK_TYPE_TOGGLE_ACTION            (gtk_toggle_action_get_type ())
      |                                            ~~~~~~~~~~~~~~~~~~~~~~~~~~~^~
/usr/include/glib-2.0/gobject/gtype.h:2660:70: note: in definition of macro ‘_G_TYPE_CIC’
 2660 |     ((ct*) (void *) g_type_check_instance_cast ((GTypeInstance*) ip, gt))
      |                                                                      ^~
/usr/include/gtk-3.0/gtk/deprecated/gtktoggleaction.h:41:44: note: in expansion of macro ‘G_TYPE_CHECK_INSTANCE_CAST’
   41 | #define GTK_TOGGLE_ACTION(obj)            (G_TYPE_CHECK_INSTANCE_CAST ((obj), GTK_TYPE_TOGGLE_ACTION, GtkToggleAction))
      |                                            ^~~~~~~~~~~~~~~~~~~~~~~~~~
/usr/include/gtk-3.0/gtk/deprecated/gtktoggleaction.h:41:79: note: in expansion of macro ‘GTK_TYPE_TOGGLE_ACTION’
   41 | #define GTK_TOGGLE_ACTION(obj)            (G_TYPE_CHECK_INSTANCE_CAST ((obj), GTK_TYPE_TOGGLE_ACTION, GtkToggleAction))
      |                                                                               ^~~~~~~~~~~~~~~~~~~~~~
Quiver.cpp:2145:54: note: in expansion of macro ‘GTK_TOGGLE_ACTION’
 2145 |                         gtk_toggle_action_set_active(GTK_TOGGLE_ACTION(action), bShow ? TRUE : FALSE);
      |                                                      ^~~~~~~~~~~~~~~~~
/usr/include/gtk-3.0/gtk/deprecated/gtktoggleaction.h:73:18: note: declared here
   73 | GType            gtk_toggle_action_get_type          (void) G_GNUC_CONST;
      |                  ^~~~~~~~~~~~~~~~~~~~~~~~~~
Quiver.cpp:2145:53: warning: ‘void gtk_toggle_action_set_active(GtkToggleAction*, gboolean)’ is deprecated [-Wdeprecated-declarations]
 2145 |                         gtk_toggle_action_set_active(GTK_TOGGLE_ACTION(action), bShow ? TRUE : FALSE);
      |                         ~~~~~~~~~~~~~~~~~~~~~~~~~~~~^~~~~~~~~~~~~~~~~~~~~~~~~~~~~~~~~~~~~~~~~~~~~~~~~
/usr/include/gtk-3.0/gtk/deprecated/gtktoggleaction.h:82:18: note: declared here
   82 | void             gtk_toggle_action_set_active        (GtkToggleAction *action,
      |                  ^~~~~~~~~~~~~~~~~~~~~~~~~~~~
Quiver.cpp: In member function ‘virtual void QuiverImpl::BrowserEventHandler::HandleSelectionChanged(BrowserEventPtr)’:
Quiver.cpp:2169:40: warning: format ‘%d’ expects argument of type ‘int’, but argument 4 has type ‘std::__cxx11::list<unsigned int>::size_type’ {aka ‘long unsigned int’} [-Wformat=]
 2169 |         g_snprintf(status_text, 256, "%d items selected (%qd bytes)",selection.size(), total_size);
      |                                       ~^                             ~~~~~~~~~~~~~~~~
      |                                        |                                           |
      |                                        int                                         std::__cxx11::list<unsigned int>::size_type {aka long unsigned int}
      |                                       %ld
Quiver.cpp: In member function ‘virtual void QuiverImpl::ViewerEventHandler::HandleSlideShowStopped(ViewerEventPtr)’:
/usr/include/gtk-3.0/gtk/deprecated/gtktoggleaction.h:40:71: warning: ‘GType gtk_toggle_action_get_type()’ is deprecated [-Wdeprecated-declarations]
   40 | #define GTK_TYPE_TOGGLE_ACTION            (gtk_toggle_action_get_type ())
      |                                            ~~~~~~~~~~~~~~~~~~~~~~~~~~~^~
/usr/include/glib-2.0/gobject/gtype.h:2660:70: note: in definition of macro ‘_G_TYPE_CIC’
 2660 |     ((ct*) (void *) g_type_check_instance_cast ((GTypeInstance*) ip, gt))
      |                                                                      ^~
/usr/include/gtk-3.0/gtk/deprecated/gtktoggleaction.h:41:44: note: in expansion of macro ‘G_TYPE_CHECK_INSTANCE_CAST’
   41 | #define GTK_TOGGLE_ACTION(obj)            (G_TYPE_CHECK_INSTANCE_CAST ((obj), GTK_TYPE_TOGGLE_ACTION, GtkToggleAction))
      |                                            ^~~~~~~~~~~~~~~~~~~~~~~~~~
/usr/include/gtk-3.0/gtk/deprecated/gtktoggleaction.h:41:79: note: in expansion of macro ‘GTK_TYPE_TOGGLE_ACTION’
   41 | #define GTK_TOGGLE_ACTION(obj)            (G_TYPE_CHECK_INSTANCE_CAST ((obj), GTK_TYPE_TOGGLE_ACTION, GtkToggleAction))
      |                                                                               ^~~~~~~~~~~~~~~~~~~~~~
Quiver.cpp:2258:46: note: in expansion of macro ‘GTK_TOGGLE_ACTION’
 2258 |                 gtk_toggle_action_set_active(GTK_TOGGLE_ACTION(action),FALSE);
      |                                              ^~~~~~~~~~~~~~~~~
/usr/include/gtk-3.0/gtk/deprecated/gtktoggleaction.h:73:18: note: declared here
   73 | GType            gtk_toggle_action_get_type          (void) G_GNUC_CONST;
      |                  ^~~~~~~~~~~~~~~~~~~~~~~~~~
Quiver.cpp:2258:45: warning: ‘void gtk_toggle_action_set_active(GtkToggleAction*, gboolean)’ is deprecated [-Wdeprecated-declarations]
 2258 |                 gtk_toggle_action_set_active(GTK_TOGGLE_ACTION(action),FALSE);
      |                 ~~~~~~~~~~~~~~~~~~~~~~~~~~~~^~~~~~~~~~~~~~~~~~~~~~~~~~~~~~~~~
/usr/include/gtk-3.0/gtk/deprecated/gtktoggleaction.h:82:18: note: declared here
   82 | void             gtk_toggle_action_set_active        (GtkToggleAction *action,
      |                  ^~~~~~~~~~~~~~~~~~~~~~~~~~~~
Quiver.cpp: In member function ‘void Quiver::OnOpenFile()’:
/usr/include/gtk-3.0/gtk/deprecated/gtkstock.h:159:38: warning: ‘GtkStock’ is deprecated [-Wdeprecated-declarations]
  159 | #define GTK_STOCK_CANCEL           ((GtkStock)"gtk-cancel")
      |                                      ^~~~~~~~
QuiverStockIcons.h:15:38: note: in expansion of macro ‘GTK_STOCK_CANCEL’
   15 | #define QUIVER_STOCK_CANCEL          GTK_STOCK_CANCEL
      |                                      ^~~~~~~~~~~~~~~~
Quiver.cpp:2319:47: note: in expansion of macro ‘QUIVER_STOCK_CANCEL’
 2319 |                                               QUIVER_STOCK_CANCEL, GTK_RESPONSE_CANCEL,
      |                                               ^~~~~~~~~~~~~~~~~~~
/usr/include/gtk-3.0/gtk/deprecated/gtkstock.h:108:16: note: declared here
  108 | typedef char * GtkStock;
      |                ^~~~~~~~
/usr/include/gtk-3.0/gtk/deprecated/gtkstock.h:765:38: warning: ‘GtkStock’ is deprecated [-Wdeprecated-declarations]
  765 | #define GTK_STOCK_OPEN             ((GtkStock)"gtk-open")
      |                                      ^~~~~~~~
QuiverStockIcons.h:18:38: note: in expansion of macro ‘GTK_STOCK_OPEN’
   18 | #define QUIVER_STOCK_OPEN            GTK_STOCK_OPEN
      |                                      ^~~~~~~~~~~~~~
Quiver.cpp:2320:47: note: in expansion of macro ‘QUIVER_STOCK_OPEN’
 2320 |                                               QUIVER_STOCK_OPEN, GTK_RESPONSE_ACCEPT,
      |                                               ^~~~~~~~~~~~~~~~~
/usr/include/gtk-3.0/gtk/deprecated/gtkstock.h:108:16: note: declared here
  108 | typedef char * GtkStock;
      |                ^~~~~~~~
Quiver.cpp: In member function ‘void Quiver::OnOpenFolder()’:
/usr/include/gtk-3.0/gtk/deprecated/gtkstock.h:159:38: warning: ‘GtkStock’ is deprecated [-Wdeprecated-declarations]
  159 | #define GTK_STOCK_CANCEL           ((GtkStock)"gtk-cancel")
      |                                      ^~~~~~~~
QuiverStockIcons.h:15:38: note: in expansion of macro ‘GTK_STOCK_CANCEL’
   15 | #define QUIVER_STOCK_CANCEL          GTK_STOCK_CANCEL
      |                                      ^~~~~~~~~~~~~~~~
Quiver.cpp:2347:47: note: in expansion of macro ‘QUIVER_STOCK_CANCEL’
 2347 |                                               QUIVER_STOCK_CANCEL, GTK_RESPONSE_CANCEL,
      |                                               ^~~~~~~~~~~~~~~~~~~
/usr/include/gtk-3.0/gtk/deprecated/gtkstock.h:108:16: note: declared here
  108 | typedef char * GtkStock;
      |                ^~~~~~~~
/usr/include/gtk-3.0/gtk/deprecated/gtkstock.h:765:38: warning: ‘GtkStock’ is deprecated [-Wdeprecated-declarations]
  765 | #define GTK_STOCK_OPEN             ((GtkStock)"gtk-open")
      |                                      ^~~~~~~~
QuiverStockIcons.h:18:38: note: in expansion of macro ‘GTK_STOCK_OPEN’
   18 | #define QUIVER_STOCK_OPEN            GTK_STOCK_OPEN
      |                                      ^~~~~~~~~~~~~~
Quiver.cpp:2348:47: note: in expansion of macro ‘QUIVER_STOCK_OPEN’
 2348 |                                               QUIVER_STOCK_OPEN, GTK_RESPONSE_ACCEPT,
      |                                               ^~~~~~~~~~~~~~~~~
/usr/include/gtk-3.0/gtk/deprecated/gtkstock.h:108:16: note: declared here
  108 | typedef char * GtkStock;
      |                ^~~~~~~~
Quiver.cpp: In member function ‘void Quiver::OnSlideShow(bool)’:
/usr/include/gtk-3.0/gtk/deprecated/gtkradioaction.h:40:69: warning: ‘GType gtk_radio_action_get_type()’ is deprecated [-Wdeprecated-declarations]
   40 | #define GTK_TYPE_RADIO_ACTION            (gtk_radio_action_get_type ())
      |                                           ~~~~~~~~~~~~~~~~~~~~~~~~~~^~
/usr/include/glib-2.0/gobject/gtype.h:2660:70: note: in definition of macro ‘_G_TYPE_CIC’
 2660 |     ((ct*) (void *) g_type_check_instance_cast ((GTypeInstance*) ip, gt))
      |                                                                      ^~
/usr/include/gtk-3.0/gtk/deprecated/gtkradioaction.h:41:43: note: in expansion of macro ‘G_TYPE_CHECK_INSTANCE_CAST’
   41 | #define GTK_RADIO_ACTION(obj)            (G_TYPE_CHECK_INSTANCE_CAST ((obj), GTK_TYPE_RADIO_ACTION, GtkRadioAction))
      |                                           ^~~~~~~~~~~~~~~~~~~~~~~~~~
/usr/include/gtk-3.0/gtk/deprecated/gtkradioaction.h:41:78: note: in expansion of macro ‘GTK_TYPE_RADIO_ACTION’
   41 | #define GTK_RADIO_ACTION(obj)            (G_TYPE_CHECK_INSTANCE_CAST ((obj), GTK_TYPE_RADIO_ACTION, GtkRadioAction))
      |                                                                              ^~~~~~~~~~~~~~~~~~~~~
Quiver.cpp:2380:69: note: in expansion of macro ‘GTK_RADIO_ACTION’
 2380 |                                 gtk_radio_action_set_current_value (GTK_RADIO_ACTION(action), ImageList::SORT_BY_RANDOM);
      |                                                                     ^~~~~~~~~~~~~~~~
/usr/include/gtk-3.0/gtk/deprecated/gtkradioaction.h:73:17: note: declared here
   73 | GType           gtk_radio_action_get_type          (void) G_GNUC_CONST;
      |                 ^~~~~~~~~~~~~~~~~~~~~~~~~
Quiver.cpp:2380:68: warning: ‘void gtk_radio_action_set_current_value(GtkRadioAction*, gint)’ is deprecated [-Wdeprecated-declarations]
 2380 |                                 gtk_radio_action_set_current_value (GTK_RADIO_ACTION(action), ImageList::SORT_BY_RANDOM);
      |                                 ~~~~~~~~~~~~~~~~~~~~~~~~~~~~~~~~~~~^~~~~~~~~~~~~~~~~~~~~~~~~~~~~~~~~~~~~~~~~~~~~~~~~~~~~
/usr/include/gtk-3.0/gtk/deprecated/gtkradioaction.h:91:17: note: declared here
   91 | void            gtk_radio_action_set_current_value (GtkRadioAction        *action,
      |                 ^~~~~~~~~~~~~~~~~~~~~~~~~~~~~~~~~~
/usr/include/gtk-3.0/gtk/deprecated/gtkradioaction.h:40:69: warning: ‘GType gtk_radio_action_get_type()’ is deprecated [-Wdeprecated-declarations]
   40 | #define GTK_TYPE_RADIO_ACTION            (gtk_radio_action_get_type ())
      |                                           ~~~~~~~~~~~~~~~~~~~~~~~~~~^~
/usr/include/glib-2.0/gobject/gtype.h:2660:70: note: in definition of macro ‘_G_TYPE_CIC’
 2660 |     ((ct*) (void *) g_type_check_instance_cast ((GTypeInstance*) ip, gt))
      |                                                                      ^~
/usr/include/gtk-3.0/gtk/deprecated/gtkradioaction.h:41:43: note: in expansion of macro ‘G_TYPE_CHECK_INSTANCE_CAST’
   41 | #define GTK_RADIO_ACTION(obj)            (G_TYPE_CHECK_INSTANCE_CAST ((obj), GTK_TYPE_RADIO_ACTION, GtkRadioAction))
      |                                           ^~~~~~~~~~~~~~~~~~~~~~~~~~
/usr/include/gtk-3.0/gtk/deprecated/gtkradioaction.h:41:78: note: in expansion of macro ‘GTK_TYPE_RADIO_ACTION’
   41 | #define GTK_RADIO_ACTION(obj)            (G_TYPE_CHECK_INSTANCE_CAST ((obj), GTK_TYPE_RADIO_ACTION, GtkRadioAction))
      |                                                                              ^~~~~~~~~~~~~~~~~~~~~
Quiver.cpp:2395:61: note: in expansion of macro ‘GTK_RADIO_ACTION’
 2395 |                         gtk_radio_action_set_current_value (GTK_RADIO_ACTION(action), sortby);
      |                                                             ^~~~~~~~~~~~~~~~
/usr/include/gtk-3.0/gtk/deprecated/gtkradioaction.h:73:17: note: declared here
   73 | GType           gtk_radio_action_get_type          (void) G_GNUC_CONST;
      |                 ^~~~~~~~~~~~~~~~~~~~~~~~~
Quiver.cpp:2395:60: warning: ‘void gtk_radio_action_set_current_value(GtkRadioAction*, gint)’ is deprecated [-Wdeprecated-declarations]
 2395 |                         gtk_radio_action_set_current_value (GTK_RADIO_ACTION(action), sortby);
      |                         ~~~~~~~~~~~~~~~~~~~~~~~~~~~~~~~~~~~^~~~~~~~~~~~~~~~~~~~~~~~~~~~~~~~~~
/usr/include/gtk-3.0/gtk/deprecated/gtkradioaction.h:91:17: note: declared here
   91 | void            gtk_radio_action_set_current_value (GtkRadioAction        *action,
      |                 ^~~~~~~~~~~~~~~~~~~~~~~~~~~~~~~~~~
Quiver.cpp: In member function ‘void Quiver::OnShowToolbar(bool)’:
/usr/include/gtk-3.0/gtk/deprecated/gtktoggleaction.h:40:71: warning: ‘GType gtk_toggle_action_get_type()’ is deprecated [-Wdeprecated-declarations]
   40 | #define GTK_TYPE_TOGGLE_ACTION            (gtk_toggle_action_get_type ())
      |                                            ~~~~~~~~~~~~~~~~~~~~~~~~~~~^~
/usr/include/glib-2.0/gobject/gtype.h:2660:70: note: in definition of macro ‘_G_TYPE_CIC’
 2660 |     ((ct*) (void *) g_type_check_instance_cast ((GTypeInstance*) ip, gt))
      |                                                                      ^~
/usr/include/gtk-3.0/gtk/deprecated/gtktoggleaction.h:41:44: note: in expansion of macro ‘G_TYPE_CHECK_INSTANCE_CAST’
   41 | #define GTK_TOGGLE_ACTION(obj)            (G_TYPE_CHECK_INSTANCE_CAST ((obj), GTK_TYPE_TOGGLE_ACTION, GtkToggleAction))
      |                                            ^~~~~~~~~~~~~~~~~~~~~~~~~~
/usr/include/gtk-3.0/gtk/deprecated/gtktoggleaction.h:41:79: note: in expansion of macro ‘GTK_TYPE_TOGGLE_ACTION’
   41 | #define GTK_TOGGLE_ACTION(obj)            (G_TYPE_CHECK_INSTANCE_CAST ((obj), GTK_TYPE_TOGGLE_ACTION, GtkToggleAction))
      |                                                                               ^~~~~~~~~~~~~~~~~~~~~~
Quiver.cpp:2411:63: note: in expansion of macro ‘GTK_TOGGLE_ACTION’
 2411 |                         (TRUE == gtk_toggle_action_get_active(GTK_TOGGLE_ACTION(action)));
      |                                                               ^~~~~~~~~~~~~~~~~
/usr/include/gtk-3.0/gtk/deprecated/gtktoggleaction.h:73:18: note: declared here
   73 | GType            gtk_toggle_action_get_type          (void) G_GNUC_CONST;
      |                  ^~~~~~~~~~~~~~~~~~~~~~~~~~
Quiver.cpp:2411:62: warning: ‘gboolean gtk_toggle_action_get_active(GtkToggleAction*)’ is deprecated [-Wdeprecated-declarations]
 2411 |                         (TRUE == gtk_toggle_action_get_active(GTK_TOGGLE_ACTION(action)));
      |                                  ~~~~~~~~~~~~~~~~~~~~~~~~~~~~^~~~~~~~~~~~~~~~~~~~~~~~~~~
/usr/include/gtk-3.0/gtk/deprecated/gtktoggleaction.h:85:18: note: declared here
   85 | gboolean         gtk_toggle_action_get_active        (GtkToggleAction *action);
      |                  ^~~~~~~~~~~~~~~~~~~~~~~~~~~~
Quiver.cpp: In member function ‘void Quiver::OnShowStatusbar(bool)’:
/usr/include/gtk-3.0/gtk/deprecated/gtktoggleaction.h:40:71: warning: ‘GType gtk_toggle_action_get_type()’ is deprecated [-Wdeprecated-declarations]
   40 | #define GTK_TYPE_TOGGLE_ACTION            (gtk_toggle_action_get_type ())
      |                                            ~~~~~~~~~~~~~~~~~~~~~~~~~~~^~
/usr/include/glib-2.0/gobject/gtype.h:2660:70: note: in definition of macro ‘_G_TYPE_CIC’
 2660 |     ((ct*) (void *) g_type_check_instance_cast ((GTypeInstance*) ip, gt))
      |                                                                      ^~
/usr/include/gtk-3.0/gtk/deprecated/gtktoggleaction.h:41:44: note: in expansion of macro ‘G_TYPE_CHECK_INSTANCE_CAST’
   41 | #define GTK_TOGGLE_ACTION(obj)            (G_TYPE_CHECK_INSTANCE_CAST ((obj), GTK_TYPE_TOGGLE_ACTION, GtkToggleAction))
      |                                            ^~~~~~~~~~~~~~~~~~~~~~~~~~
/usr/include/gtk-3.0/gtk/deprecated/gtktoggleaction.h:41:79: note: in expansion of macro ‘GTK_TYPE_TOGGLE_ACTION’
   41 | #define GTK_TOGGLE_ACTION(obj)            (G_TYPE_CHECK_INSTANCE_CAST ((obj), GTK_TYPE_TOGGLE_ACTION, GtkToggleAction))
      |                                                                               ^~~~~~~~~~~~~~~~~~~~~~
Quiver.cpp:2444:63: note: in expansion of macro ‘GTK_TOGGLE_ACTION’
 2444 |                         (TRUE == gtk_toggle_action_get_active(GTK_TOGGLE_ACTION(action)));
      |                                                               ^~~~~~~~~~~~~~~~~
/usr/include/gtk-3.0/gtk/deprecated/gtktoggleaction.h:73:18: note: declared here
   73 | GType            gtk_toggle_action_get_type          (void) G_GNUC_CONST;
      |                  ^~~~~~~~~~~~~~~~~~~~~~~~~~
Quiver.cpp:2444:62: warning: ‘gboolean gtk_toggle_action_get_active(GtkToggleAction*)’ is deprecated [-Wdeprecated-declarations]
 2444 |                         (TRUE == gtk_toggle_action_get_active(GTK_TOGGLE_ACTION(action)));
      |                                  ~~~~~~~~~~~~~~~~~~~~~~~~~~~~^~~~~~~~~~~~~~~~~~~~~~~~~~~
/usr/include/gtk-3.0/gtk/deprecated/gtktoggleaction.h:85:18: note: declared here
   85 | gboolean         gtk_toggle_action_get_active        (GtkToggleAction *action);
      |                  ^~~~~~~~~~~~~~~~~~~~~~~~~~~~
Quiver.cpp: In member function ‘void Quiver::OnShowMenubar(bool)’:
/usr/include/gtk-3.0/gtk/deprecated/gtktoggleaction.h:40:71: warning: ‘GType gtk_toggle_action_get_type()’ is deprecated [-Wdeprecated-declarations]
   40 | #define GTK_TYPE_TOGGLE_ACTION            (gtk_toggle_action_get_type ())
      |                                            ~~~~~~~~~~~~~~~~~~~~~~~~~~~^~
/usr/include/glib-2.0/gobject/gtype.h:2660:70: note: in definition of macro ‘_G_TYPE_CIC’
 2660 |     ((ct*) (void *) g_type_check_instance_cast ((GTypeInstance*) ip, gt))
      |                                                                      ^~
/usr/include/gtk-3.0/gtk/deprecated/gtktoggleaction.h:41:44: note: in expansion of macro ‘G_TYPE_CHECK_INSTANCE_CAST’
   41 | #define GTK_TOGGLE_ACTION(obj)            (G_TYPE_CHECK_INSTANCE_CAST ((obj), GTK_TYPE_TOGGLE_ACTION, GtkToggleAction))
      |                                            ^~~~~~~~~~~~~~~~~~~~~~~~~~
/usr/include/gtk-3.0/gtk/deprecated/gtktoggleaction.h:41:79: note: in expansion of macro ‘GTK_TYPE_TOGGLE_ACTION’
   41 | #define GTK_TOGGLE_ACTION(obj)            (G_TYPE_CHECK_INSTANCE_CAST ((obj), GTK_TYPE_TOGGLE_ACTION, GtkToggleAction))
      |                                                                               ^~~~~~~~~~~~~~~~~~~~~~
Quiver.cpp:2478:63: note: in expansion of macro ‘GTK_TOGGLE_ACTION’
 2478 |                         (TRUE == gtk_toggle_action_get_active(GTK_TOGGLE_ACTION(action)));
      |                                                               ^~~~~~~~~~~~~~~~~
/usr/include/gtk-3.0/gtk/deprecated/gtktoggleaction.h:73:18: note: declared here
   73 | GType            gtk_toggle_action_get_type          (void) G_GNUC_CONST;
      |                  ^~~~~~~~~~~~~~~~~~~~~~~~~~
Quiver.cpp:2478:62: warning: ‘gboolean gtk_toggle_action_get_active(GtkToggleAction*)’ is deprecated [-Wdeprecated-declarations]
 2478 |                         (TRUE == gtk_toggle_action_get_active(GTK_TOGGLE_ACTION(action)));
      |                                  ~~~~~~~~~~~~~~~~~~~~~~~~~~~~^~~~~~~~~~~~~~~~~~~~~~~~~~~
/usr/include/gtk-3.0/gtk/deprecated/gtktoggleaction.h:85:18: note: declared here
   85 | gboolean         gtk_toggle_action_get_active        (GtkToggleAction *action);
      |                  ^~~~~~~~~~~~~~~~~~~~~~~~~~~~
Quiver.cpp: In function ‘void quiver_radio_action_handler_cb(GtkRadioAction*, GtkRadioAction*, gpointer)’:
/usr/include/gtk-3.0/gtk/deprecated/gtkaction.h:40:57: warning: ‘GType gtk_action_get_type()’ is deprecated [-Wdeprecated-declarations]
   40 | #define GTK_TYPE_ACTION            (gtk_action_get_type ())
      |                                     ~~~~~~~~~~~~~~~~~~~~^~
/usr/include/glib-2.0/gobject/gtype.h:2660:70: note: in definition of macro ‘_G_TYPE_CIC’
 2660 |     ((ct*) (void *) g_type_check_instance_cast ((GTypeInstance*) ip, gt))
      |                                                                      ^~
/usr/include/gtk-3.0/gtk/deprecated/gtkaction.h:41:37: note: in expansion of macro ‘G_TYPE_CHECK_INSTANCE_CAST’
   41 | #define GTK_ACTION(obj)            (G_TYPE_CHECK_INSTANCE_CAST ((obj), GTK_TYPE_ACTION, GtkAction))
      |                                     ^~~~~~~~~~~~~~~~~~~~~~~~~~
/usr/include/gtk-3.0/gtk/deprecated/gtkaction.h:41:72: note: in expansion of macro ‘GTK_TYPE_ACTION’
   41 | #define GTK_ACTION(obj)            (G_TYPE_CHECK_INSTANCE_CAST ((obj), GTK_TYPE_ACTION, GtkAction))
      |                                                                        ^~~~~~~~~~~~~~~
Quiver.cpp:2507:34: note: in expansion of macro ‘GTK_ACTION’
 2507 |         quiver_action_handler_cb(GTK_ACTION(action), user_data);
      |                                  ^~~~~~~~~~
In file included from /usr/include/gtk-3.0/gtk/deprecated/gtkactivatable.h:25,
                 from /usr/include/gtk-3.0/gtk/gtk.h:252:
/usr/include/gtk-3.0/gtk/deprecated/gtkaction.h:96:14: note: declared here
   96 | GType        gtk_action_get_type               (void) G_GNUC_CONST;
      |              ^~~~~~~~~~~~~~~~~~~
Quiver.cpp: In function ‘void quiver_action_handler_cb(GtkAction*, gpointer)’:
Quiver.cpp:2516:53: warning: ‘const gchar* gtk_action_get_name(GtkAction*)’ is deprecated [-Wdeprecated-declarations]
 2516 |         const gchar * szAction = gtk_action_get_name(action);
      |                                  ~~~~~~~~~~~~~~~~~~~^~~~~~~~
/usr/include/gtk-3.0/gtk/deprecated/gtkaction.h:103:14: note: declared here
  103 | const gchar* gtk_action_get_name               (GtkAction     *action);
      |              ^~~~~~~~~~~~~~~~~~~
/usr/include/gtk-3.0/gtk/deprecated/gtktoggleaction.h:40:71: warning: ‘GType gtk_toggle_action_get_type()’ is deprecated [-Wdeprecated-declarations]
   40 | #define GTK_TYPE_TOGGLE_ACTION            (gtk_toggle_action_get_type ())
      |                                            ~~~~~~~~~~~~~~~~~~~~~~~~~~~^~
/usr/include/glib-2.0/gobject/gtype.h:2660:70: note: in definition of macro ‘_G_TYPE_CIC’
 2660 |     ((ct*) (void *) g_type_check_instance_cast ((GTypeInstance*) ip, gt))
      |                                                                      ^~
/usr/include/gtk-3.0/gtk/deprecated/gtktoggleaction.h:41:44: note: in expansion of macro ‘G_TYPE_CHECK_INSTANCE_CAST’
   41 | #define GTK_TOGGLE_ACTION(obj)            (G_TYPE_CHECK_INSTANCE_CAST ((obj), GTK_TYPE_TOGGLE_ACTION, GtkToggleAction))
      |                                            ^~~~~~~~~~~~~~~~~~~~~~~~~~
/usr/include/gtk-3.0/gtk/deprecated/gtktoggleaction.h:41:79: note: in expansion of macro ‘GTK_TYPE_TOGGLE_ACTION’
   41 | #define GTK_TOGGLE_ACTION(obj)            (G_TYPE_CHECK_INSTANCE_CAST ((obj), GTK_TYPE_TOGGLE_ACTION, GtkToggleAction))
      |                                                                               ^~~~~~~~~~~~~~~~~~~~~~
Quiver.cpp:2565:50: note: in expansion of macro ‘GTK_TOGGLE_ACTION’
 2565 |                 if( gtk_toggle_action_get_active(GTK_TOGGLE_ACTION(action)) )
      |                                                  ^~~~~~~~~~~~~~~~~
/usr/include/gtk-3.0/gtk/deprecated/gtktoggleaction.h:73:18: note: declared here
   73 | GType            gtk_toggle_action_get_type          (void) G_GNUC_CONST;
      |                  ^~~~~~~~~~~~~~~~~~~~~~~~~~
Quiver.cpp:2565:49: warning: ‘gboolean gtk_toggle_action_get_active(GtkToggleAction*)’ is deprecated [-Wdeprecated-declarations]
 2565 |                 if( gtk_toggle_action_get_active(GTK_TOGGLE_ACTION(action)) )
      |                     ~~~~~~~~~~~~~~~~~~~~~~~~~~~~^~~~~~~~~~~~~~~~~~~~~~~~~~~
/usr/include/gtk-3.0/gtk/deprecated/gtktoggleaction.h:85:18: note: declared here
   85 | gboolean         gtk_toggle_action_get_active        (GtkToggleAction *action);
      |                  ^~~~~~~~~~~~~~~~~~~~~~~~~~~~
/usr/include/gtk-3.0/gtk/deprecated/gtktoggleaction.h:40:71: warning: ‘GType gtk_toggle_action_get_type()’ is deprecated [-Wdeprecated-declarations]
   40 | #define GTK_TYPE_TOGGLE_ACTION            (gtk_toggle_action_get_type ())
      |                                            ~~~~~~~~~~~~~~~~~~~~~~~~~~~^~
/usr/include/glib-2.0/gobject/gtype.h:2660:70: note: in definition of macro ‘_G_TYPE_CIC’
 2660 |     ((ct*) (void *) g_type_check_instance_cast ((GTypeInstance*) ip, gt))
      |                                                                      ^~
/usr/include/gtk-3.0/gtk/deprecated/gtktoggleaction.h:41:44: note: in expansion of macro ‘G_TYPE_CHECK_INSTANCE_CAST’
   41 | #define GTK_TOGGLE_ACTION(obj)            (G_TYPE_CHECK_INSTANCE_CAST ((obj), GTK_TYPE_TOGGLE_ACTION, GtkToggleAction))
      |                                            ^~~~~~~~~~~~~~~~~~~~~~~~~~
/usr/include/gtk-3.0/gtk/deprecated/gtktoggleaction.h:41:79: note: in expansion of macro ‘GTK_TYPE_TOGGLE_ACTION’
   41 | #define GTK_TOGGLE_ACTION(obj)            (G_TYPE_CHECK_INSTANCE_CAST ((obj), GTK_TYPE_TOGGLE_ACTION, GtkToggleAction))
      |                                                                               ^~~~~~~~~~~~~~~~~~~~~~
Quiver.cpp:2576:50: note: in expansion of macro ‘GTK_TOGGLE_ACTION’
 2576 |                 if( gtk_toggle_action_get_active(GTK_TOGGLE_ACTION(action)) )
      |                                                  ^~~~~~~~~~~~~~~~~
/usr/include/gtk-3.0/gtk/deprecated/gtktoggleaction.h:73:18: note: declared here
   73 | GType            gtk_toggle_action_get_type          (void) G_GNUC_CONST;
      |                  ^~~~~~~~~~~~~~~~~~~~~~~~~~
Quiver.cpp:2576:49: warning: ‘gboolean gtk_toggle_action_get_active(GtkToggleAction*)’ is deprecated [-Wdeprecated-declarations]
 2576 |                 if( gtk_toggle_action_get_active(GTK_TOGGLE_ACTION(action)) )
      |                     ~~~~~~~~~~~~~~~~~~~~~~~~~~~~^~~~~~~~~~~~~~~~~~~~~~~~~~~
/usr/include/gtk-3.0/gtk/deprecated/gtktoggleaction.h:85:18: note: declared here
   85 | gboolean         gtk_toggle_action_get_active        (GtkToggleAction *action);
      |                  ^~~~~~~~~~~~~~~~~~~~~~~~~~~~
/usr/include/gtk-3.0/gtk/deprecated/gtktoggleaction.h:40:71: warning: ‘GType gtk_toggle_action_get_type()’ is deprecated [-Wdeprecated-declarations]
   40 | #define GTK_TYPE_TOGGLE_ACTION            (gtk_toggle_action_get_type ())
      |                                            ~~~~~~~~~~~~~~~~~~~~~~~~~~~^~
/usr/include/glib-2.0/gobject/gtype.h:2660:70: note: in definition of macro ‘_G_TYPE_CIC’
 2660 |     ((ct*) (void *) g_type_check_instance_cast ((GTypeInstance*) ip, gt))
      |                                                                      ^~
/usr/include/gtk-3.0/gtk/deprecated/gtktoggleaction.h:41:44: note: in expansion of macro ‘G_TYPE_CHECK_INSTANCE_CAST’
   41 | #define GTK_TOGGLE_ACTION(obj)            (G_TYPE_CHECK_INSTANCE_CAST ((obj), GTK_TYPE_TOGGLE_ACTION, GtkToggleAction))
      |                                            ^~~~~~~~~~~~~~~~~~~~~~~~~~
/usr/include/gtk-3.0/gtk/deprecated/gtktoggleaction.h:41:79: note: in expansion of macro ‘GTK_TYPE_TOGGLE_ACTION’
   41 | #define GTK_TOGGLE_ACTION(obj)            (G_TYPE_CHECK_INSTANCE_CAST ((obj), GTK_TYPE_TOGGLE_ACTION, GtkToggleAction))
      |                                                                               ^~~~~~~~~~~~~~~~~~~~~~
Quiver.cpp:2587:50: note: in expansion of macro ‘GTK_TOGGLE_ACTION’
 2587 |                 if( gtk_toggle_action_get_active(GTK_TOGGLE_ACTION(action)) )
      |                                                  ^~~~~~~~~~~~~~~~~
/usr/include/gtk-3.0/gtk/deprecated/gtktoggleaction.h:73:18: note: declared here
   73 | GType            gtk_toggle_action_get_type          (void) G_GNUC_CONST;
      |                  ^~~~~~~~~~~~~~~~~~~~~~~~~~
Quiver.cpp:2587:49: warning: ‘gboolean gtk_toggle_action_get_active(GtkToggleAction*)’ is deprecated [-Wdeprecated-declarations]
 2587 |                 if( gtk_toggle_action_get_active(GTK_TOGGLE_ACTION(action)) )
      |                     ~~~~~~~~~~~~~~~~~~~~~~~~~~~~^~~~~~~~~~~~~~~~~~~~~~~~~~~
/usr/include/gtk-3.0/gtk/deprecated/gtktoggleaction.h:85:18: note: declared here
   85 | gboolean         gtk_toggle_action_get_active        (GtkToggleAction *action);
      |                  ^~~~~~~~~~~~~~~~~~~~~~~~~~~~
/usr/include/gtk-3.0/gtk/deprecated/gtktoggleaction.h:40:71: warning: ‘GType gtk_toggle_action_get_type()’ is deprecated [-Wdeprecated-declarations]
   40 | #define GTK_TYPE_TOGGLE_ACTION            (gtk_toggle_action_get_type ())
      |                                            ~~~~~~~~~~~~~~~~~~~~~~~~~~~^~
/usr/include/glib-2.0/gobject/gtype.h:2660:70: note: in definition of macro ‘_G_TYPE_CIC’
 2660 |     ((ct*) (void *) g_type_check_instance_cast ((GTypeInstance*) ip, gt))
      |                                                                      ^~
/usr/include/gtk-3.0/gtk/deprecated/gtktoggleaction.h:41:44: note: in expansion of macro ‘G_TYPE_CHECK_INSTANCE_CAST’
   41 | #define GTK_TOGGLE_ACTION(obj)            (G_TYPE_CHECK_INSTANCE_CAST ((obj), GTK_TYPE_TOGGLE_ACTION, GtkToggleAction))
      |                                            ^~~~~~~~~~~~~~~~~~~~~~~~~~
/usr/include/gtk-3.0/gtk/deprecated/gtktoggleaction.h:41:79: note: in expansion of macro ‘GTK_TYPE_TOGGLE_ACTION’
   41 | #define GTK_TOGGLE_ACTION(obj)            (G_TYPE_CHECK_INSTANCE_CAST ((obj), GTK_TYPE_TOGGLE_ACTION, GtkToggleAction))
      |                                                                               ^~~~~~~~~~~~~~~~~~~~~~
Quiver.cpp:2598:50: note: in expansion of macro ‘GTK_TOGGLE_ACTION’
 2598 |                 if( gtk_toggle_action_get_active(GTK_TOGGLE_ACTION(action)) )
      |                                                  ^~~~~~~~~~~~~~~~~
/usr/include/gtk-3.0/gtk/deprecated/gtktoggleaction.h:73:18: note: declared here
   73 | GType            gtk_toggle_action_get_type          (void) G_GNUC_CONST;
      |                  ^~~~~~~~~~~~~~~~~~~~~~~~~~
Quiver.cpp:2598:49: warning: ‘gboolean gtk_toggle_action_get_active(GtkToggleAction*)’ is deprecated [-Wdeprecated-declarations]
 2598 |                 if( gtk_toggle_action_get_active(GTK_TOGGLE_ACTION(action)) )
      |                     ~~~~~~~~~~~~~~~~~~~~~~~~~~~~^~~~~~~~~~~~~~~~~~~~~~~~~~~
/usr/include/gtk-3.0/gtk/deprecated/gtktoggleaction.h:85:18: note: declared here
   85 | gboolean         gtk_toggle_action_get_active        (GtkToggleAction *action);
      |                  ^~~~~~~~~~~~~~~~~~~~~~~~~~~~
/usr/include/gtk-3.0/gtk/deprecated/gtktoggleaction.h:40:71: warning: ‘GType gtk_toggle_action_get_type()’ is deprecated [-Wdeprecated-declarations]
   40 | #define GTK_TYPE_TOGGLE_ACTION            (gtk_toggle_action_get_type ())
      |                                            ~~~~~~~~~~~~~~~~~~~~~~~~~~~^~
/usr/include/glib-2.0/gobject/gtype.h:2660:70: note: in definition of macro ‘_G_TYPE_CIC’
 2660 |     ((ct*) (void *) g_type_check_instance_cast ((GTypeInstance*) ip, gt))
      |                                                                      ^~
/usr/include/gtk-3.0/gtk/deprecated/gtktoggleaction.h:41:44: note: in expansion of macro ‘G_TYPE_CHECK_INSTANCE_CAST’
   41 | #define GTK_TOGGLE_ACTION(obj)            (G_TYPE_CHECK_INSTANCE_CAST ((obj), GTK_TYPE_TOGGLE_ACTION, GtkToggleAction))
      |                                            ^~~~~~~~~~~~~~~~~~~~~~~~~~
/usr/include/gtk-3.0/gtk/deprecated/gtktoggleaction.h:41:79: note: in expansion of macro ‘GTK_TYPE_TOGGLE_ACTION’
   41 | #define GTK_TOGGLE_ACTION(obj)            (G_TYPE_CHECK_INSTANCE_CAST ((obj), GTK_TYPE_TOGGLE_ACTION, GtkToggleAction))
      |                                                                               ^~~~~~~~~~~~~~~~~~~~~~
Quiver.cpp:2650:75: note: in expansion of macro ‘GTK_TOGGLE_ACTION’
 2650 |                 pQuiver->OnSlideShow(TRUE == gtk_toggle_action_get_active(GTK_TOGGLE_ACTION(action)));
      |                                                                           ^~~~~~~~~~~~~~~~~
/usr/include/gtk-3.0/gtk/deprecated/gtktoggleaction.h:73:18: note: declared here
   73 | GType            gtk_toggle_action_get_type          (void) G_GNUC_CONST;
      |                  ^~~~~~~~~~~~~~~~~~~~~~~~~~
Quiver.cpp:2650:74: warning: ‘gboolean gtk_toggle_action_get_active(GtkToggleAction*)’ is deprecated [-Wdeprecated-declarations]
 2650 |                 pQuiver->OnSlideShow(TRUE == gtk_toggle_action_get_active(GTK_TOGGLE_ACTION(action)));
      |                                              ~~~~~~~~~~~~~~~~~~~~~~~~~~~~^~~~~~~~~~~~~~~~~~~~~~~~~~~
/usr/include/gtk-3.0/gtk/deprecated/gtktoggleaction.h:85:18: note: declared here
   85 | gboolean         gtk_toggle_action_get_active        (GtkToggleAction *action);
      |                  ^~~~~~~~~~~~~~~~~~~~~~~~~~~~
/usr/include/gtk-3.0/gtk/deprecated/gtktoggleaction.h:40:71: warning: ‘GType gtk_toggle_action_get_type()’ is deprecated [-Wdeprecated-declarations]
   40 | #define GTK_TYPE_TOGGLE_ACTION            (gtk_toggle_action_get_type ())
      |                                            ~~~~~~~~~~~~~~~~~~~~~~~~~~~^~
/usr/include/glib-2.0/gobject/gtype.h:2660:70: note: in definition of macro ‘_G_TYPE_CIC’
 2660 |     ((ct*) (void *) g_type_check_instance_cast ((GTypeInstance*) ip, gt))
      |                                                                      ^~
/usr/include/gtk-3.0/gtk/deprecated/gtktoggleaction.h:41:44: note: in expansion of macro ‘G_TYPE_CHECK_INSTANCE_CAST’
   41 | #define GTK_TOGGLE_ACTION(obj)            (G_TYPE_CHECK_INSTANCE_CAST ((obj), GTK_TYPE_TOGGLE_ACTION, GtkToggleAction))
      |                                            ^~~~~~~~~~~~~~~~~~~~~~~~~~
/usr/include/gtk-3.0/gtk/deprecated/gtktoggleaction.h:41:79: note: in expansion of macro ‘GTK_TYPE_TOGGLE_ACTION’
   41 | #define GTK_TOGGLE_ACTION(obj)            (G_TYPE_CHECK_INSTANCE_CAST ((obj), GTK_TYPE_TOGGLE_ACTION, GtkToggleAction))
      |                                                                               ^~~~~~~~~~~~~~~~~~~~~~
Quiver.cpp:2669:69: note: in expansion of macro ‘GTK_TOGGLE_ACTION’
 2669 |                 bool bAsc = ( FALSE == gtk_toggle_action_get_active(GTK_TOGGLE_ACTION(sort_desc_action)) );
      |                                                                     ^~~~~~~~~~~~~~~~~
/usr/include/gtk-3.0/gtk/deprecated/gtktoggleaction.h:73:18: note: declared here
   73 | GType            gtk_toggle_action_get_type          (void) G_GNUC_CONST;
      |                  ^~~~~~~~~~~~~~~~~~~~~~~~~~
Quiver.cpp:2669:68: warning: ‘gboolean gtk_toggle_action_get_active(GtkToggleAction*)’ is deprecated [-Wdeprecated-declarations]
 2669 |                 bool bAsc = ( FALSE == gtk_toggle_action_get_active(GTK_TOGGLE_ACTION(sort_desc_action)) );
      |                                        ~~~~~~~~~~~~~~~~~~~~~~~~~~~~^~~~~~~~~~~~~~~~~~~~~~~~~~~~~~~~~~~~~
/usr/include/gtk-3.0/gtk/deprecated/gtktoggleaction.h:85:18: note: declared here
   85 | gboolean         gtk_toggle_action_get_active        (GtkToggleAction *action);
      |                  ^~~~~~~~~~~~~~~~~~~~~~~~~~~~
/usr/include/gtk-3.0/gtk/deprecated/gtkradioaction.h:40:69: warning: ‘GType gtk_radio_action_get_type()’ is deprecated [-Wdeprecated-declarations]
   40 | #define GTK_TYPE_RADIO_ACTION            (gtk_radio_action_get_type ())
      |                                           ~~~~~~~~~~~~~~~~~~~~~~~~~~^~
/usr/include/glib-2.0/gobject/gtype.h:2660:70: note: in definition of macro ‘_G_TYPE_CIC’
 2660 |     ((ct*) (void *) g_type_check_instance_cast ((GTypeInstance*) ip, gt))
      |                                                                      ^~
/usr/include/gtk-3.0/gtk/deprecated/gtkradioaction.h:41:43: note: in expansion of macro ‘G_TYPE_CHECK_INSTANCE_CAST’
   41 | #define GTK_RADIO_ACTION(obj)            (G_TYPE_CHECK_INSTANCE_CAST ((obj), GTK_TYPE_RADIO_ACTION, GtkRadioAction))
      |                                           ^~~~~~~~~~~~~~~~~~~~~~~~~~
/usr/include/gtk-3.0/gtk/deprecated/gtkradioaction.h:41:78: note: in expansion of macro ‘GTK_TYPE_RADIO_ACTION’
   41 | #define GTK_RADIO_ACTION(obj)            (G_TYPE_CHECK_INSTANCE_CAST ((obj), GTK_TYPE_RADIO_ACTION, GtkRadioAction))
      |                                                                              ^~~~~~~~~~~~~~~~~~~~~
Quiver.cpp:2671:66: note: in expansion of macro ‘GTK_RADIO_ACTION’
 2671 |                 gint sortby = gtk_radio_action_get_current_value(GTK_RADIO_ACTION(action));
      |                                                                  ^~~~~~~~~~~~~~~~
/usr/include/gtk-3.0/gtk/deprecated/gtkradioaction.h:73:17: note: declared here
   73 | GType           gtk_radio_action_get_type          (void) G_GNUC_CONST;
      |                 ^~~~~~~~~~~~~~~~~~~~~~~~~
Quiver.cpp:2671:65: warning: ‘gint gtk_radio_action_get_current_value(GtkRadioAction*)’ is deprecated [-Wdeprecated-declarations]
 2671 |                 gint sortby = gtk_radio_action_get_current_value(GTK_RADIO_ACTION(action));
      |                               ~~~~~~~~~~~~~~~~~~~~~~~~~~~~~~~~~~^~~~~~~~~~~~~~~~~~~~~~~~~~
/usr/include/gtk-3.0/gtk/deprecated/gtkradioaction.h:89:17: note: declared here
   89 | gint            gtk_radio_action_get_current_value (GtkRadioAction        *action);
      |                 ^~~~~~~~~~~~~~~~~~~~~~~~~~~~~~~~~~
/usr/include/gtk-3.0/gtk/deprecated/gtktoggleaction.h:40:71: warning: ‘GType gtk_toggle_action_get_type()’ is deprecated [-Wdeprecated-declarations]
   40 | #define GTK_TYPE_TOGGLE_ACTION            (gtk_toggle_action_get_type ())
      |                                            ~~~~~~~~~~~~~~~~~~~~~~~~~~~^~
/usr/include/glib-2.0/gobject/gtype.h:2660:70: note: in definition of macro ‘_G_TYPE_CIC’
 2660 |     ((ct*) (void *) g_type_check_instance_cast ((GTypeInstance*) ip, gt))
      |                                                                      ^~
/usr/include/gtk-3.0/gtk/deprecated/gtktoggleaction.h:41:44: note: in expansion of macro ‘G_TYPE_CHECK_INSTANCE_CAST’
   41 | #define GTK_TOGGLE_ACTION(obj)            (G_TYPE_CHECK_INSTANCE_CAST ((obj), GTK_TYPE_TOGGLE_ACTION, GtkToggleAction))
      |                                            ^~~~~~~~~~~~~~~~~~~~~~~~~~
/usr/include/gtk-3.0/gtk/deprecated/gtktoggleaction.h:41:79: note: in expansion of macro ‘GTK_TYPE_TOGGLE_ACTION’
   41 | #define GTK_TOGGLE_ACTION(obj)            (G_TYPE_CHECK_INSTANCE_CAST ((obj), GTK_TYPE_TOGGLE_ACTION, GtkToggleAction))
      |                                                                               ^~~~~~~~~~~~~~~~~~~~~~
Quiver.cpp:2679:71: note: in expansion of macro ‘GTK_TOGGLE_ACTION’
 2679 |                                 (TRUE == gtk_toggle_action_get_active(GTK_TOGGLE_ACTION(slideshow_action)));
      |                                                                       ^~~~~~~~~~~~~~~~~
/usr/include/gtk-3.0/gtk/deprecated/gtktoggleaction.h:73:18: note: declared here
   73 | GType            gtk_toggle_action_get_type          (void) G_GNUC_CONST;
      |                  ^~~~~~~~~~~~~~~~~~~~~~~~~~
Quiver.cpp:2679:70: warning: ‘gboolean gtk_toggle_action_get_active(GtkToggleAction*)’ is deprecated [-Wdeprecated-declarations]
 2679 |                                 (TRUE == gtk_toggle_action_get_active(GTK_TOGGLE_ACTION(slideshow_action)));
      |                                          ~~~~~~~~~~~~~~~~~~~~~~~~~~~~^~~~~~~~~~~~~~~~~~~~~~~~~~~~~~~~~~~~~
/usr/include/gtk-3.0/gtk/deprecated/gtktoggleaction.h:85:18: note: declared here
   85 | gboolean         gtk_toggle_action_get_active        (GtkToggleAction *action);
      |                  ^~~~~~~~~~~~~~~~~~~~~~~~~~~~
/usr/include/gtk-3.0/gtk/deprecated/gtktoggleaction.h:40:71: warning: ‘GType gtk_toggle_action_get_type()’ is deprecated [-Wdeprecated-declarations]
   40 | #define GTK_TYPE_TOGGLE_ACTION            (gtk_toggle_action_get_type ())
      |                                            ~~~~~~~~~~~~~~~~~~~~~~~~~~~^~
/usr/include/glib-2.0/gobject/gtype.h:2660:70: note: in definition of macro ‘_G_TYPE_CIC’
 2660 |     ((ct*) (void *) g_type_check_instance_cast ((GTypeInstance*) ip, gt))
      |                                                                      ^~
/usr/include/gtk-3.0/gtk/deprecated/gtktoggleaction.h:41:44: note: in expansion of macro ‘G_TYPE_CHECK_INSTANCE_CAST’
   41 | #define GTK_TOGGLE_ACTION(obj)            (G_TYPE_CHECK_INSTANCE_CAST ((obj), GTK_TYPE_TOGGLE_ACTION, GtkToggleAction))
      |                                            ^~~~~~~~~~~~~~~~~~~~~~~~~~
/usr/include/gtk-3.0/gtk/deprecated/gtktoggleaction.h:41:79: note: in expansion of macro ‘GTK_TYPE_TOGGLE_ACTION’
   41 | #define GTK_TOGGLE_ACTION(obj)            (G_TYPE_CHECK_INSTANCE_CAST ((obj), GTK_TYPE_TOGGLE_ACTION, GtkToggleAction))
      |                                                                               ^~~~~~~~~~~~~~~~~~~~~~
Quiver.cpp:2697:68: note: in expansion of macro ‘GTK_TOGGLE_ACTION’
 2697 |                 bool bDec = ( TRUE == gtk_toggle_action_get_active(GTK_TOGGLE_ACTION(sort_desc_action)) );
      |                                                                    ^~~~~~~~~~~~~~~~~
/usr/include/gtk-3.0/gtk/deprecated/gtktoggleaction.h:73:18: note: declared here
   73 | GType            gtk_toggle_action_get_type          (void) G_GNUC_CONST;
      |                  ^~~~~~~~~~~~~~~~~~~~~~~~~~
Quiver.cpp:2697:67: warning: ‘gboolean gtk_toggle_action_get_active(GtkToggleAction*)’ is deprecated [-Wdeprecated-declarations]
 2697 |                 bool bDec = ( TRUE == gtk_toggle_action_get_active(GTK_TOGGLE_ACTION(sort_desc_action)) );
      |                                       ~~~~~~~~~~~~~~~~~~~~~~~~~~~~^~~~~~~~~~~~~~~~~~~~~~~~~~~~~~~~~~~~~
/usr/include/gtk-3.0/gtk/deprecated/gtktoggleaction.h:85:18: note: declared here
   85 | gboolean         gtk_toggle_action_get_active        (GtkToggleAction *action);
      |                  ^~~~~~~~~~~~~~~~~~~~~~~~~~~~
Quiver.cpp:2740:43: warning: comparison of integer expressions of different signedness: ‘int’ and ‘unsigned int’ [-Wsign-compare]
 2740 |                         for (int i = 0; i < tmpListPtr->GetSize(); ++i)
      |                                         ~~^~~~~~~~~~~~~~~~~~~~~~~
Quiver.cpp:2778:43: warning: comparison of integer expressions of different signedness: ‘int’ and ‘unsigned int’ [-Wsign-compare]
 2778 |                         for (int i = 0; i < tmpListPtr->GetSize(); ++i)
      |                                         ~~^~~~~~~~~~~~~~~~~~~~~~~
AdjustDateDlg.cpp: In constructor ‘AdjustDateDlg::AdjustDateDlgPriv::AdjustDateDlgPriv(AdjustDateDlg*)’:
AdjustDateDlg.cpp:151:17: warning: ISO C++ forbids converting a string constant to ‘gchar*’ {aka ‘char*’} [-Wwrite-strings]
  151 |                 "AdjustDateDialog",
      |                 ^~~~~~~~~~~~~~~~~~
AdjustDateDlg.cpp:152:17: warning: ISO C++ forbids converting a string constant to ‘gchar*’ {aka ‘char*’} [-Wwrite-strings]
  152 |                 "adjustment3",
      |                 ^~~~~~~~~~~~~
AdjustDateDlg.cpp:153:17: warning: ISO C++ forbids converting a string constant to ‘gchar*’ {aka ‘char*’} [-Wwrite-strings]
  153 |                 "adjustment4",
      |                 ^~~~~~~~~~~~~
AdjustDateDlg.cpp:154:17: warning: ISO C++ forbids converting a string constant to ‘gchar*’ {aka ‘char*’} [-Wwrite-strings]
  154 |                 "adjustment5",
      |                 ^~~~~~~~~~~~~
AdjustDateDlg.cpp:155:17: warning: ISO C++ forbids converting a string constant to ‘gchar*’ {aka ‘char*’} [-Wwrite-strings]
  155 |                 "adjustment6",
      |                 ^~~~~~~~~~~~~
AdjustDateDlg.cpp:156:17: warning: ISO C++ forbids converting a string constant to ‘gchar*’ {aka ‘char*’} [-Wwrite-strings]
  156 |                 "adjustment7",
      |                 ^~~~~~~~~~~~~
In file included from /usr/include/gtk-3.0/gtk/deprecated/gtkactiongroup.h:37,
                 from /usr/include/gtk-3.0/gtk/gtk.h:254,
                 from AdjustDateDlg.h:4,
                 from AdjustDateDlg.cpp:2:
AdjustDateDlg.cpp: In member function ‘void AdjustDateDlg::AdjustDateDlgPriv::LoadWidgets()’:
/usr/include/gtk-3.0/gtk/deprecated/gtkstock.h:756:38: warning: ‘GtkStock’ is deprecated [-Wdeprecated-declarations]
  756 | #define GTK_STOCK_OK               ((GtkStock)"gtk-ok")
      |                                      ^~~~~~~~
QuiverStockIcons.h:14:38: note: in expansion of macro ‘GTK_STOCK_OK’
   14 | #define QUIVER_STOCK_OK              GTK_STOCK_OK
      |                                      ^~~~~~~~~~~~
AdjustDateDlg.cpp:179:63: note: in expansion of macro ‘QUIVER_STOCK_OK’
  179 |         m_pButtonOK               = gtk_button_new_from_stock(QUIVER_STOCK_OK);
      |                                                               ^~~~~~~~~~~~~~~
/usr/include/gtk-3.0/gtk/deprecated/gtkstock.h:108:16: note: declared here
  108 | typedef char * GtkStock;
      |                ^~~~~~~~
AdjustDateDlg.cpp:179:62: warning: ‘GtkWidget* gtk_button_new_from_stock(const gchar*)’ is deprecated: Use 'gtk_button_new_with_label' instead [-Wdeprecated-declarations]
  179 |         m_pButtonOK               = gtk_button_new_from_stock(QUIVER_STOCK_OK);
      |                                     ~~~~~~~~~~~~~~~~~~~~~~~~~^~~~~~~~~~~~~~~~~
In file included from /usr/include/gtk-3.0/gtk/gtk.h:54:
/usr/include/gtk-3.0/gtk/gtkbutton.h:103:16: note: declared here
  103 | GtkWidget*     gtk_button_new_from_stock    (const gchar    *stock_id);
      |                ^~~~~~~~~~~~~~~~~~~~~~~~~
In file included from /usr/include/glib-2.0/gobject/gobject.h:26,
                 from /usr/include/glib-2.0/gobject/gbinding.h:31,
                 from /usr/include/glib-2.0/glib-object.h:24,
                 from /usr/include/glib-2.0/gio/gioenums.h:30,
                 from /usr/include/glib-2.0/gio/giotypes.h:30,
                 from /usr/include/glib-2.0/gio/gio.h:28,
                 from /usr/include/gtk-3.0/gdk/gdkapplaunchcontext.h:28,
                 from /usr/include/gtk-3.0/gdk/gdk.h:32,
                 from /usr/include/gtk-3.0/gtk/gtk.h:30:
AdjustDateDlg.cpp:181:67: warning: ‘GtkWidget* gtk_dialog_get_action_area(GtkDialog*)’ is deprecated [-Wdeprecated-declarations]
  181 |         gtk_container_add(GTK_CONTAINER(gtk_dialog_get_action_area(m_pDialogAdjustDate)),m_pButtonOK);
      |                                         ~~~~~~~~~~~~~~~~~~~~~~~~~~^~~~~~~~~~~~~~~~~~~~~
/usr/include/glib-2.0/gobject/gtype.h:2660:66: note: in definition of macro ‘_G_TYPE_CIC’
 2660 |     ((ct*) (void *) g_type_check_instance_cast ((GTypeInstance*) ip, gt))
      |                                                                  ^~
/usr/include/gtk-3.0/gtk/gtkcontainer.h:38:42: note: in expansion of macro ‘G_TYPE_CHECK_INSTANCE_CAST’
   38 | #define GTK_CONTAINER(obj)              (G_TYPE_CHECK_INSTANCE_CAST ((obj), GTK_TYPE_CONTAINER, GtkContainer))
      |                                          ^~~~~~~~~~~~~~~~~~~~~~~~~~
AdjustDateDlg.cpp:181:27: note: in expansion of macro ‘GTK_CONTAINER’
  181 |         gtk_container_add(GTK_CONTAINER(gtk_dialog_get_action_area(m_pDialogAdjustDate)),m_pButtonOK);
      |                           ^~~~~~~~~~~~~
In file included from /usr/include/gtk-3.0/gtk/gtkaboutdialog.h:30,
                 from /usr/include/gtk-3.0/gtk/gtk.h:31:
/usr/include/gtk-3.0/gtk/gtkdialog.h:203:13: note: declared here
  203 | GtkWidget * gtk_dialog_get_action_area  (GtkDialog *dialog);
      |             ^~~~~~~~~~~~~~~~~~~~~~~~~~
depbase=`echo AdjustDateTask.o | sed 's|[^/]*$|.deps/&|;s|\.o$||'`;\
g++ -DHAVE_CONFIG_H -I. -I..  -I.. -DPACKAGE_LOCALE_DIR=\""/usr/local/share/locale"\" -DPACKAGE_SRC_DIR=\""."\" -DPACKAGE_DATA_DIR=\""/usr/local/share"\" -DQUIVER_DATADIR=\""/app/data"\" -I/usr/include/gtk-3.0 -I/usr/include/pango-1.0 -I/usr/include/glib-2.0 -I/usr/lib/x86_64-linux-gnu/glib-2.0/include -I/usr/include/harfbuzz -I/usr/include/freetype2 -I/usr/include/libpng16 -I/usr/include/libmount -I/usr/include/blkid -I/usr/include/fribidi -I/usr/include/cairo -I/usr/include/pixman-1 -I/usr/include/gdk-pixbuf-2.0 -I/usr/include/x86_64-linux-gnu -I/usr/include/webp -I/usr/include/gio-unix-2.0 -I/usr/include/atk-1.0 -I/usr/include/at-spi2-atk/2.0 -I/usr/include/at-spi-2.0 -I/usr/include/dbus-1.0 -I/usr/lib/x86_64-linux-gnu/dbus-1.0/include -pthread        -I/usr/include   -I/usr/include/gstreamer-1.0 -I/usr/include/glib-2.0 -I/usr/lib/x86_64-linux-gnu/glib-2.0/include -I/usr/include/x86_64-linux-gnu -I/usr/include/orc-0.4 -pthread  -Wall    -Wincompatible-pointer-types -Werror=incompatible-pointer-types -Werror=int-conversion -Werror=implicit-function-declaration -Wwrite-strings -MT AdjustDateTask.o -MD -MP -MF $depbase.Tpo -c -o AdjustDateTask.o AdjustDateTask.cpp &&\
mv -f $depbase.Tpo $depbase.Po
cc1plus: warning: command-line option ‘-Wincompatible-pointer-types’ is valid for C/ObjC but not for C++
cc1plus: warning: ‘-Werror=’ argument ‘-Werror=incompatible-pointer-types’ is not valid for C++
cc1plus: warning: ‘-Werror=’ argument ‘-Werror=int-conversion’ is not valid for C++
cc1plus: warning: ‘-Werror=’ argument ‘-Werror=implicit-function-declaration’ is not valid for C++
Quiver.cpp: At global scope:
Quiver.cpp:2210:17: warning: ‘gboolean timeout_keep_screen_on(gpointer)’ defined but not used [-Wunused-function]
 2210 | static gboolean timeout_keep_screen_on (gpointer data)
      |                 ^~~~~~~~~~~~~~~~~~~~~~
Quiver.cpp:1642:17: warning: ‘gboolean DestroyQuiver(gpointer)’ defined but not used [-Wunused-function]
 1642 | static gboolean DestroyQuiver (gpointer data)
      |                 ^~~~~~~~~~~~~
depbase=`echo BookmarksEventSource.o | sed 's|[^/]*$|.deps/&|;s|\.o$||'`;\
g++ -DHAVE_CONFIG_H -I. -I..  -I.. -DPACKAGE_LOCALE_DIR=\""/usr/local/share/locale"\" -DPACKAGE_SRC_DIR=\""."\" -DPACKAGE_DATA_DIR=\""/usr/local/share"\" -DQUIVER_DATADIR=\""/app/data"\" -I/usr/include/gtk-3.0 -I/usr/include/pango-1.0 -I/usr/include/glib-2.0 -I/usr/lib/x86_64-linux-gnu/glib-2.0/include -I/usr/include/harfbuzz -I/usr/include/freetype2 -I/usr/include/libpng16 -I/usr/include/libmount -I/usr/include/blkid -I/usr/include/fribidi -I/usr/include/cairo -I/usr/include/pixman-1 -I/usr/include/gdk-pixbuf-2.0 -I/usr/include/x86_64-linux-gnu -I/usr/include/webp -I/usr/include/gio-unix-2.0 -I/usr/include/atk-1.0 -I/usr/include/at-spi2-atk/2.0 -I/usr/include/at-spi-2.0 -I/usr/include/dbus-1.0 -I/usr/lib/x86_64-linux-gnu/dbus-1.0/include -pthread        -I/usr/include   -I/usr/include/gstreamer-1.0 -I/usr/include/glib-2.0 -I/usr/lib/x86_64-linux-gnu/glib-2.0/include -I/usr/include/x86_64-linux-gnu -I/usr/include/orc-0.4 -pthread  -Wall    -Wincompatible-pointer-types -Werror=incompatible-pointer-types -Werror=int-conversion -Werror=implicit-function-declaration -Wwrite-strings -MT BookmarksEventSource.o -MD -MP -MF $depbase.Tpo -c -o BookmarksEventSource.o BookmarksEventSource.cpp &&\
mv -f $depbase.Tpo $depbase.Po
cc1plus: warning: command-line option ‘-Wincompatible-pointer-types’ is valid for C/ObjC but not for C++
cc1plus: warning: ‘-Werror=’ argument ‘-Werror=incompatible-pointer-types’ is not valid for C++
cc1plus: warning: ‘-Werror=’ argument ‘-Werror=int-conversion’ is not valid for C++
cc1plus: warning: ‘-Werror=’ argument ‘-Werror=implicit-function-declaration’ is not valid for C++
depbase=`echo BookmarksDlg.o | sed 's|[^/]*$|.deps/&|;s|\.o$||'`;\
g++ -DHAVE_CONFIG_H -I. -I..  -I.. -DPACKAGE_LOCALE_DIR=\""/usr/local/share/locale"\" -DPACKAGE_SRC_DIR=\""."\" -DPACKAGE_DATA_DIR=\""/usr/local/share"\" -DQUIVER_DATADIR=\""/app/data"\" -I/usr/include/gtk-3.0 -I/usr/include/pango-1.0 -I/usr/include/glib-2.0 -I/usr/lib/x86_64-linux-gnu/glib-2.0/include -I/usr/include/harfbuzz -I/usr/include/freetype2 -I/usr/include/libpng16 -I/usr/include/libmount -I/usr/include/blkid -I/usr/include/fribidi -I/usr/include/cairo -I/usr/include/pixman-1 -I/usr/include/gdk-pixbuf-2.0 -I/usr/include/x86_64-linux-gnu -I/usr/include/webp -I/usr/include/gio-unix-2.0 -I/usr/include/atk-1.0 -I/usr/include/at-spi2-atk/2.0 -I/usr/include/at-spi-2.0 -I/usr/include/dbus-1.0 -I/usr/lib/x86_64-linux-gnu/dbus-1.0/include -pthread        -I/usr/include   -I/usr/include/gstreamer-1.0 -I/usr/include/glib-2.0 -I/usr/lib/x86_64-linux-gnu/glib-2.0/include -I/usr/include/x86_64-linux-gnu -I/usr/include/orc-0.4 -pthread  -Wall    -Wincompatible-pointer-types -Werror=incompatible-pointer-types -Werror=int-conversion -Werror=implicit-function-declaration -Wwrite-strings -MT BookmarksDlg.o -MD -MP -MF $depbase.Tpo -c -o BookmarksDlg.o BookmarksDlg.cpp &&\
mv -f $depbase.Tpo $depbase.Po
cc1plus: warning: command-line option ‘-Wincompatible-pointer-types’ is valid for C/ObjC but not for C++
cc1plus: warning: ‘-Werror=’ argument ‘-Werror=incompatible-pointer-types’ is not valid for C++
cc1plus: warning: ‘-Werror=’ argument ‘-Werror=int-conversion’ is not valid for C++
cc1plus: warning: ‘-Werror=’ argument ‘-Werror=implicit-function-declaration’ is not valid for C++
depbase=`echo BookmarkAddEditDlg.o | sed 's|[^/]*$|.deps/&|;s|\.o$||'`;\
g++ -DHAVE_CONFIG_H -I. -I..  -I.. -DPACKAGE_LOCALE_DIR=\""/usr/local/share/locale"\" -DPACKAGE_SRC_DIR=\""."\" -DPACKAGE_DATA_DIR=\""/usr/local/share"\" -DQUIVER_DATADIR=\""/app/data"\" -I/usr/include/gtk-3.0 -I/usr/include/pango-1.0 -I/usr/include/glib-2.0 -I/usr/lib/x86_64-linux-gnu/glib-2.0/include -I/usr/include/harfbuzz -I/usr/include/freetype2 -I/usr/include/libpng16 -I/usr/include/libmount -I/usr/include/blkid -I/usr/include/fribidi -I/usr/include/cairo -I/usr/include/pixman-1 -I/usr/include/gdk-pixbuf-2.0 -I/usr/include/x86_64-linux-gnu -I/usr/include/webp -I/usr/include/gio-unix-2.0 -I/usr/include/atk-1.0 -I/usr/include/at-spi2-atk/2.0 -I/usr/include/at-spi-2.0 -I/usr/include/dbus-1.0 -I/usr/lib/x86_64-linux-gnu/dbus-1.0/include -pthread        -I/usr/include   -I/usr/include/gstreamer-1.0 -I/usr/include/glib-2.0 -I/usr/lib/x86_64-linux-gnu/glib-2.0/include -I/usr/include/x86_64-linux-gnu -I/usr/include/orc-0.4 -pthread  -Wall    -Wincompatible-pointer-types -Werror=incompatible-pointer-types -Werror=int-conversion -Werror=implicit-function-declaration -Wwrite-strings -MT BookmarkAddEditDlg.o -MD -MP -MF $depbase.Tpo -c -o BookmarkAddEditDlg.o BookmarkAddEditDlg.cpp &&\
mv -f $depbase.Tpo $depbase.Po
cc1plus: warning: command-line option ‘-Wincompatible-pointer-types’ is valid for C/ObjC but not for C++
cc1plus: warning: ‘-Werror=’ argument ‘-Werror=incompatible-pointer-types’ is not valid for C++
cc1plus: warning: ‘-Werror=’ argument ‘-Werror=int-conversion’ is not valid for C++
cc1plus: warning: ‘-Werror=’ argument ‘-Werror=implicit-function-declaration’ is not valid for C++
In file included from /usr/include/boost/smart_ptr/detail/requires_cxx11.hpp:9,
                 from /usr/include/boost/smart_ptr/shared_ptr.hpp:17,
                 from /usr/include/boost/shared_ptr.hpp:17,
                 from AbstractTask.h:4,
                 from AdjustDateTask.h:4,
                 from AdjustDateTask.cpp:1:
/usr/include/boost/bind.hpp:36:1: note: ‘#pragma message: The practice of declaring the Bind placeholders (_1, _2, ...) in the global namespace is deprecated. Please use <boost/bind/bind.hpp> + using namespace boost::placeholders, or define BOOST_BIND_GLOBAL_PLACEHOLDERS to retain the current behavior.’
   36 | BOOST_PRAGMA_MESSAGE(
      | ^~~~~~~~~~~~~~~~~~~~
AdjustDateTask.cpp: In member function ‘virtual void AdjustDateTask::Run()’:
AdjustDateTask.cpp:244:39: warning: comparison of integer expressions of different signedness: ‘int’ and ‘std::vector<QuiverFile>::size_type’ {aka ‘long unsigned int’} [-Wsign-compare]
  244 |                 while (m_iCurrentFile < m_vectQuiverFiles.size() )
      |                        ~~~~~~~~~~~~~~~^~~~~~~~~~~~~~~~~~~~~~~~~~
AdjustDateTask.cpp:250:34: warning: ‘GTimeVal’ is deprecated: Use 'GDateTime' instead [-Wdeprecated-declarations]
  250 |                         GTimeVal tv = {0};
      |                                  ^~
In file included from /usr/include/glib-2.0/glib/galloca.h:34,
                 from /usr/include/glib-2.0/glib.h:32,
                 from /usr/include/glib-2.0/gobject/gbinding.h:30,
                 from /usr/include/glib-2.0/glib-object.h:24,
                 from /usr/include/glib-2.0/gio/gioenums.h:30,
                 from /usr/include/glib-2.0/gio/giotypes.h:30,
                 from /usr/include/glib-2.0/gio/gio.h:28,
                 from QuiverFile.h:7,
                 from AdjustDateTask.h:5:
/usr/include/glib-2.0/glib/gtypes.h:578:26: note: declared here
  578 | typedef struct _GTimeVal GTimeVal GLIB_DEPRECATED_TYPE_IN_2_62_FOR(GDateTime);
      |                          ^~~~~~~~
AdjustDateTask.cpp:254:66: warning: ‘void g_file_info_get_modification_time(GFileInfo*, GTimeVal*)’ is deprecated: Use 'g_file_info_get_modification_date_time' instead [-Wdeprecated-declarations]
  254 |                                 g_file_info_get_modification_time(pInfo, &tv);
      |                                 ~~~~~~~~~~~~~~~~~~~~~~~~~~~~~~~~~^~~~~~~~~~~~
In file included from /usr/include/glib-2.0/gio/gio.h:85:
/usr/include/glib-2.0/gio/gfileinfo.h:1438:19: note: declared here
 1438 | void              g_file_info_get_modification_time  (GFileInfo         *info,
      |                   ^~~~~~~~~~~~~~~~~~~~~~~~~~~~~~~~~
AdjustDateTask.cpp:267:40: warning: variable ‘date’ set but not used [-Wunused-but-set-variable]
  267 |                                 time_t date = 0;
      |                                        ^~~~
AdjustDateTask.cpp:350:98: warning: ‘GDateTime* g_date_time_new_from_timeval_local(const GTimeVal*)’ is deprecated: Use 'g_date_time_new_from_unix_local' instead [-Wdeprecated-declarations]
  350 |                                         GDateTime* pDateTime = g_date_time_new_from_timeval_local(&tv);
      |                                                                ~~~~~~~~~~~~~~~~~~~~~~~~~~~~~~~~~~^~~~~
In file included from /usr/include/glib-2.0/glib/gbookmarkfile.h:28,
                 from /usr/include/glib-2.0/glib.h:39:
/usr/include/glib-2.0/glib/gdatetime.h:148:25: note: declared here
  148 | GDateTime *             g_date_time_new_from_timeval_local              (const GTimeVal *tv);
      |                         ^~~~~~~~~~~~~~~~~~~~~~~~~~~~~~~~~~
AdjustDateTask.cpp:367:63: warning: ‘gboolean g_date_time_to_timeval(GDateTime*, GTimeVal*)’ is deprecated: Use 'g_date_time_to_unix' instead [-Wdeprecated-declarations]
  367 |                                         g_date_time_to_timeval(pDateTimeNew, &tv);
      |                                         ~~~~~~~~~~~~~~~~~~~~~~^~~~~~~~~~~~~~~~~~~
/usr/include/glib-2.0/glib/gdatetime.h:278:25: note: declared here
  278 | gboolean                g_date_time_to_timeval                          (GDateTime      *datetime,
      |                         ^~~~~~~~~~~~~~~~~~~~~~
AdjustDateTask.cpp:368:74: warning: ‘void g_file_info_set_modification_time(GFileInfo*, GTimeVal*)’ is deprecated: Use 'g_file_info_set_modification_date_time' instead [-Wdeprecated-declarations]
  368 |                                         g_file_info_set_modification_time(pInfo, &tv);
      |                                         ~~~~~~~~~~~~~~~~~~~~~~~~~~~~~~~~~^~~~~~~~~~~~
/usr/include/glib-2.0/gio/gfileinfo.h:1493:19: note: declared here
 1493 | void              g_file_info_set_modification_time  (GFileInfo         *info,
      |                   ^~~~~~~~~~~~~~~~~~~~~~~~~~~~~~~~~
In file included from /usr/include/boost/function/detail/requires_cxx11.hpp:9,
                 from /usr/include/boost/function/detail/prologue.hpp:12,
                 from /usr/include/boost/function.hpp:30,
                 from /usr/include/boost/signals2/signal.hpp:19,
                 from AbstractEventSource.h:5,
                 from BookmarksEventSource.h:4,
                 from BookmarksEventSource.cpp:1:
/usr/include/boost/bind.hpp:36:1: note: ‘#pragma message: The practice of declaring the Bind placeholders (_1, _2, ...) in the global namespace is deprecated. Please use <boost/bind/bind.hpp> + using namespace boost::placeholders, or define BOOST_BIND_GLOBAL_PLACEHOLDERS to retain the current behavior.’
   36 | BOOST_PRAGMA_MESSAGE(
      | ^~~~~~~~~~~~~~~~~~~~
depbase=`echo Bookmarks.o | sed 's|[^/]*$|.deps/&|;s|\.o$||'`;\
g++ -DHAVE_CONFIG_H -I. -I..  -I.. -DPACKAGE_LOCALE_DIR=\""/usr/local/share/locale"\" -DPACKAGE_SRC_DIR=\""."\" -DPACKAGE_DATA_DIR=\""/usr/local/share"\" -DQUIVER_DATADIR=\""/app/data"\" -I/usr/include/gtk-3.0 -I/usr/include/pango-1.0 -I/usr/include/glib-2.0 -I/usr/lib/x86_64-linux-gnu/glib-2.0/include -I/usr/include/harfbuzz -I/usr/include/freetype2 -I/usr/include/libpng16 -I/usr/include/libmount -I/usr/include/blkid -I/usr/include/fribidi -I/usr/include/cairo -I/usr/include/pixman-1 -I/usr/include/gdk-pixbuf-2.0 -I/usr/include/x86_64-linux-gnu -I/usr/include/webp -I/usr/include/gio-unix-2.0 -I/usr/include/atk-1.0 -I/usr/include/at-spi2-atk/2.0 -I/usr/include/at-spi-2.0 -I/usr/include/dbus-1.0 -I/usr/lib/x86_64-linux-gnu/dbus-1.0/include -pthread        -I/usr/include   -I/usr/include/gstreamer-1.0 -I/usr/include/glib-2.0 -I/usr/lib/x86_64-linux-gnu/glib-2.0/include -I/usr/include/x86_64-linux-gnu -I/usr/include/orc-0.4 -pthread  -Wall    -Wincompatible-pointer-types -Werror=incompatible-pointer-types -Werror=int-conversion -Werror=implicit-function-declaration -Wwrite-strings -MT Bookmarks.o -MD -MP -MF $depbase.Tpo -c -o Bookmarks.o Bookmarks.cpp &&\
mv -f $depbase.Tpo $depbase.Po
cc1plus: warning: command-line option ‘-Wincompatible-pointer-types’ is valid for C/ObjC but not for C++
cc1plus: warning: ‘-Werror=’ argument ‘-Werror=incompatible-pointer-types’ is not valid for C++
cc1plus: warning: ‘-Werror=’ argument ‘-Werror=int-conversion’ is not valid for C++
cc1plus: warning: ‘-Werror=’ argument ‘-Werror=implicit-function-declaration’ is not valid for C++
In file included from /usr/include/boost/smart_ptr/detail/requires_cxx11.hpp:9,
                 from /usr/include/boost/smart_ptr/shared_ptr.hpp:17,
                 from /usr/include/boost/shared_ptr.hpp:17,
                 from BookmarksDlg.h:6,
                 from BookmarksDlg.cpp:3:
/usr/include/boost/bind.hpp:36:1: note: ‘#pragma message: The practice of declaring the Bind placeholders (_1, _2, ...) in the global namespace is deprecated. Please use <boost/bind/bind.hpp> + using namespace boost::placeholders, or define BOOST_BIND_GLOBAL_PLACEHOLDERS to retain the current behavior.’
   36 | BOOST_PRAGMA_MESSAGE(
      | ^~~~~~~~~~~~~~~~~~~~
BookmarksDlg.cpp: In constructor ‘BookmarksDlg::BookmarksDlgPriv::BookmarksDlgPriv(BookmarksDlg*)’:
BookmarksDlg.cpp:108:17: warning: ISO C++ forbids converting a string constant to ‘gchar*’ {aka ‘char*’} [-Wwrite-strings]
  108 |                 "BookmarksDialog", NULL};
      |                 ^~~~~~~~~~~~~~~~~
In file included from /usr/include/glib-2.0/gobject/gobject.h:26,
                 from /usr/include/glib-2.0/gobject/gbinding.h:31,
                 from /usr/include/glib-2.0/glib-object.h:24,
                 from /usr/include/glib-2.0/gio/gioenums.h:30,
                 from /usr/include/glib-2.0/gio/giotypes.h:30,
                 from /usr/include/glib-2.0/gio/gio.h:28,
                 from /usr/include/gtk-3.0/gdk/gdkapplaunchcontext.h:28,
                 from /usr/include/gtk-3.0/gdk/gdk.h:32,
                 from /usr/include/gtk-3.0/gtk/gtk.h:30,
                 from BookmarksDlg.h:4:
BookmarksDlg.cpp: In member function ‘void BookmarksDlg::BookmarksDlgPriv::LoadWidgets()’:
/usr/include/gtk-3.0/gtk/deprecated/gtkstock.h:197:38: warning: ‘GtkStock’ is deprecated [-Wdeprecated-declarations]
  197 | #define GTK_STOCK_CLOSE            ((GtkStock)"gtk-close")
      |                                      ^~~~~~~~
/usr/include/glib-2.0/gobject/gtype.h:2660:66: note: in definition of macro ‘_G_TYPE_CIC’
 2660 |     ((ct*) (void *) g_type_check_instance_cast ((GTypeInstance*) ip, gt))
      |                                                                  ^~
/usr/include/gtk-3.0/gtk/gtkbutton.h:40:42: note: in expansion of macro ‘G_TYPE_CHECK_INSTANCE_CAST’
   40 | #define GTK_BUTTON(obj)                 (G_TYPE_CHECK_INSTANCE_CAST ((obj), GTK_TYPE_BUTTON, GtkButton))
      |                                          ^~~~~~~~~~~~~~~~~~~~~~~~~~
BookmarksDlg.cpp:134:44: note: in expansion of macro ‘GTK_BUTTON’
  134 |                 m_pButtonClose           = GTK_BUTTON( gtk_button_new_from_stock(QUIVER_STOCK_CLOSE) );
      |                                            ^~~~~~~~~~
QuiverStockIcons.h:21:38: note: in expansion of macro ‘GTK_STOCK_CLOSE’
   21 | #define QUIVER_STOCK_CLOSE           GTK_STOCK_CLOSE
      |                                      ^~~~~~~~~~~~~~~
BookmarksDlg.cpp:134:82: note: in expansion of macro ‘QUIVER_STOCK_CLOSE’
  134 |                 m_pButtonClose           = GTK_BUTTON( gtk_button_new_from_stock(QUIVER_STOCK_CLOSE) );
      |                                                                                  ^~~~~~~~~~~~~~~~~~
In file included from /usr/include/gtk-3.0/gtk/deprecated/gtkactiongroup.h:37,
                 from /usr/include/gtk-3.0/gtk/gtk.h:254:
/usr/include/gtk-3.0/gtk/deprecated/gtkstock.h:108:16: note: declared here
  108 | typedef char * GtkStock;
      |                ^~~~~~~~
BookmarksDlg.cpp:134:81: warning: ‘GtkWidget* gtk_button_new_from_stock(const gchar*)’ is deprecated: Use 'gtk_button_new_with_label' instead [-Wdeprecated-declarations]
  134 |                 m_pButtonClose           = GTK_BUTTON( gtk_button_new_from_stock(QUIVER_STOCK_CLOSE) );
      |                                                        ~~~~~~~~~~~~~~~~~~~~~~~~~^~~~~~~~~~~~~~~~~~~~
/usr/include/glib-2.0/gobject/gtype.h:2660:66: note: in definition of macro ‘_G_TYPE_CIC’
 2660 |     ((ct*) (void *) g_type_check_instance_cast ((GTypeInstance*) ip, gt))
      |                                                                  ^~
/usr/include/gtk-3.0/gtk/gtkbutton.h:40:42: note: in expansion of macro ‘G_TYPE_CHECK_INSTANCE_CAST’
   40 | #define GTK_BUTTON(obj)                 (G_TYPE_CHECK_INSTANCE_CAST ((obj), GTK_TYPE_BUTTON, GtkButton))
      |                                          ^~~~~~~~~~~~~~~~~~~~~~~~~~
BookmarksDlg.cpp:134:44: note: in expansion of macro ‘GTK_BUTTON’
  134 |                 m_pButtonClose           = GTK_BUTTON( gtk_button_new_from_stock(QUIVER_STOCK_CLOSE) );
      |                                            ^~~~~~~~~~
In file included from /usr/include/gtk-3.0/gtk/gtk.h:54:
/usr/include/gtk-3.0/gtk/gtkbutton.h:103:16: note: declared here
  103 | GtkWidget*     gtk_button_new_from_stock    (const gchar    *stock_id);
      |                ^~~~~~~~~~~~~~~~~~~~~~~~~
BookmarksDlg.cpp:154:78: warning: ‘GtkWidget* gtk_dialog_get_action_area(GtkDialog*)’ is deprecated [-Wdeprecated-declarations]
  154 |                         gtk_box_pack_start(GTK_BOX(gtk_dialog_get_action_area(GTK_DIALOG(m_pWidget))),GTK_WIDGET(m_pButtonClose),FALSE,TRUE,5);
      |                                                    ~~~~~~~~~~~~~~~~~~~~~~~~~~^~~~~~~~~~~~~~~~~~~~~~~
/usr/include/glib-2.0/gobject/gtype.h:2660:66: note: in definition of macro ‘_G_TYPE_CIC’
 2660 |     ((ct*) (void *) g_type_check_instance_cast ((GTypeInstance*) ip, gt))
      |                                                                  ^~
/usr/include/gtk-3.0/gtk/gtkbox.h:40:34: note: in expansion of macro ‘G_TYPE_CHECK_INSTANCE_CAST’
   40 | #define GTK_BOX(obj)            (G_TYPE_CHECK_INSTANCE_CAST ((obj), GTK_TYPE_BOX, GtkBox))
      |                                  ^~~~~~~~~~~~~~~~~~~~~~~~~~
BookmarksDlg.cpp:154:44: note: in expansion of macro ‘GTK_BOX’
  154 |                         gtk_box_pack_start(GTK_BOX(gtk_dialog_get_action_area(GTK_DIALOG(m_pWidget))),GTK_WIDGET(m_pButtonClose),FALSE,TRUE,5);
      |                                            ^~~~~~~
In file included from /usr/include/gtk-3.0/gtk/gtkaboutdialog.h:30,
                 from /usr/include/gtk-3.0/gtk/gtk.h:31:
/usr/include/gtk-3.0/gtk/gtkdialog.h:203:13: note: declared here
  203 | GtkWidget * gtk_dialog_get_action_area  (GtkDialog *dialog);
      |             ^~~~~~~~~~~~~~~~~~~~~~~~~~
depbase=`echo BrowserHistory.o | sed 's|[^/]*$|.deps/&|;s|\.o$||'`;\
g++ -DHAVE_CONFIG_H -I. -I..  -I.. -DPACKAGE_LOCALE_DIR=\""/usr/local/share/locale"\" -DPACKAGE_SRC_DIR=\""."\" -DPACKAGE_DATA_DIR=\""/usr/local/share"\" -DQUIVER_DATADIR=\""/app/data"\" -I/usr/include/gtk-3.0 -I/usr/include/pango-1.0 -I/usr/include/glib-2.0 -I/usr/lib/x86_64-linux-gnu/glib-2.0/include -I/usr/include/harfbuzz -I/usr/include/freetype2 -I/usr/include/libpng16 -I/usr/include/libmount -I/usr/include/blkid -I/usr/include/fribidi -I/usr/include/cairo -I/usr/include/pixman-1 -I/usr/include/gdk-pixbuf-2.0 -I/usr/include/x86_64-linux-gnu -I/usr/include/webp -I/usr/include/gio-unix-2.0 -I/usr/include/atk-1.0 -I/usr/include/at-spi2-atk/2.0 -I/usr/include/at-spi-2.0 -I/usr/include/dbus-1.0 -I/usr/lib/x86_64-linux-gnu/dbus-1.0/include -pthread        -I/usr/include   -I/usr/include/gstreamer-1.0 -I/usr/include/glib-2.0 -I/usr/lib/x86_64-linux-gnu/glib-2.0/include -I/usr/include/x86_64-linux-gnu -I/usr/include/orc-0.4 -pthread  -Wall    -Wincompatible-pointer-types -Werror=incompatible-pointer-types -Werror=int-conversion -Werror=implicit-function-declaration -Wwrite-strings -MT BrowserHistory.o -MD -MP -MF $depbase.Tpo -c -o BrowserHistory.o BrowserHistory.cpp &&\
mv -f $depbase.Tpo $depbase.Po
cc1plus: warning: command-line option ‘-Wincompatible-pointer-types’ is valid for C/ObjC but not for C++
cc1plus: warning: ‘-Werror=’ argument ‘-Werror=incompatible-pointer-types’ is not valid for C++
cc1plus: warning: ‘-Werror=’ argument ‘-Werror=int-conversion’ is not valid for C++
cc1plus: warning: ‘-Werror=’ argument ‘-Werror=implicit-function-declaration’ is not valid for C++
In file included from /usr/include/boost/smart_ptr/detail/requires_cxx11.hpp:9,
                 from /usr/include/boost/smart_ptr/shared_ptr.hpp:17,
                 from /usr/include/boost/shared_ptr.hpp:17,
                 from BookmarkAddEditDlg.h:6,
                 from BookmarkAddEditDlg.cpp:3:
/usr/include/boost/bind.hpp:36:1: note: ‘#pragma message: The practice of declaring the Bind placeholders (_1, _2, ...) in the global namespace is deprecated. Please use <boost/bind/bind.hpp> + using namespace boost::placeholders, or define BOOST_BIND_GLOBAL_PLACEHOLDERS to retain the current behavior.’
   36 | BOOST_PRAGMA_MESSAGE(
      | ^~~~~~~~~~~~~~~~~~~~
depbase=`echo DonateDlg.o | sed 's|[^/]*$|.deps/&|;s|\.o$||'`;\
g++ -DHAVE_CONFIG_H -I. -I..  -I.. -DPACKAGE_LOCALE_DIR=\""/usr/local/share/locale"\" -DPACKAGE_SRC_DIR=\""."\" -DPACKAGE_DATA_DIR=\""/usr/local/share"\" -DQUIVER_DATADIR=\""/app/data"\" -I/usr/include/gtk-3.0 -I/usr/include/pango-1.0 -I/usr/include/glib-2.0 -I/usr/lib/x86_64-linux-gnu/glib-2.0/include -I/usr/include/harfbuzz -I/usr/include/freetype2 -I/usr/include/libpng16 -I/usr/include/libmount -I/usr/include/blkid -I/usr/include/fribidi -I/usr/include/cairo -I/usr/include/pixman-1 -I/usr/include/gdk-pixbuf-2.0 -I/usr/include/x86_64-linux-gnu -I/usr/include/webp -I/usr/include/gio-unix-2.0 -I/usr/include/atk-1.0 -I/usr/include/at-spi2-atk/2.0 -I/usr/include/at-spi-2.0 -I/usr/include/dbus-1.0 -I/usr/lib/x86_64-linux-gnu/dbus-1.0/include -pthread        -I/usr/include   -I/usr/include/gstreamer-1.0 -I/usr/include/glib-2.0 -I/usr/lib/x86_64-linux-gnu/glib-2.0/include -I/usr/include/x86_64-linux-gnu -I/usr/include/orc-0.4 -pthread  -Wall    -Wincompatible-pointer-types -Werror=incompatible-pointer-types -Werror=int-conversion -Werror=implicit-function-declaration -Wwrite-strings -MT DonateDlg.o -MD -MP -MF $depbase.Tpo -c -o DonateDlg.o DonateDlg.cpp &&\
mv -f $depbase.Tpo $depbase.Po
cc1plus: warning: command-line option ‘-Wincompatible-pointer-types’ is valid for C/ObjC but not for C++
cc1plus: warning: ‘-Werror=’ argument ‘-Werror=incompatible-pointer-types’ is not valid for C++
cc1plus: warning: ‘-Werror=’ argument ‘-Werror=int-conversion’ is not valid for C++
cc1plus: warning: ‘-Werror=’ argument ‘-Werror=implicit-function-declaration’ is not valid for C++
BookmarkAddEditDlg.cpp: In constructor ‘BookmarkAddEditDlg::BookmarkAddEditDlgPriv::BookmarkAddEditDlgPriv(Bookmark, BookmarkAddEditDlg*)’:
BookmarkAddEditDlg.cpp:130:17: warning: ISO C++ forbids converting a string constant to ‘gchar*’ {aka ‘char*’} [-Wwrite-strings]
  130 |                 "BookmarkAddEditDialog",
      |                 ^~~~~~~~~~~~~~~~~~~~~~~
In file included from /usr/include/glib-2.0/gobject/gobject.h:26,
                 from /usr/include/glib-2.0/gobject/gbinding.h:31,
                 from /usr/include/glib-2.0/glib-object.h:24,
                 from /usr/include/glib-2.0/gio/gioenums.h:30,
                 from /usr/include/glib-2.0/gio/giotypes.h:30,
                 from /usr/include/glib-2.0/gio/gio.h:28,
                 from /usr/include/gtk-3.0/gdk/gdkapplaunchcontext.h:28,
                 from /usr/include/gtk-3.0/gdk/gdk.h:32,
                 from /usr/include/gtk-3.0/gtk/gtk.h:30,
                 from BookmarkAddEditDlg.h:4:
BookmarkAddEditDlg.cpp: In member function ‘void BookmarkAddEditDlg::BookmarkAddEditDlgPriv::LoadWidgets()’:
/usr/include/gtk-3.0/gtk/deprecated/gtkstock.h:159:38: warning: ‘GtkStock’ is deprecated [-Wdeprecated-declarations]
  159 | #define GTK_STOCK_CANCEL           ((GtkStock)"gtk-cancel")
      |                                      ^~~~~~~~
/usr/include/glib-2.0/gobject/gtype.h:2660:66: note: in definition of macro ‘_G_TYPE_CIC’
 2660 |     ((ct*) (void *) g_type_check_instance_cast ((GTypeInstance*) ip, gt))
      |                                                                  ^~
/usr/include/gtk-3.0/gtk/gtkbutton.h:40:42: note: in expansion of macro ‘G_TYPE_CHECK_INSTANCE_CAST’
   40 | #define GTK_BUTTON(obj)                 (G_TYPE_CHECK_INSTANCE_CAST ((obj), GTK_TYPE_BUTTON, GtkButton))
      |                                          ^~~~~~~~~~~~~~~~~~~~~~~~~~
BookmarkAddEditDlg.cpp:157:44: note: in expansion of macro ‘GTK_BUTTON’
  157 |                 m_pButtonCancel          = GTK_BUTTON( gtk_button_new_from_stock(QUIVER_STOCK_CANCEL) );
      |                                            ^~~~~~~~~~
QuiverStockIcons.h:15:38: note: in expansion of macro ‘GTK_STOCK_CANCEL’
   15 | #define QUIVER_STOCK_CANCEL          GTK_STOCK_CANCEL
      |                                      ^~~~~~~~~~~~~~~~
BookmarkAddEditDlg.cpp:157:82: note: in expansion of macro ‘QUIVER_STOCK_CANCEL’
  157 |                 m_pButtonCancel          = GTK_BUTTON( gtk_button_new_from_stock(QUIVER_STOCK_CANCEL) );
      |                                                                                  ^~~~~~~~~~~~~~~~~~~
In file included from /usr/include/gtk-3.0/gtk/deprecated/gtkactiongroup.h:37,
                 from /usr/include/gtk-3.0/gtk/gtk.h:254:
/usr/include/gtk-3.0/gtk/deprecated/gtkstock.h:108:16: note: declared here
  108 | typedef char * GtkStock;
      |                ^~~~~~~~
BookmarkAddEditDlg.cpp:157:81: warning: ‘GtkWidget* gtk_button_new_from_stock(const gchar*)’ is deprecated: Use 'gtk_button_new_with_label' instead [-Wdeprecated-declarations]
  157 |                 m_pButtonCancel          = GTK_BUTTON( gtk_button_new_from_stock(QUIVER_STOCK_CANCEL) );
      |                                                        ~~~~~~~~~~~~~~~~~~~~~~~~~^~~~~~~~~~~~~~~~~~~~~
/usr/include/glib-2.0/gobject/gtype.h:2660:66: note: in definition of macro ‘_G_TYPE_CIC’
 2660 |     ((ct*) (void *) g_type_check_instance_cast ((GTypeInstance*) ip, gt))
      |                                                                  ^~
/usr/include/gtk-3.0/gtk/gtkbutton.h:40:42: note: in expansion of macro ‘G_TYPE_CHECK_INSTANCE_CAST’
   40 | #define GTK_BUTTON(obj)                 (G_TYPE_CHECK_INSTANCE_CAST ((obj), GTK_TYPE_BUTTON, GtkButton))
      |                                          ^~~~~~~~~~~~~~~~~~~~~~~~~~
BookmarkAddEditDlg.cpp:157:44: note: in expansion of macro ‘GTK_BUTTON’
  157 |                 m_pButtonCancel          = GTK_BUTTON( gtk_button_new_from_stock(QUIVER_STOCK_CANCEL) );
      |                                            ^~~~~~~~~~
In file included from /usr/include/gtk-3.0/gtk/gtk.h:54:
/usr/include/gtk-3.0/gtk/gtkbutton.h:103:16: note: declared here
  103 | GtkWidget*     gtk_button_new_from_stock    (const gchar    *stock_id);
      |                ^~~~~~~~~~~~~~~~~~~~~~~~~
/usr/include/gtk-3.0/gtk/deprecated/gtkstock.h:756:38: warning: ‘GtkStock’ is deprecated [-Wdeprecated-declarations]
  756 | #define GTK_STOCK_OK               ((GtkStock)"gtk-ok")
      |                                      ^~~~~~~~
/usr/include/glib-2.0/gobject/gtype.h:2660:66: note: in definition of macro ‘_G_TYPE_CIC’
 2660 |     ((ct*) (void *) g_type_check_instance_cast ((GTypeInstance*) ip, gt))
      |                                                                  ^~
/usr/include/gtk-3.0/gtk/gtkbutton.h:40:42: note: in expansion of macro ‘G_TYPE_CHECK_INSTANCE_CAST’
   40 | #define GTK_BUTTON(obj)                 (G_TYPE_CHECK_INSTANCE_CAST ((obj), GTK_TYPE_BUTTON, GtkButton))
      |                                          ^~~~~~~~~~~~~~~~~~~~~~~~~~
BookmarkAddEditDlg.cpp:158:44: note: in expansion of macro ‘GTK_BUTTON’
  158 |                 m_pButtonOk              = GTK_BUTTON( gtk_button_new_from_stock(QUIVER_STOCK_OK) );
      |                                            ^~~~~~~~~~
QuiverStockIcons.h:14:38: note: in expansion of macro ‘GTK_STOCK_OK’
   14 | #define QUIVER_STOCK_OK              GTK_STOCK_OK
      |                                      ^~~~~~~~~~~~
BookmarkAddEditDlg.cpp:158:82: note: in expansion of macro ‘QUIVER_STOCK_OK’
  158 |                 m_pButtonOk              = GTK_BUTTON( gtk_button_new_from_stock(QUIVER_STOCK_OK) );
      |                                                                                  ^~~~~~~~~~~~~~~
/usr/include/gtk-3.0/gtk/deprecated/gtkstock.h:108:16: note: declared here
  108 | typedef char * GtkStock;
      |                ^~~~~~~~
BookmarkAddEditDlg.cpp:158:81: warning: ‘GtkWidget* gtk_button_new_from_stock(const gchar*)’ is deprecated: Use 'gtk_button_new_with_label' instead [-Wdeprecated-declarations]
  158 |                 m_pButtonOk              = GTK_BUTTON( gtk_button_new_from_stock(QUIVER_STOCK_OK) );
      |                                                        ~~~~~~~~~~~~~~~~~~~~~~~~~^~~~~~~~~~~~~~~~~
/usr/include/glib-2.0/gobject/gtype.h:2660:66: note: in definition of macro ‘_G_TYPE_CIC’
 2660 |     ((ct*) (void *) g_type_check_instance_cast ((GTypeInstance*) ip, gt))
      |                                                                  ^~
/usr/include/gtk-3.0/gtk/gtkbutton.h:40:42: note: in expansion of macro ‘G_TYPE_CHECK_INSTANCE_CAST’
   40 | #define GTK_BUTTON(obj)                 (G_TYPE_CHECK_INSTANCE_CAST ((obj), GTK_TYPE_BUTTON, GtkButton))
      |                                          ^~~~~~~~~~~~~~~~~~~~~~~~~~
BookmarkAddEditDlg.cpp:158:44: note: in expansion of macro ‘GTK_BUTTON’
  158 |                 m_pButtonOk              = GTK_BUTTON( gtk_button_new_from_stock(QUIVER_STOCK_OK) );
      |                                            ^~~~~~~~~~
/usr/include/gtk-3.0/gtk/gtkbutton.h:103:16: note: declared here
  103 | GtkWidget*     gtk_button_new_from_stock    (const gchar    *stock_id);
      |                ^~~~~~~~~~~~~~~~~~~~~~~~~
BookmarkAddEditDlg.cpp:166:78: warning: ‘GtkWidget* gtk_dialog_get_action_area(GtkDialog*)’ is deprecated [-Wdeprecated-declarations]
  166 |                         gtk_box_pack_start(GTK_BOX(gtk_dialog_get_action_area(GTK_DIALOG(m_pWidget))),GTK_WIDGET(m_pButtonCancel),FALSE,TRUE,5);
      |                                                    ~~~~~~~~~~~~~~~~~~~~~~~~~~^~~~~~~~~~~~~~~~~~~~~~~
/usr/include/glib-2.0/gobject/gtype.h:2660:66: note: in definition of macro ‘_G_TYPE_CIC’
 2660 |     ((ct*) (void *) g_type_check_instance_cast ((GTypeInstance*) ip, gt))
      |                                                                  ^~
/usr/include/gtk-3.0/gtk/gtkbox.h:40:34: note: in expansion of macro ‘G_TYPE_CHECK_INSTANCE_CAST’
   40 | #define GTK_BOX(obj)            (G_TYPE_CHECK_INSTANCE_CAST ((obj), GTK_TYPE_BOX, GtkBox))
      |                                  ^~~~~~~~~~~~~~~~~~~~~~~~~~
BookmarkAddEditDlg.cpp:166:44: note: in expansion of macro ‘GTK_BOX’
  166 |                         gtk_box_pack_start(GTK_BOX(gtk_dialog_get_action_area(GTK_DIALOG(m_pWidget))),GTK_WIDGET(m_pButtonCancel),FALSE,TRUE,5);
      |                                            ^~~~~~~
In file included from /usr/include/gtk-3.0/gtk/gtkaboutdialog.h:30,
                 from /usr/include/gtk-3.0/gtk/gtk.h:31:
/usr/include/gtk-3.0/gtk/gtkdialog.h:203:13: note: declared here
  203 | GtkWidget * gtk_dialog_get_action_area  (GtkDialog *dialog);
      |             ^~~~~~~~~~~~~~~~~~~~~~~~~~
BookmarkAddEditDlg.cpp:167:78: warning: ‘GtkWidget* gtk_dialog_get_action_area(GtkDialog*)’ is deprecated [-Wdeprecated-declarations]
  167 |                         gtk_box_pack_start(GTK_BOX(gtk_dialog_get_action_area(GTK_DIALOG(m_pWidget))),GTK_WIDGET(m_pButtonOk),FALSE,TRUE,5);
      |                                                    ~~~~~~~~~~~~~~~~~~~~~~~~~~^~~~~~~~~~~~~~~~~~~~~~~
/usr/include/glib-2.0/gobject/gtype.h:2660:66: note: in definition of macro ‘_G_TYPE_CIC’
 2660 |     ((ct*) (void *) g_type_check_instance_cast ((GTypeInstance*) ip, gt))
      |                                                                  ^~
/usr/include/gtk-3.0/gtk/gtkbox.h:40:34: note: in expansion of macro ‘G_TYPE_CHECK_INSTANCE_CAST’
   40 | #define GTK_BOX(obj)            (G_TYPE_CHECK_INSTANCE_CAST ((obj), GTK_TYPE_BOX, GtkBox))
      |                                  ^~~~~~~~~~~~~~~~~~~~~~~~~~
BookmarkAddEditDlg.cpp:167:44: note: in expansion of macro ‘GTK_BOX’
  167 |                         gtk_box_pack_start(GTK_BOX(gtk_dialog_get_action_area(GTK_DIALOG(m_pWidget))),GTK_WIDGET(m_pButtonOk),FALSE,TRUE,5);
      |                                            ^~~~~~~
/usr/include/gtk-3.0/gtk/gtkdialog.h:203:13: note: declared here
  203 | GtkWidget * gtk_dialog_get_action_area  (GtkDialog *dialog);
      |             ^~~~~~~~~~~~~~~~~~~~~~~~~~
BookmarkAddEditDlg.cpp: In member function ‘void BookmarkAddEditDlg::BookmarkAddEditDlgPriv::SelectionChanged()’:
BookmarkAddEditDlg.cpp:239:14: warning: variable ‘bTop’ set but not used [-Wunused-but-set-variable]
  239 |         bool bTop = false, bBottom = false;
      |              ^~~~
BookmarkAddEditDlg.cpp:239:28: warning: variable ‘bBottom’ set but not used [-Wunused-but-set-variable]
  239 |         bool bTop = false, bBottom = false;
      |                            ^~~~~~~
BookmarkAddEditDlg.cpp: In function ‘void on_toggled(GtkToggleButton*, gpointer)’:
BookmarkAddEditDlg.cpp:349:26: warning: unused variable ‘bRecursive’ [-Wunused-variable]
  349 |                 gboolean bRecursive = gtk_toggle_button_get_active(togglebutton);
      |                          ^~~~~~~~~~
BookmarkAddEditDlg.cpp: In function ‘void on_clicked(GtkButton*, gpointer)’:
/usr/include/gtk-3.0/gtk/deprecated/gtkstock.h:159:38: warning: ‘GtkStock’ is deprecated [-Wdeprecated-declarations]
  159 | #define GTK_STOCK_CANCEL           ((GtkStock)"gtk-cancel")
      |                                      ^~~~~~~~
QuiverStockIcons.h:15:38: note: in expansion of macro ‘GTK_STOCK_CANCEL’
   15 | #define QUIVER_STOCK_CANCEL          GTK_STOCK_CANCEL
      |                                      ^~~~~~~~~~~~~~~~
BookmarkAddEditDlg.cpp:396:25: note: in expansion of macro ‘QUIVER_STOCK_CANCEL’
  396 |                         QUIVER_STOCK_CANCEL, GTK_RESPONSE_CANCEL,
      |                         ^~~~~~~~~~~~~~~~~~~
/usr/include/gtk-3.0/gtk/deprecated/gtkstock.h:108:16: note: declared here
  108 | typedef char * GtkStock;
      |                ^~~~~~~~
/usr/include/gtk-3.0/gtk/deprecated/gtkstock.h:756:38: warning: ‘GtkStock’ is deprecated [-Wdeprecated-declarations]
  756 | #define GTK_STOCK_OK               ((GtkStock)"gtk-ok")
      |                                      ^~~~~~~~
QuiverStockIcons.h:14:38: note: in expansion of macro ‘GTK_STOCK_OK’
   14 | #define QUIVER_STOCK_OK              GTK_STOCK_OK
      |                                      ^~~~~~~~~~~~
BookmarkAddEditDlg.cpp:397:25: note: in expansion of macro ‘QUIVER_STOCK_OK’
  397 |                         QUIVER_STOCK_OK, GTK_RESPONSE_OK,
      |                         ^~~~~~~~~~~~~~~
/usr/include/gtk-3.0/gtk/deprecated/gtkstock.h:108:16: note: declared here
  108 | typedef char * GtkStock;
      |                ^~~~~~~~
In file included from /usr/include/boost/smart_ptr/detail/requires_cxx11.hpp:9,
                 from /usr/include/boost/smart_ptr/shared_ptr.hpp:17,
                 from /usr/include/boost/shared_ptr.hpp:17,
                 from ./Bookmarks.h:7,
                 from Bookmarks.cpp:1:
/usr/include/boost/bind.hpp:36:1: note: ‘#pragma message: The practice of declaring the Bind placeholders (_1, _2, ...) in the global namespace is deprecated. Please use <boost/bind/bind.hpp> + using namespace boost::placeholders, or define BOOST_BIND_GLOBAL_PLACEHOLDERS to retain the current behavior.’
   36 | BOOST_PRAGMA_MESSAGE(
      | ^~~~~~~~~~~~~~~~~~~~
depbase=`echo TaskEventSource.o | sed 's|[^/]*$|.deps/&|;s|\.o$||'`;\
g++ -DHAVE_CONFIG_H -I. -I..  -I.. -DPACKAGE_LOCALE_DIR=\""/usr/local/share/locale"\" -DPACKAGE_SRC_DIR=\""."\" -DPACKAGE_DATA_DIR=\""/usr/local/share"\" -DQUIVER_DATADIR=\""/app/data"\" -I/usr/include/gtk-3.0 -I/usr/include/pango-1.0 -I/usr/include/glib-2.0 -I/usr/lib/x86_64-linux-gnu/glib-2.0/include -I/usr/include/harfbuzz -I/usr/include/freetype2 -I/usr/include/libpng16 -I/usr/include/libmount -I/usr/include/blkid -I/usr/include/fribidi -I/usr/include/cairo -I/usr/include/pixman-1 -I/usr/include/gdk-pixbuf-2.0 -I/usr/include/x86_64-linux-gnu -I/usr/include/webp -I/usr/include/gio-unix-2.0 -I/usr/include/atk-1.0 -I/usr/include/at-spi2-atk/2.0 -I/usr/include/at-spi-2.0 -I/usr/include/dbus-1.0 -I/usr/lib/x86_64-linux-gnu/dbus-1.0/include -pthread        -I/usr/include   -I/usr/include/gstreamer-1.0 -I/usr/include/glib-2.0 -I/usr/lib/x86_64-linux-gnu/glib-2.0/include -I/usr/include/x86_64-linux-gnu -I/usr/include/orc-0.4 -pthread  -Wall    -Wincompatible-pointer-types -Werror=incompatible-pointer-types -Werror=int-conversion -Werror=implicit-function-declaration -Wwrite-strings -MT TaskEventSource.o -MD -MP -MF $depbase.Tpo -c -o TaskEventSource.o TaskEventSource.cpp &&\
mv -f $depbase.Tpo $depbase.Po
cc1plus: warning: command-line option ‘-Wincompatible-pointer-types’ is valid for C/ObjC but not for C++
cc1plus: warning: ‘-Werror=’ argument ‘-Werror=incompatible-pointer-types’ is not valid for C++
cc1plus: warning: ‘-Werror=’ argument ‘-Werror=int-conversion’ is not valid for C++
cc1plus: warning: ‘-Werror=’ argument ‘-Werror=implicit-function-declaration’ is not valid for C++
depbase=`echo TaskManagerDlg.o | sed 's|[^/]*$|.deps/&|;s|\.o$||'`;\
g++ -DHAVE_CONFIG_H -I. -I..  -I.. -DPACKAGE_LOCALE_DIR=\""/usr/local/share/locale"\" -DPACKAGE_SRC_DIR=\""."\" -DPACKAGE_DATA_DIR=\""/usr/local/share"\" -DQUIVER_DATADIR=\""/app/data"\" -I/usr/include/gtk-3.0 -I/usr/include/pango-1.0 -I/usr/include/glib-2.0 -I/usr/lib/x86_64-linux-gnu/glib-2.0/include -I/usr/include/harfbuzz -I/usr/include/freetype2 -I/usr/include/libpng16 -I/usr/include/libmount -I/usr/include/blkid -I/usr/include/fribidi -I/usr/include/cairo -I/usr/include/pixman-1 -I/usr/include/gdk-pixbuf-2.0 -I/usr/include/x86_64-linux-gnu -I/usr/include/webp -I/usr/include/gio-unix-2.0 -I/usr/include/atk-1.0 -I/usr/include/at-spi2-atk/2.0 -I/usr/include/at-spi-2.0 -I/usr/include/dbus-1.0 -I/usr/lib/x86_64-linux-gnu/dbus-1.0/include -pthread        -I/usr/include   -I/usr/include/gstreamer-1.0 -I/usr/include/glib-2.0 -I/usr/lib/x86_64-linux-gnu/glib-2.0/include -I/usr/include/x86_64-linux-gnu -I/usr/include/orc-0.4 -pthread  -Wall    -Wincompatible-pointer-types -Werror=incompatible-pointer-types -Werror=int-conversion -Werror=implicit-function-declaration -Wwrite-strings -MT TaskManagerDlg.o -MD -MP -MF $depbase.Tpo -c -o TaskManagerDlg.o TaskManagerDlg.cpp &&\
mv -f $depbase.Tpo $depbase.Po
cc1plus: warning: command-line option ‘-Wincompatible-pointer-types’ is valid for C/ObjC but not for C++
cc1plus: warning: ‘-Werror=’ argument ‘-Werror=incompatible-pointer-types’ is not valid for C++
cc1plus: warning: ‘-Werror=’ argument ‘-Werror=int-conversion’ is not valid for C++
cc1plus: warning: ‘-Werror=’ argument ‘-Werror=implicit-function-declaration’ is not valid for C++
DonateDlg.cpp: In constructor ‘DonateDlg::DonateDlgPriv::DonateDlgPriv(DonateDlg*)’:
DonateDlg.cpp:78:17: warning: ISO C++ forbids converting a string constant to ‘gchar*’ {aka ‘char*’} [-Wwrite-strings]
   78 |                 "DonateDialog",
      |                 ^~~~~~~~~~~~~~
In file included from /usr/include/glib-2.0/gobject/gobject.h:26,
                 from /usr/include/glib-2.0/gobject/gbinding.h:31,
                 from /usr/include/glib-2.0/glib-object.h:24,
                 from /usr/include/glib-2.0/gio/gioenums.h:30,
                 from /usr/include/glib-2.0/gio/giotypes.h:30,
                 from /usr/include/glib-2.0/gio/gio.h:28,
                 from /usr/include/gtk-3.0/gdk/gdkapplaunchcontext.h:28,
                 from /usr/include/gtk-3.0/gdk/gdk.h:32,
                 from /usr/include/gtk-3.0/gtk/gtk.h:30,
                 from DonateDlg.h:4,
                 from DonateDlg.cpp:3:
DonateDlg.cpp: In member function ‘void DonateDlg::DonateDlgPriv::LoadWidgets()’:
/usr/include/gtk-3.0/gtk/deprecated/gtkstock.h:197:38: warning: ‘GtkStock’ is deprecated [-Wdeprecated-declarations]
  197 | #define GTK_STOCK_CLOSE            ((GtkStock)"gtk-close")
      |                                      ^~~~~~~~
/usr/include/glib-2.0/gobject/gtype.h:2660:66: note: in definition of macro ‘_G_TYPE_CIC’
 2660 |     ((ct*) (void *) g_type_check_instance_cast ((GTypeInstance*) ip, gt))
      |                                                                  ^~
/usr/include/gtk-3.0/gtk/gtkbutton.h:40:42: note: in expansion of macro ‘G_TYPE_CHECK_INSTANCE_CAST’
   40 | #define GTK_BUTTON(obj)                 (G_TYPE_CHECK_INSTANCE_CAST ((obj), GTK_TYPE_BUTTON, GtkButton))
      |                                          ^~~~~~~~~~~~~~~~~~~~~~~~~~
DonateDlg.cpp:104:47: note: in expansion of macro ‘GTK_BUTTON’
  104 |                 m_pButtonClose              = GTK_BUTTON( gtk_button_new_from_stock(QUIVER_STOCK_CLOSE) );
      |                                               ^~~~~~~~~~
QuiverStockIcons.h:21:38: note: in expansion of macro ‘GTK_STOCK_CLOSE’
   21 | #define QUIVER_STOCK_CLOSE           GTK_STOCK_CLOSE
      |                                      ^~~~~~~~~~~~~~~
DonateDlg.cpp:104:85: note: in expansion of macro ‘QUIVER_STOCK_CLOSE’
  104 |                 m_pButtonClose              = GTK_BUTTON( gtk_button_new_from_stock(QUIVER_STOCK_CLOSE) );
      |                                                                                     ^~~~~~~~~~~~~~~~~~
In file included from /usr/include/gtk-3.0/gtk/deprecated/gtkactiongroup.h:37,
                 from /usr/include/gtk-3.0/gtk/gtk.h:254:
/usr/include/gtk-3.0/gtk/deprecated/gtkstock.h:108:16: note: declared here
  108 | typedef char * GtkStock;
      |                ^~~~~~~~
DonateDlg.cpp:104:84: warning: ‘GtkWidget* gtk_button_new_from_stock(const gchar*)’ is deprecated: Use 'gtk_button_new_with_label' instead [-Wdeprecated-declarations]
  104 |                 m_pButtonClose              = GTK_BUTTON( gtk_button_new_from_stock(QUIVER_STOCK_CLOSE) );
      |                                                           ~~~~~~~~~~~~~~~~~~~~~~~~~^~~~~~~~~~~~~~~~~~~~
/usr/include/glib-2.0/gobject/gtype.h:2660:66: note: in definition of macro ‘_G_TYPE_CIC’
 2660 |     ((ct*) (void *) g_type_check_instance_cast ((GTypeInstance*) ip, gt))
      |                                                                  ^~
/usr/include/gtk-3.0/gtk/gtkbutton.h:40:42: note: in expansion of macro ‘G_TYPE_CHECK_INSTANCE_CAST’
   40 | #define GTK_BUTTON(obj)                 (G_TYPE_CHECK_INSTANCE_CAST ((obj), GTK_TYPE_BUTTON, GtkButton))
      |                                          ^~~~~~~~~~~~~~~~~~~~~~~~~~
DonateDlg.cpp:104:47: note: in expansion of macro ‘GTK_BUTTON’
  104 |                 m_pButtonClose              = GTK_BUTTON( gtk_button_new_from_stock(QUIVER_STOCK_CLOSE) );
      |                                               ^~~~~~~~~~
In file included from /usr/include/gtk-3.0/gtk/gtk.h:54:
/usr/include/gtk-3.0/gtk/gtkbutton.h:103:16: note: declared here
  103 | GtkWidget*     gtk_button_new_from_stock    (const gchar    *stock_id);
      |                ^~~~~~~~~~~~~~~~~~~~~~~~~
DonateDlg.cpp:112:78: warning: ‘GtkWidget* gtk_dialog_get_action_area(GtkDialog*)’ is deprecated [-Wdeprecated-declarations]
  112 |                         gtk_box_pack_start(GTK_BOX(gtk_dialog_get_action_area(GTK_DIALOG(m_pWidget))),GTK_WIDGET(m_pButtonDonate),TRUE,TRUE,5);
      |                                                    ~~~~~~~~~~~~~~~~~~~~~~~~~~^~~~~~~~~~~~~~~~~~~~~~~
/usr/include/glib-2.0/gobject/gtype.h:2660:66: note: in definition of macro ‘_G_TYPE_CIC’
 2660 |     ((ct*) (void *) g_type_check_instance_cast ((GTypeInstance*) ip, gt))
      |                                                                  ^~
/usr/include/gtk-3.0/gtk/gtkbox.h:40:34: note: in expansion of macro ‘G_TYPE_CHECK_INSTANCE_CAST’
   40 | #define GTK_BOX(obj)            (G_TYPE_CHECK_INSTANCE_CAST ((obj), GTK_TYPE_BOX, GtkBox))
      |                                  ^~~~~~~~~~~~~~~~~~~~~~~~~~
DonateDlg.cpp:112:44: note: in expansion of macro ‘GTK_BOX’
  112 |                         gtk_box_pack_start(GTK_BOX(gtk_dialog_get_action_area(GTK_DIALOG(m_pWidget))),GTK_WIDGET(m_pButtonDonate),TRUE,TRUE,5);
      |                                            ^~~~~~~
In file included from /usr/include/gtk-3.0/gtk/gtkaboutdialog.h:30,
                 from /usr/include/gtk-3.0/gtk/gtk.h:31:
/usr/include/gtk-3.0/gtk/gtkdialog.h:203:13: note: declared here
  203 | GtkWidget * gtk_dialog_get_action_area  (GtkDialog *dialog);
      |             ^~~~~~~~~~~~~~~~~~~~~~~~~~
DonateDlg.cpp:113:78: warning: ‘GtkWidget* gtk_dialog_get_action_area(GtkDialog*)’ is deprecated [-Wdeprecated-declarations]
  113 |                         gtk_box_pack_start(GTK_BOX(gtk_dialog_get_action_area(GTK_DIALOG(m_pWidget))),GTK_WIDGET(m_pButtonClose),FALSE,TRUE,5);
      |                                                    ~~~~~~~~~~~~~~~~~~~~~~~~~~^~~~~~~~~~~~~~~~~~~~~~~
/usr/include/glib-2.0/gobject/gtype.h:2660:66: note: in definition of macro ‘_G_TYPE_CIC’
 2660 |     ((ct*) (void *) g_type_check_instance_cast ((GTypeInstance*) ip, gt))
      |                                                                  ^~
/usr/include/gtk-3.0/gtk/gtkbox.h:40:34: note: in expansion of macro ‘G_TYPE_CHECK_INSTANCE_CAST’
   40 | #define GTK_BOX(obj)            (G_TYPE_CHECK_INSTANCE_CAST ((obj), GTK_TYPE_BOX, GtkBox))
      |                                  ^~~~~~~~~~~~~~~~~~~~~~~~~~
DonateDlg.cpp:113:44: note: in expansion of macro ‘GTK_BOX’
  113 |                         gtk_box_pack_start(GTK_BOX(gtk_dialog_get_action_area(GTK_DIALOG(m_pWidget))),GTK_WIDGET(m_pButtonClose),FALSE,TRUE,5);
      |                                            ^~~~~~~
/usr/include/gtk-3.0/gtk/gtkdialog.h:203:13: note: declared here
  203 | GtkWidget * gtk_dialog_get_action_area  (GtkDialog *dialog);
      |             ^~~~~~~~~~~~~~~~~~~~~~~~~~
DonateDlg.cpp:114:94: warning: ‘GtkWidget* gtk_dialog_get_action_area(GtkDialog*)’ is deprecated [-Wdeprecated-declarations]
  114 |                         gtk_button_box_set_layout  (GTK_BUTTON_BOX(gtk_dialog_get_action_area(GTK_DIALOG(m_pWidget))), GTK_BUTTONBOX_EDGE);
      |                                                                    ~~~~~~~~~~~~~~~~~~~~~~~~~~^~~~~~~~~~~~~~~~~~~~~~~
/usr/include/glib-2.0/gobject/gtype.h:2660:66: note: in definition of macro ‘_G_TYPE_CIC’
 2660 |     ((ct*) (void *) g_type_check_instance_cast ((GTypeInstance*) ip, gt))
      |                                                                  ^~
/usr/include/gtk-3.0/gtk/gtkbbox.h:38:42: note: in expansion of macro ‘G_TYPE_CHECK_INSTANCE_CAST’
   38 | #define GTK_BUTTON_BOX(obj)             (G_TYPE_CHECK_INSTANCE_CAST ((obj), GTK_TYPE_BUTTON_BOX, GtkButtonBox))
      |                                          ^~~~~~~~~~~~~~~~~~~~~~~~~~
DonateDlg.cpp:114:53: note: in expansion of macro ‘GTK_BUTTON_BOX’
  114 |                         gtk_button_box_set_layout  (GTK_BUTTON_BOX(gtk_dialog_get_action_area(GTK_DIALOG(m_pWidget))), GTK_BUTTONBOX_EDGE);
      |                                                     ^~~~~~~~~~~~~~
/usr/include/gtk-3.0/gtk/gtkdialog.h:203:13: note: declared here
  203 | GtkWidget * gtk_dialog_get_action_area  (GtkDialog *dialog);
      |             ^~~~~~~~~~~~~~~~~~~~~~~~~~
DonateDlg.cpp: In function ‘void on_clicked(GtkButton*, gpointer)’:
DonateDlg.cpp:170:18: warning: unused variable ‘launched’ [-Wunused-variable]
  170 |         gboolean launched = g_app_info_launch_default_for_uri(DONATION_URL, NULL, NULL);
      |                  ^~~~~~~~
depbase=`echo TaskManager.o | sed 's|[^/]*$|.deps/&|;s|\.o$||'`;\
g++ -DHAVE_CONFIG_H -I. -I..  -I.. -DPACKAGE_LOCALE_DIR=\""/usr/local/share/locale"\" -DPACKAGE_SRC_DIR=\""."\" -DPACKAGE_DATA_DIR=\""/usr/local/share"\" -DQUIVER_DATADIR=\""/app/data"\" -I/usr/include/gtk-3.0 -I/usr/include/pango-1.0 -I/usr/include/glib-2.0 -I/usr/lib/x86_64-linux-gnu/glib-2.0/include -I/usr/include/harfbuzz -I/usr/include/freetype2 -I/usr/include/libpng16 -I/usr/include/libmount -I/usr/include/blkid -I/usr/include/fribidi -I/usr/include/cairo -I/usr/include/pixman-1 -I/usr/include/gdk-pixbuf-2.0 -I/usr/include/x86_64-linux-gnu -I/usr/include/webp -I/usr/include/gio-unix-2.0 -I/usr/include/atk-1.0 -I/usr/include/at-spi2-atk/2.0 -I/usr/include/at-spi-2.0 -I/usr/include/dbus-1.0 -I/usr/lib/x86_64-linux-gnu/dbus-1.0/include -pthread        -I/usr/include   -I/usr/include/gstreamer-1.0 -I/usr/include/glib-2.0 -I/usr/lib/x86_64-linux-gnu/glib-2.0/include -I/usr/include/x86_64-linux-gnu -I/usr/include/orc-0.4 -pthread  -Wall    -Wincompatible-pointer-types -Werror=incompatible-pointer-types -Werror=int-conversion -Werror=implicit-function-declaration -Wwrite-strings -MT TaskManager.o -MD -MP -MF $depbase.Tpo -c -o TaskManager.o TaskManager.cpp &&\
mv -f $depbase.Tpo $depbase.Po
cc1plus: warning: command-line option ‘-Wincompatible-pointer-types’ is valid for C/ObjC but not for C++
cc1plus: warning: ‘-Werror=’ argument ‘-Werror=incompatible-pointer-types’ is not valid for C++
cc1plus: warning: ‘-Werror=’ argument ‘-Werror=int-conversion’ is not valid for C++
cc1plus: warning: ‘-Werror=’ argument ‘-Werror=implicit-function-declaration’ is not valid for C++
Bookmarks.cpp:73:45: warning: ‘template<class _Arg1, class _Arg2, class _Result> struct std::binary_function’ is deprecated [-Wdeprecated-declarations]
   73 |         class SortBySortOrder : public std::binary_function<Bookmark,Bookmark,bool>,
      |                                             ^~~~~~~~~~~~~~~
In file included from /usr/include/c++/13/bits/refwrap.h:39,
                 from /usr/include/c++/13/vector:68,
                 from ./Bookmarks.h:3:
/usr/include/c++/13/bits/stl_function.h:131:12: note: declared here
  131 |     struct binary_function
      |            ^~~~~~~~~~~~~~~
Bookmarks.cpp:74:29: warning: ‘template<class _Arg1, class _Arg2, class _Result> struct std::binary_function’ is deprecated [-Wdeprecated-declarations]
   74 |                 public std::binary_function<int,int,bool>
      |                             ^~~~~~~~~~~~~~~
/usr/include/c++/13/bits/stl_function.h:131:12: note: declared here
  131 |     struct binary_function
      |            ^~~~~~~~~~~~~~~
In file included from /usr/include/gtk-3.0/gtk/deprecated/gtkactiongroup.h:37,
                 from /usr/include/gtk-3.0/gtk/gtk.h:254,
                 from Bookmarks.cpp:3:
Bookmarks.cpp: In member function ‘void Bookmarks::LoadFromPreferences()’:
/usr/include/gtk-3.0/gtk/deprecated/gtkstock.h:313:38: warning: ‘GtkStock’ is deprecated [-Wdeprecated-declarations]
  313 | #define GTK_STOCK_DIRECTORY        ((GtkStock)"gtk-directory")
      |                                      ^~~~~~~~
QuiverStockIcons.h:67:38: note: in expansion of macro ‘GTK_STOCK_DIRECTORY’
   67 | #define QUIVER_STOCK_DIRECTORY       GTK_STOCK_DIRECTORY
      |                                      ^~~~~~~~~~~~~~~~~~~
Bookmarks.cpp:143:48: note: in expansion of macro ‘QUIVER_STOCK_DIRECTORY’
  143 |                                         icon = QUIVER_STOCK_DIRECTORY;
      |                                                ^~~~~~~~~~~~~~~~~~~~~~
/usr/include/gtk-3.0/gtk/deprecated/gtkstock.h:108:16: note: declared here
  108 | typedef char * GtkStock;
      |                ^~~~~~~~
Bookmarks.cpp: In member function ‘void Bookmarks::SaveToPreferences()’:
/usr/include/gtk-3.0/gtk/deprecated/gtkstock.h:313:38: warning: ‘GtkStock’ is deprecated [-Wdeprecated-declarations]
  313 | #define GTK_STOCK_DIRECTORY        ((GtkStock)"gtk-directory")
      |                                      ^~~~~~~~
QuiverStockIcons.h:67:38: note: in expansion of macro ‘GTK_STOCK_DIRECTORY’
   67 | #define QUIVER_STOCK_DIRECTORY       GTK_STOCK_DIRECTORY
      |                                      ^~~~~~~~~~~~~~~~~~~
Bookmarks.cpp:176:45: note: in expansion of macro ‘QUIVER_STOCK_DIRECTORY’
  176 |                         itr->second.SetIcon(QUIVER_STOCK_DIRECTORY);
      |                                             ^~~~~~~~~~~~~~~~~~~~~~
/usr/include/gtk-3.0/gtk/deprecated/gtkstock.h:108:16: note: declared here
  108 | typedef char * GtkStock;
      |                ^~~~~~~~
Bookmarks.cpp: In member function ‘bool Bookmarks::AddBookmark(Bookmark)’:
/usr/include/gtk-3.0/gtk/deprecated/gtkstock.h:313:38: warning: ‘GtkStock’ is deprecated [-Wdeprecated-declarations]
  313 | #define GTK_STOCK_DIRECTORY        ((GtkStock)"gtk-directory")
      |                                      ^~~~~~~~
QuiverStockIcons.h:67:38: note: in expansion of macro ‘GTK_STOCK_DIRECTORY’
   67 | #define QUIVER_STOCK_DIRECTORY       GTK_STOCK_DIRECTORY
      |                                      ^~~~~~~~~~~~~~~~~~~
Bookmarks.cpp:209:34: note: in expansion of macro ‘QUIVER_STOCK_DIRECTORY’
  209 |                 bookmark.SetIcon(QUIVER_STOCK_DIRECTORY);
      |                                  ^~~~~~~~~~~~~~~~~~~~~~
/usr/include/gtk-3.0/gtk/deprecated/gtkstock.h:108:16: note: declared here
  108 | typedef char * GtkStock;
      |                ^~~~~~~~
In file included from /usr/include/boost/function/detail/requires_cxx11.hpp:9,
                 from /usr/include/boost/function/detail/prologue.hpp:12,
                 from /usr/include/boost/function.hpp:30,
                 from /usr/include/boost/signals2/signal.hpp:19,
                 from AbstractEventSource.h:5,
                 from TaskEventSource.h:4,
                 from TaskEventSource.cpp:1:
/usr/include/boost/bind.hpp:36:1: note: ‘#pragma message: The practice of declaring the Bind placeholders (_1, _2, ...) in the global namespace is deprecated. Please use <boost/bind/bind.hpp> + using namespace boost::placeholders, or define BOOST_BIND_GLOBAL_PLACEHOLDERS to retain the current behavior.’
   36 | BOOST_PRAGMA_MESSAGE(
      | ^~~~~~~~~~~~~~~~~~~~
In file included from /usr/include/boost/smart_ptr/detail/requires_cxx11.hpp:9,
                 from /usr/include/boost/smart_ptr/shared_ptr.hpp:17,
                 from /usr/include/boost/shared_ptr.hpp:17,
                 from TaskManagerDlg.h:6,
                 from TaskManagerDlg.cpp:1:
/usr/include/boost/bind.hpp:36:1: note: ‘#pragma message: The practice of declaring the Bind placeholders (_1, _2, ...) in the global namespace is deprecated. Please use <boost/bind/bind.hpp> + using namespace boost::placeholders, or define BOOST_BIND_GLOBAL_PLACEHOLDERS to retain the current behavior.’
   36 | BOOST_PRAGMA_MESSAGE(
      | ^~~~~~~~~~~~~~~~~~~~
depbase=`echo TaskManagerEventSource.o | sed 's|[^/]*$|.deps/&|;s|\.o$||'`;\
g++ -DHAVE_CONFIG_H -I. -I..  -I.. -DPACKAGE_LOCALE_DIR=\""/usr/local/share/locale"\" -DPACKAGE_SRC_DIR=\""."\" -DPACKAGE_DATA_DIR=\""/usr/local/share"\" -DQUIVER_DATADIR=\""/app/data"\" -I/usr/include/gtk-3.0 -I/usr/include/pango-1.0 -I/usr/include/glib-2.0 -I/usr/lib/x86_64-linux-gnu/glib-2.0/include -I/usr/include/harfbuzz -I/usr/include/freetype2 -I/usr/include/libpng16 -I/usr/include/libmount -I/usr/include/blkid -I/usr/include/fribidi -I/usr/include/cairo -I/usr/include/pixman-1 -I/usr/include/gdk-pixbuf-2.0 -I/usr/include/x86_64-linux-gnu -I/usr/include/webp -I/usr/include/gio-unix-2.0 -I/usr/include/atk-1.0 -I/usr/include/at-spi2-atk/2.0 -I/usr/include/at-spi-2.0 -I/usr/include/dbus-1.0 -I/usr/lib/x86_64-linux-gnu/dbus-1.0/include -pthread        -I/usr/include   -I/usr/include/gstreamer-1.0 -I/usr/include/glib-2.0 -I/usr/lib/x86_64-linux-gnu/glib-2.0/include -I/usr/include/x86_64-linux-gnu -I/usr/include/orc-0.4 -pthread  -Wall    -Wincompatible-pointer-types -Werror=incompatible-pointer-types -Werror=int-conversion -Werror=implicit-function-declaration -Wwrite-strings -MT TaskManagerEventSource.o -MD -MP -MF $depbase.Tpo -c -o TaskManagerEventSource.o TaskManagerEventSource.cpp &&\
mv -f $depbase.Tpo $depbase.Po
cc1plus: warning: command-line option ‘-Wincompatible-pointer-types’ is valid for C/ObjC but not for C++
cc1plus: warning: ‘-Werror=’ argument ‘-Werror=incompatible-pointer-types’ is not valid for C++
cc1plus: warning: ‘-Werror=’ argument ‘-Werror=int-conversion’ is not valid for C++
cc1plus: warning: ‘-Werror=’ argument ‘-Werror=implicit-function-declaration’ is not valid for C++
In file included from /usr/include/boost/smart_ptr/detail/requires_cxx11.hpp:9,
                 from /usr/include/boost/smart_ptr/shared_ptr.hpp:17,
                 from /usr/include/boost/shared_ptr.hpp:17,
                 from AbstractTask.h:4,
                 from TaskManager.h:4,
                 from TaskManager.cpp:1:
/usr/include/boost/bind.hpp:36:1: note: ‘#pragma message: The practice of declaring the Bind placeholders (_1, _2, ...) in the global namespace is deprecated. Please use <boost/bind/bind.hpp> + using namespace boost::placeholders, or define BOOST_BIND_GLOBAL_PLACEHOLDERS to retain the current behavior.’
   36 | BOOST_PRAGMA_MESSAGE(
      | ^~~~~~~~~~~~~~~~~~~~
TaskManager.cpp: In constructor ‘TaskManager::TaskManager()’:
TaskManager.cpp:9:40: warning: ‘GMutex* g_mutex_new()’ is deprecated [-Wdeprecated-declarations]
    9 |         m_pAllTasksMutex  = g_mutex_new();
      |                             ~~~~~~~~~~~^~
In file included from /usr/include/glib-2.0/glib.h:115,
                 from TaskManager.h:7:
/usr/include/glib-2.0/glib/deprecated/gthread.h:283:17: note: declared here
  283 | GMutex *        g_mutex_new             (void);
      |                 ^~~~~~~~~~~
TaskManager.cpp:10:44: warning: ‘GMutex* g_mutex_new()’ is deprecated [-Wdeprecated-declarations]
   10 |         m_pRunningTasksMutex  = g_mutex_new();
      |                                 ~~~~~~~~~~~^~
/usr/include/glib-2.0/glib/deprecated/gthread.h:283:17: note: declared here
  283 | GMutex *        g_mutex_new             (void);
      |                 ^~~~~~~~~~~
TaskManager.cpp: In destructor ‘virtual TaskManager::~TaskManager()’:
TaskManager.cpp:17:21: warning: ‘void g_mutex_free(GMutex*)’ is deprecated [-Wdeprecated-declarations]
   17 |         g_mutex_free(m_pAllTasksMutex);
      |         ~~~~~~~~~~~~^~~~~~~~~~~~~~~~~~
/usr/include/glib-2.0/glib/deprecated/gthread.h:285:17: note: declared here
  285 | void            g_mutex_free            (GMutex *mutex);
      |                 ^~~~~~~~~~~~
TaskManager.cpp:18:21: warning: ‘void g_mutex_free(GMutex*)’ is deprecated [-Wdeprecated-declarations]
   18 |         g_mutex_free(m_pRunningTasksMutex);
      |         ~~~~~~~~~~~~^~~~~~~~~~~~~~~~~~~~~~
/usr/include/glib-2.0/glib/deprecated/gthread.h:285:17: note: declared here
  285 | void            g_mutex_free            (GMutex *mutex);
      |                 ^~~~~~~~~~~~
TaskManagerDlg.cpp: In member function ‘virtual void TaskManagerDlg::TaskManagerDlgPriv::TaskProgressGUI::TaskHandler::HandleTaskFinished(TaskEventPtr)’:
TaskManagerDlg.cpp:77:58: warning: ‘void gdk_threads_enter()’ is deprecated [-Wdeprecated-declarations]
   77 |                                         gdk_threads_enter();
      |                                         ~~~~~~~~~~~~~~~~~^~
In file included from /usr/include/gtk-3.0/gdk/gdk.h:61,
                 from /usr/include/gtk-3.0/gtk/gtk.h:30,
                 from TaskManagerDlg.h:4:
/usr/include/gtk-3.0/gdk/gdkthreads.h:46:10: note: declared here
   46 | void     gdk_threads_enter                    (void);
      |          ^~~~~~~~~~~~~~~~~
In file included from /usr/include/gtk-3.0/gtk/deprecated/gtkactiongroup.h:37,
                 from /usr/include/gtk-3.0/gtk/gtk.h:254:
/usr/include/gtk-3.0/gtk/deprecated/gtkstock.h:188:38: warning: ‘GtkStock’ is deprecated [-Wdeprecated-declarations]
  188 | #define GTK_STOCK_CLEAR            ((GtkStock)"gtk-clear")
      |                                      ^~~~~~~~
TaskManagerDlg.cpp:81:66: note: in expansion of macro ‘GTK_STOCK_CLEAR’
   81 |                                         gtk_image_new_from_stock(GTK_STOCK_CLEAR, GTK_ICON_SIZE_BUTTON));
      |                                                                  ^~~~~~~~~~~~~~~
/usr/include/gtk-3.0/gtk/deprecated/gtkstock.h:108:16: note: declared here
  108 | typedef char * GtkStock;
      |                ^~~~~~~~
TaskManagerDlg.cpp:81:65: warning: ‘GtkWidget* gtk_image_new_from_stock(const gchar*, GtkIconSize)’ is deprecated: Use 'gtk_image_new_from_icon_name' instead [-Wdeprecated-declarations]
   81 |                                         gtk_image_new_from_stock(GTK_STOCK_CLEAR, GTK_ICON_SIZE_BUTTON));
      |                                         ~~~~~~~~~~~~~~~~~~~~~~~~^~~~~~~~~~~~~~~~~~~~~~~~~~~~~~~~~~~~~~~
In file included from /usr/include/gtk-3.0/gtk/gtkentry.h:42,
                 from /usr/include/gtk-3.0/gtk/gtktreeview.h:29,
                 from /usr/include/gtk-3.0/gtk/gtkcombobox.h:27,
                 from /usr/include/gtk-3.0/gtk/gtkappchooserbutton.h:29,
                 from /usr/include/gtk-3.0/gtk/gtk.h:42:
/usr/include/gtk-3.0/gtk/gtkimage.h:122:12: note: declared here
  122 | GtkWidget* gtk_image_new_from_stock     (const gchar     *stock_id,
      |            ^~~~~~~~~~~~~~~~~~~~~~~~
TaskManagerDlg.cpp:89:58: warning: ‘void gdk_threads_leave()’ is deprecated [-Wdeprecated-declarations]
   89 |                                         gdk_threads_leave();
      |                                         ~~~~~~~~~~~~~~~~~^~
/usr/include/gtk-3.0/gdk/gdkthreads.h:48:10: note: declared here
   48 | void     gdk_threads_leave                    (void);
      |          ^~~~~~~~~~~~~~~~~
TaskManagerDlg.cpp: In member function ‘virtual void TaskManagerDlg::TaskManagerDlgPriv::TaskProgressGUI::TaskHandler::HandleTaskCancelled(TaskEventPtr)’:
TaskManagerDlg.cpp:98:58: warning: ‘void gdk_threads_enter()’ is deprecated [-Wdeprecated-declarations]
   98 |                                         gdk_threads_enter();
      |                                         ~~~~~~~~~~~~~~~~~^~
/usr/include/gtk-3.0/gdk/gdkthreads.h:46:10: note: declared here
   46 | void     gdk_threads_enter                    (void);
      |          ^~~~~~~~~~~~~~~~~
/usr/include/gtk-3.0/gtk/deprecated/gtkstock.h:188:38: warning: ‘GtkStock’ is deprecated [-Wdeprecated-declarations]
  188 | #define GTK_STOCK_CLEAR            ((GtkStock)"gtk-clear")
      |                                      ^~~~~~~~
TaskManagerDlg.cpp:102:66: note: in expansion of macro ‘GTK_STOCK_CLEAR’
  102 |                                         gtk_image_new_from_stock(GTK_STOCK_CLEAR, GTK_ICON_SIZE_BUTTON));
      |                                                                  ^~~~~~~~~~~~~~~
/usr/include/gtk-3.0/gtk/deprecated/gtkstock.h:108:16: note: declared here
  108 | typedef char * GtkStock;
      |                ^~~~~~~~
TaskManagerDlg.cpp:102:65: warning: ‘GtkWidget* gtk_image_new_from_stock(const gchar*, GtkIconSize)’ is deprecated: Use 'gtk_image_new_from_icon_name' instead [-Wdeprecated-declarations]
  102 |                                         gtk_image_new_from_stock(GTK_STOCK_CLEAR, GTK_ICON_SIZE_BUTTON));
      |                                         ~~~~~~~~~~~~~~~~~~~~~~~~^~~~~~~~~~~~~~~~~~~~~~~~~~~~~~~~~~~~~~~
/usr/include/gtk-3.0/gtk/gtkimage.h:122:12: note: declared here
  122 | GtkWidget* gtk_image_new_from_stock     (const gchar     *stock_id,
      |            ^~~~~~~~~~~~~~~~~~~~~~~~
TaskManagerDlg.cpp:110:58: warning: ‘void gdk_threads_leave()’ is deprecated [-Wdeprecated-declarations]
  110 |                                         gdk_threads_leave();
      |                                         ~~~~~~~~~~~~~~~~~^~
/usr/include/gtk-3.0/gdk/gdkthreads.h:48:10: note: declared here
   48 | void     gdk_threads_leave                    (void);
      |          ^~~~~~~~~~~~~~~~~
TaskManagerDlg.cpp: In member function ‘virtual void TaskManagerDlg::TaskManagerDlgPriv::TaskProgressGUI::TaskHandler::HandleTaskProgressUpdated(TaskEventPtr)’:
TaskManagerDlg.cpp:117:50: warning: ‘void gdk_threads_enter()’ is deprecated [-Wdeprecated-declarations]
  117 |                                 gdk_threads_enter();
      |                                 ~~~~~~~~~~~~~~~~~^~
/usr/include/gtk-3.0/gdk/gdkthreads.h:46:10: note: declared here
   46 | void     gdk_threads_enter                    (void);
      |          ^~~~~~~~~~~~~~~~~
TaskManagerDlg.cpp:121:50: warning: ‘void gdk_threads_leave()’ is deprecated [-Wdeprecated-declarations]
  121 |                                 gdk_threads_leave();
      |                                 ~~~~~~~~~~~~~~~~~^~
/usr/include/gtk-3.0/gdk/gdkthreads.h:48:10: note: declared here
   48 | void     gdk_threads_leave                    (void);
      |          ^~~~~~~~~~~~~~~~~
TaskManagerDlg.cpp: In constructor ‘TaskManagerDlg::TaskManagerDlgPriv::TaskProgressGUI::TaskProgressGUI(TaskManagerDlg::TaskManagerDlgPriv*, AbstractTaskPtr)’:
TaskManagerDlg.cpp:148:54: warning: ‘GtkWidget* gtk_vbox_new(gboolean, gint)’ is deprecated: Use 'gtk_box_new' instead [-Wdeprecated-declarations]
  148 |                         m_vboxTaskArea = gtk_vbox_new(FALSE, 3);
      |                                          ~~~~~~~~~~~~^~~~~~~~~~
In file included from /usr/include/gtk-3.0/gtk/gtk.h:286:
/usr/include/gtk-3.0/gtk/deprecated/gtkvbox.h:61:13: note: declared here
   61 | GtkWidget * gtk_vbox_new      (gboolean homogeneous,
      |             ^~~~~~~~~~~~
In file included from /usr/include/glib-2.0/gobject/gobject.h:26,
                 from /usr/include/glib-2.0/gobject/gbinding.h:31,
                 from /usr/include/glib-2.0/glib-object.h:24,
                 from /usr/include/glib-2.0/gio/gioenums.h:30,
                 from /usr/include/glib-2.0/gio/giotypes.h:30,
                 from /usr/include/glib-2.0/gio/gio.h:28,
                 from /usr/include/gtk-3.0/gdk/gdkapplaunchcontext.h:28,
                 from /usr/include/gtk-3.0/gdk/gdk.h:32:
/usr/include/gtk-3.0/gtk/deprecated/gtkmisc.h:38:59: warning: ‘GType gtk_misc_get_type()’ is deprecated [-Wdeprecated-declarations]
   38 | #define GTK_TYPE_MISC                  (gtk_misc_get_type ())
      |                                         ~~~~~~~~~~~~~~~~~~^~
/usr/include/glib-2.0/gobject/gtype.h:2660:70: note: in definition of macro ‘_G_TYPE_CIC’
 2660 |     ((ct*) (void *) g_type_check_instance_cast ((GTypeInstance*) ip, gt))
      |                                                                      ^~
/usr/include/gtk-3.0/gtk/deprecated/gtkmisc.h:39:41: note: in expansion of macro ‘G_TYPE_CHECK_INSTANCE_CAST’
   39 | #define GTK_MISC(obj)                  (G_TYPE_CHECK_INSTANCE_CAST ((obj), GTK_TYPE_MISC, GtkMisc))
      |                                         ^~~~~~~~~~~~~~~~~~~~~~~~~~
/usr/include/gtk-3.0/gtk/deprecated/gtkmisc.h:39:76: note: in expansion of macro ‘GTK_TYPE_MISC’
   39 | #define GTK_MISC(obj)                  (G_TYPE_CHECK_INSTANCE_CAST ((obj), GTK_TYPE_MISC, GtkMisc))
      |                                                                            ^~~~~~~~~~~~~
TaskManagerDlg.cpp:159:48: note: in expansion of macro ‘GTK_MISC’
  159 |                         gtk_misc_set_alignment(GTK_MISC(m_labelTitle), 0., 0.);
      |                                                ^~~~~~~~
In file included from /usr/include/gtk-3.0/gtk/gtklabel.h:32,
                 from /usr/include/gtk-3.0/gtk/gtkaccellabel.h:35,
                 from /usr/include/gtk-3.0/gtk/gtk.h:33:
/usr/include/gtk-3.0/gtk/deprecated/gtkmisc.h:70:9: note: declared here
   70 | GType   gtk_misc_get_type      (void) G_GNUC_CONST;
      |         ^~~~~~~~~~~~~~~~~
TaskManagerDlg.cpp:159:47: warning: ‘void gtk_misc_set_alignment(GtkMisc*, gfloat, gfloat)’ is deprecated [-Wdeprecated-declarations]
  159 |                         gtk_misc_set_alignment(GTK_MISC(m_labelTitle), 0., 0.);
      |                         ~~~~~~~~~~~~~~~~~~~~~~^~~~~~~~~~~~~~~~~~~~~~~~~~~~~~~~
/usr/include/gtk-3.0/gtk/deprecated/gtkmisc.h:72:9: note: declared here
   72 | void    gtk_misc_set_alignment (GtkMisc *misc,
      |         ^~~~~~~~~~~~~~~~~~~~~~
TaskManagerDlg.cpp:162:57: warning: ‘GtkWidget* gtk_hbox_new(gboolean, gint)’ is deprecated: Use 'gtk_box_new' instead [-Wdeprecated-declarations]
  162 |                         m_hboxTaskDetails = gtk_hbox_new(FALSE, 5);
      |                                             ~~~~~~~~~~~~^~~~~~~~~~
In file included from /usr/include/gtk-3.0/gtk/gtk.h:262:
/usr/include/gtk-3.0/gtk/deprecated/gtkhbox.h:63:13: note: declared here
   63 | GtkWidget * gtk_hbox_new      (gboolean homogeneous,
      |             ^~~~~~~~~~~~
TaskManagerDlg.cpp:170:53: warning: ‘GtkWidget* gtk_vbox_new(gboolean, gint)’ is deprecated: Use 'gtk_box_new' instead [-Wdeprecated-declarations]
  170 |                         m_vboxDetails = gtk_vbox_new(FALSE, 3);
      |                                         ~~~~~~~~~~~~^~~~~~~~~~
/usr/include/gtk-3.0/gtk/deprecated/gtkvbox.h:61:13: note: declared here
   61 | GtkWidget * gtk_vbox_new      (gboolean homogeneous,
      |             ^~~~~~~~~~~~
/usr/include/gtk-3.0/gtk/deprecated/gtkmisc.h:38:59: warning: ‘GType gtk_misc_get_type()’ is deprecated [-Wdeprecated-declarations]
   38 | #define GTK_TYPE_MISC                  (gtk_misc_get_type ())
      |                                         ~~~~~~~~~~~~~~~~~~^~
/usr/include/glib-2.0/gobject/gtype.h:2660:70: note: in definition of macro ‘_G_TYPE_CIC’
 2660 |     ((ct*) (void *) g_type_check_instance_cast ((GTypeInstance*) ip, gt))
      |                                                                      ^~
/usr/include/gtk-3.0/gtk/deprecated/gtkmisc.h:39:41: note: in expansion of macro ‘G_TYPE_CHECK_INSTANCE_CAST’
   39 | #define GTK_MISC(obj)                  (G_TYPE_CHECK_INSTANCE_CAST ((obj), GTK_TYPE_MISC, GtkMisc))
      |                                         ^~~~~~~~~~~~~~~~~~~~~~~~~~
/usr/include/gtk-3.0/gtk/deprecated/gtkmisc.h:39:76: note: in expansion of macro ‘GTK_TYPE_MISC’
   39 | #define GTK_MISC(obj)                  (G_TYPE_CHECK_INSTANCE_CAST ((obj), GTK_TYPE_MISC, GtkMisc))
      |                                                                            ^~~~~~~~~~~~~
TaskManagerDlg.cpp:175:48: note: in expansion of macro ‘GTK_MISC’
  175 |                         gtk_misc_set_alignment(GTK_MISC(m_labelDetails), 0., 0.);
      |                                                ^~~~~~~~
/usr/include/gtk-3.0/gtk/deprecated/gtkmisc.h:70:9: note: declared here
   70 | GType   gtk_misc_get_type      (void) G_GNUC_CONST;
      |         ^~~~~~~~~~~~~~~~~
TaskManagerDlg.cpp:175:47: warning: ‘void gtk_misc_set_alignment(GtkMisc*, gfloat, gfloat)’ is deprecated [-Wdeprecated-declarations]
  175 |                         gtk_misc_set_alignment(GTK_MISC(m_labelDetails), 0., 0.);
      |                         ~~~~~~~~~~~~~~~~~~~~~~^~~~~~~~~~~~~~~~~~~~~~~~~~~~~~~~~~
/usr/include/gtk-3.0/gtk/deprecated/gtkmisc.h:72:9: note: declared here
   72 | void    gtk_misc_set_alignment (GtkMisc *misc,
      |         ^~~~~~~~~~~~~~~~~~~~~~
TaskManagerDlg.cpp:178:54: warning: ‘GtkWidget* gtk_hbox_new(gboolean, gint)’ is deprecated: Use 'gtk_box_new' instead [-Wdeprecated-declarations]
  178 |                         m_hboxProgress = gtk_hbox_new(FALSE, 2);
      |                                          ~~~~~~~~~~~~^~~~~~~~~~
/usr/include/gtk-3.0/gtk/deprecated/gtkhbox.h:63:13: note: declared here
   63 | GtkWidget * gtk_hbox_new      (gboolean homogeneous,
      |             ^~~~~~~~~~~~
/usr/include/gtk-3.0/gtk/deprecated/gtkstock.h:663:38: warning: ‘GtkStock’ is deprecated [-Wdeprecated-declarations]
  663 | #define GTK_STOCK_MEDIA_PAUSE      ((GtkStock)"gtk-media-pause")
      |                                      ^~~~~~~~
TaskManagerDlg.cpp:183:66: note: in expansion of macro ‘GTK_STOCK_MEDIA_PAUSE’
  183 |                                         gtk_image_new_from_stock(GTK_STOCK_MEDIA_PAUSE, GTK_ICON_SIZE_BUTTON));
      |                                                                  ^~~~~~~~~~~~~~~~~~~~~
/usr/include/gtk-3.0/gtk/deprecated/gtkstock.h:108:16: note: declared here
  108 | typedef char * GtkStock;
      |                ^~~~~~~~
TaskManagerDlg.cpp:183:65: warning: ‘GtkWidget* gtk_image_new_from_stock(const gchar*, GtkIconSize)’ is deprecated: Use 'gtk_image_new_from_icon_name' instead [-Wdeprecated-declarations]
  183 |                                         gtk_image_new_from_stock(GTK_STOCK_MEDIA_PAUSE, GTK_ICON_SIZE_BUTTON));
      |                                         ~~~~~~~~~~~~~~~~~~~~~~~~^~~~~~~~~~~~~~~~~~~~~~~~~~~~~~~~~~~~~~~~~~~~~
/usr/include/gtk-3.0/gtk/gtkimage.h:122:12: note: declared here
  122 | GtkWidget* gtk_image_new_from_stock     (const gchar     *stock_id,
      |            ^~~~~~~~~~~~~~~~~~~~~~~~
/usr/include/gtk-3.0/gtk/deprecated/gtkstock.h:159:38: warning: ‘GtkStock’ is deprecated [-Wdeprecated-declarations]
  159 | #define GTK_STOCK_CANCEL           ((GtkStock)"gtk-cancel")
      |                                      ^~~~~~~~
TaskManagerDlg.cpp:192:66: note: in expansion of macro ‘GTK_STOCK_CANCEL’
  192 |                                         gtk_image_new_from_stock(GTK_STOCK_CANCEL, GTK_ICON_SIZE_BUTTON));
      |                                                                  ^~~~~~~~~~~~~~~~
/usr/include/gtk-3.0/gtk/deprecated/gtkstock.h:108:16: note: declared here
  108 | typedef char * GtkStock;
      |                ^~~~~~~~
TaskManagerDlg.cpp:192:65: warning: ‘GtkWidget* gtk_image_new_from_stock(const gchar*, GtkIconSize)’ is deprecated: Use 'gtk_image_new_from_icon_name' instead [-Wdeprecated-declarations]
  192 |                                         gtk_image_new_from_stock(GTK_STOCK_CANCEL, GTK_ICON_SIZE_BUTTON));
      |                                         ~~~~~~~~~~~~~~~~~~~~~~~~^~~~~~~~~~~~~~~~~~~~~~~~~~~~~~~~~~~~~~~~
/usr/include/gtk-3.0/gtk/gtkimage.h:122:12: note: declared here
  122 | GtkWidget* gtk_image_new_from_stock     (const gchar     *stock_id,
      |            ^~~~~~~~~~~~~~~~~~~~~~~~
/usr/include/gtk-3.0/gtk/deprecated/gtkmisc.h:38:59: warning: ‘GType gtk_misc_get_type()’ is deprecated [-Wdeprecated-declarations]
   38 | #define GTK_TYPE_MISC                  (gtk_misc_get_type ())
      |                                         ~~~~~~~~~~~~~~~~~~^~
/usr/include/glib-2.0/gobject/gtype.h:2660:70: note: in definition of macro ‘_G_TYPE_CIC’
 2660 |     ((ct*) (void *) g_type_check_instance_cast ((GTypeInstance*) ip, gt))
      |                                                                      ^~
/usr/include/gtk-3.0/gtk/deprecated/gtkmisc.h:39:41: note: in expansion of macro ‘G_TYPE_CHECK_INSTANCE_CAST’
   39 | #define GTK_MISC(obj)                  (G_TYPE_CHECK_INSTANCE_CAST ((obj), GTK_TYPE_MISC, GtkMisc))
      |                                         ^~~~~~~~~~~~~~~~~~~~~~~~~~
/usr/include/gtk-3.0/gtk/deprecated/gtkmisc.h:39:76: note: in expansion of macro ‘GTK_TYPE_MISC’
   39 | #define GTK_MISC(obj)                  (G_TYPE_CHECK_INSTANCE_CAST ((obj), GTK_TYPE_MISC, GtkMisc))
      |                                                                            ^~~~~~~~~~~~~
TaskManagerDlg.cpp:210:48: note: in expansion of macro ‘GTK_MISC’
  210 |                         gtk_misc_set_alignment(GTK_MISC(m_labelProgDetails), 0., 0.);
      |                                                ^~~~~~~~
/usr/include/gtk-3.0/gtk/deprecated/gtkmisc.h:70:9: note: declared here
   70 | GType   gtk_misc_get_type      (void) G_GNUC_CONST;
      |         ^~~~~~~~~~~~~~~~~
TaskManagerDlg.cpp:210:47: warning: ‘void gtk_misc_set_alignment(GtkMisc*, gfloat, gfloat)’ is deprecated [-Wdeprecated-declarations]
  210 |                         gtk_misc_set_alignment(GTK_MISC(m_labelProgDetails), 0., 0.);
      |                         ~~~~~~~~~~~~~~~~~~~~~~^~~~~~~~~~~~~~~~~~~~~~~~~~~~~~~~~~~~~~
/usr/include/gtk-3.0/gtk/deprecated/gtkmisc.h:72:9: note: declared here
   72 | void    gtk_misc_set_alignment (GtkMisc *misc,
      |         ^~~~~~~~~~~~~~~~~~~~~~
TaskManagerDlg.cpp: In static member function ‘static void TaskManagerDlg::TaskManagerDlgPriv::TaskProgressGUI::on_clicked(GtkButton*, gpointer)’:
/usr/include/gtk-3.0/gtk/deprecated/gtkstock.h:674:38: warning: ‘GtkStock’ is deprecated [-Wdeprecated-declarations]
  674 | #define GTK_STOCK_MEDIA_PLAY       ((GtkStock)"gtk-media-play")
      |                                      ^~~~~~~~
TaskManagerDlg.cpp:287:82: note: in expansion of macro ‘GTK_STOCK_MEDIA_PLAY’
  287 |                                                         gtk_image_new_from_stock(GTK_STOCK_MEDIA_PLAY, GTK_ICON_SIZE_BUTTON));
      |                                                                                  ^~~~~~~~~~~~~~~~~~~~
/usr/include/gtk-3.0/gtk/deprecated/gtkstock.h:108:16: note: declared here
  108 | typedef char * GtkStock;
      |                ^~~~~~~~
TaskManagerDlg.cpp:287:81: warning: ‘GtkWidget* gtk_image_new_from_stock(const gchar*, GtkIconSize)’ is deprecated: Use 'gtk_image_new_from_icon_name' instead [-Wdeprecated-declarations]
  287 |                                                         gtk_image_new_from_stock(GTK_STOCK_MEDIA_PLAY, GTK_ICON_SIZE_BUTTON));
      |                                                         ~~~~~~~~~~~~~~~~~~~~~~~~^~~~~~~~~~~~~~~~~~~~~~~~~~~~~~~~~~~~~~~~~~~~
/usr/include/gtk-3.0/gtk/gtkimage.h:122:12: note: declared here
  122 | GtkWidget* gtk_image_new_from_stock     (const gchar     *stock_id,
      |            ^~~~~~~~~~~~~~~~~~~~~~~~
/usr/include/gtk-3.0/gtk/deprecated/gtkstock.h:663:38: warning: ‘GtkStock’ is deprecated [-Wdeprecated-declarations]
  663 | #define GTK_STOCK_MEDIA_PAUSE      ((GtkStock)"gtk-media-pause")
      |                                      ^~~~~~~~
TaskManagerDlg.cpp:293:82: note: in expansion of macro ‘GTK_STOCK_MEDIA_PAUSE’
  293 |                                                         gtk_image_new_from_stock(GTK_STOCK_MEDIA_PAUSE, GTK_ICON_SIZE_BUTTON));
      |                                                                                  ^~~~~~~~~~~~~~~~~~~~~
/usr/include/gtk-3.0/gtk/deprecated/gtkstock.h:108:16: note: declared here
  108 | typedef char * GtkStock;
      |                ^~~~~~~~
TaskManagerDlg.cpp:293:81: warning: ‘GtkWidget* gtk_image_new_from_stock(const gchar*, GtkIconSize)’ is deprecated: Use 'gtk_image_new_from_icon_name' instead [-Wdeprecated-declarations]
  293 |                                                         gtk_image_new_from_stock(GTK_STOCK_MEDIA_PAUSE, GTK_ICON_SIZE_BUTTON));
      |                                                         ~~~~~~~~~~~~~~~~~~~~~~~~^~~~~~~~~~~~~~~~~~~~~~~~~~~~~~~~~~~~~~~~~~~~~
/usr/include/gtk-3.0/gtk/gtkimage.h:122:12: note: declared here
  122 | GtkWidget* gtk_image_new_from_stock     (const gchar     *stock_id,
      |            ^~~~~~~~~~~~~~~~~~~~~~~~
depbase=`echo AbstractTask.o | sed 's|[^/]*$|.deps/&|;s|\.o$||'`;\
g++ -DHAVE_CONFIG_H -I. -I..  -I.. -DPACKAGE_LOCALE_DIR=\""/usr/local/share/locale"\" -DPACKAGE_SRC_DIR=\""."\" -DPACKAGE_DATA_DIR=\""/usr/local/share"\" -DQUIVER_DATADIR=\""/app/data"\" -I/usr/include/gtk-3.0 -I/usr/include/pango-1.0 -I/usr/include/glib-2.0 -I/usr/lib/x86_64-linux-gnu/glib-2.0/include -I/usr/include/harfbuzz -I/usr/include/freetype2 -I/usr/include/libpng16 -I/usr/include/libmount -I/usr/include/blkid -I/usr/include/fribidi -I/usr/include/cairo -I/usr/include/pixman-1 -I/usr/include/gdk-pixbuf-2.0 -I/usr/include/x86_64-linux-gnu -I/usr/include/webp -I/usr/include/gio-unix-2.0 -I/usr/include/atk-1.0 -I/usr/include/at-spi2-atk/2.0 -I/usr/include/at-spi-2.0 -I/usr/include/dbus-1.0 -I/usr/lib/x86_64-linux-gnu/dbus-1.0/include -pthread        -I/usr/include   -I/usr/include/gstreamer-1.0 -I/usr/include/glib-2.0 -I/usr/lib/x86_64-linux-gnu/glib-2.0/include -I/usr/include/x86_64-linux-gnu -I/usr/include/orc-0.4 -pthread  -Wall    -Wincompatible-pointer-types -Werror=incompatible-pointer-types -Werror=int-conversion -Werror=implicit-function-declaration -Wwrite-strings -MT AbstractTask.o -MD -MP -MF $depbase.Tpo -c -o AbstractTask.o AbstractTask.cpp &&\
mv -f $depbase.Tpo $depbase.Po
cc1plus: warning: command-line option ‘-Wincompatible-pointer-types’ is valid for C/ObjC but not for C++
cc1plus: warning: ‘-Werror=’ argument ‘-Werror=incompatible-pointer-types’ is not valid for C++
cc1plus: warning: ‘-Werror=’ argument ‘-Werror=int-conversion’ is not valid for C++
cc1plus: warning: ‘-Werror=’ argument ‘-Werror=implicit-function-declaration’ is not valid for C++
depbase=`echo OrganizeTask.o | sed 's|[^/]*$|.deps/&|;s|\.o$||'`;\
g++ -DHAVE_CONFIG_H -I. -I..  -I.. -DPACKAGE_LOCALE_DIR=\""/usr/local/share/locale"\" -DPACKAGE_SRC_DIR=\""."\" -DPACKAGE_DATA_DIR=\""/usr/local/share"\" -DQUIVER_DATADIR=\""/app/data"\" -I/usr/include/gtk-3.0 -I/usr/include/pango-1.0 -I/usr/include/glib-2.0 -I/usr/lib/x86_64-linux-gnu/glib-2.0/include -I/usr/include/harfbuzz -I/usr/include/freetype2 -I/usr/include/libpng16 -I/usr/include/libmount -I/usr/include/blkid -I/usr/include/fribidi -I/usr/include/cairo -I/usr/include/pixman-1 -I/usr/include/gdk-pixbuf-2.0 -I/usr/include/x86_64-linux-gnu -I/usr/include/webp -I/usr/include/gio-unix-2.0 -I/usr/include/atk-1.0 -I/usr/include/at-spi2-atk/2.0 -I/usr/include/at-spi-2.0 -I/usr/include/dbus-1.0 -I/usr/lib/x86_64-linux-gnu/dbus-1.0/include -pthread        -I/usr/include   -I/usr/include/gstreamer-1.0 -I/usr/include/glib-2.0 -I/usr/lib/x86_64-linux-gnu/glib-2.0/include -I/usr/include/x86_64-linux-gnu -I/usr/include/orc-0.4 -pthread  -Wall    -Wincompatible-pointer-types -Werror=incompatible-pointer-types -Werror=int-conversion -Werror=implicit-function-declaration -Wwrite-strings -MT OrganizeTask.o -MD -MP -MF $depbase.Tpo -c -o OrganizeTask.o OrganizeTask.cpp &&\
mv -f $depbase.Tpo $depbase.Po
cc1plus: warning: command-line option ‘-Wincompatible-pointer-types’ is valid for C/ObjC but not for C++
cc1plus: warning: ‘-Werror=’ argument ‘-Werror=incompatible-pointer-types’ is not valid for C++
cc1plus: warning: ‘-Werror=’ argument ‘-Werror=int-conversion’ is not valid for C++
cc1plus: warning: ‘-Werror=’ argument ‘-Werror=implicit-function-declaration’ is not valid for C++
depbase=`echo ThreadUtil.o | sed 's|[^/]*$|.deps/&|;s|\.o$||'`;\
g++ -DHAVE_CONFIG_H -I. -I..  -I.. -DPACKAGE_LOCALE_DIR=\""/usr/local/share/locale"\" -DPACKAGE_SRC_DIR=\""."\" -DPACKAGE_DATA_DIR=\""/usr/local/share"\" -DQUIVER_DATADIR=\""/app/data"\" -I/usr/include/gtk-3.0 -I/usr/include/pango-1.0 -I/usr/include/glib-2.0 -I/usr/lib/x86_64-linux-gnu/glib-2.0/include -I/usr/include/harfbuzz -I/usr/include/freetype2 -I/usr/include/libpng16 -I/usr/include/libmount -I/usr/include/blkid -I/usr/include/fribidi -I/usr/include/cairo -I/usr/include/pixman-1 -I/usr/include/gdk-pixbuf-2.0 -I/usr/include/x86_64-linux-gnu -I/usr/include/webp -I/usr/include/gio-unix-2.0 -I/usr/include/atk-1.0 -I/usr/include/at-spi2-atk/2.0 -I/usr/include/at-spi-2.0 -I/usr/include/dbus-1.0 -I/usr/lib/x86_64-linux-gnu/dbus-1.0/include -pthread        -I/usr/include   -I/usr/include/gstreamer-1.0 -I/usr/include/glib-2.0 -I/usr/lib/x86_64-linux-gnu/glib-2.0/include -I/usr/include/x86_64-linux-gnu -I/usr/include/orc-0.4 -pthread  -Wall    -Wincompatible-pointer-types -Werror=incompatible-pointer-types -Werror=int-conversion -Werror=implicit-function-declaration -Wwrite-strings -MT ThreadUtil.o -MD -MP -MF $depbase.Tpo -c -o ThreadUtil.o ThreadUtil.cpp &&\
mv -f $depbase.Tpo $depbase.Po
cc1plus: warning: command-line option ‘-Wincompatible-pointer-types’ is valid for C/ObjC but not for C++
cc1plus: warning: ‘-Werror=’ argument ‘-Werror=incompatible-pointer-types’ is not valid for C++
cc1plus: warning: ‘-Werror=’ argument ‘-Werror=int-conversion’ is not valid for C++
cc1plus: warning: ‘-Werror=’ argument ‘-Werror=implicit-function-declaration’ is not valid for C++
ThreadUtil.cpp:3:13: warning: Deprecated pre-processor symbol: replace with "G_PRIVATE_INIT"
    3 | static GStaticPrivate gui_thread_key = G_STATIC_PRIVATE_INIT;
      |             ^~~~~~~~~~~~~~~~~~~~~~~~~~~~~~~~~~~~~~~~~~~~~~~~~
ThreadUtil.cpp:3:23: warning: ‘GStaticPrivate’ is deprecated: Use 'GPrivate' instead [-Wdeprecated-declarations]
    3 | static GStaticPrivate gui_thread_key = G_STATIC_PRIVATE_INIT;
      |                       ^~~~~~~~~~~~~~
In file included from /usr/include/glib-2.0/glib.h:115,
                 from ThreadUtil.cpp:1:
/usr/include/glib-2.0/glib/deprecated/gthread.h:245:33: note: declared here
  245 | typedef struct _GStaticPrivate  GStaticPrivate GLIB_DEPRECATED_TYPE_IN_2_32_FOR(GPrivate);
      |                                 ^~~~~~~~~~~~~~
ThreadUtil.cpp: In function ‘void ThreadUtil::Init()’:
ThreadUtil.cpp:13:37: warning: ‘void g_static_private_set(GStaticPrivate*, gpointer, GDestroyNotify)’ is deprecated: Use 'g_private_set' instead [-Wdeprecated-declarations]
   13 |                 g_static_private_set(&gui_thread_key, GUINT_TO_POINTER(1),NULL);
      |                 ~~~~~~~~~~~~~~~~~~~~^~~~~~~~~~~~~~~~~~~~~~~~~~~~~~~~~~~~~~~~~~~
/usr/include/glib-2.0/glib/deprecated/gthread.h:260:10: note: declared here
  260 | void     g_static_private_set            (GStaticPrivate *private_key,
      |          ^~~~~~~~~~~~~~~~~~~~
In file included from /usr/include/glib-2.0/glib/gtypes.h:34,
                 from /usr/include/glib-2.0/glib/galloca.h:34,
                 from /usr/include/glib-2.0/glib.h:32:
ThreadUtil.cpp: In function ‘bool ThreadUtil::IsGUIThread()’:
ThreadUtil.cpp:19:58: warning: ‘void* g_static_private_get(GStaticPrivate*)’ is deprecated: Use 'g_private_get' instead [-Wdeprecated-declarations]
   19 |         return 1 == GPOINTER_TO_UINT(g_static_private_get(&gui_thread_key));
      |                                      ~~~~~~~~~~~~~~~~~~~~^~~~~~~~~~~~~~~~~
/usr/lib/x86_64-linux-gnu/glib-2.0/include/glibconfig.h:104:52: note: in definition of macro ‘GPOINTER_TO_UINT’
  104 | #define GPOINTER_TO_UINT(p)     ((guint) (gulong) (p))
      |                                                    ^
/usr/include/glib-2.0/glib/deprecated/gthread.h:257:10: note: declared here
  257 | gpointer g_static_private_get            (GStaticPrivate *private_key);
      |          ^~~~~~~~~~~~~~~~~~~~
depbase=`echo MessageBox.o | sed 's|[^/]*$|.deps/&|;s|\.o$||'`;\
g++ -DHAVE_CONFIG_H -I. -I..  -I.. -DPACKAGE_LOCALE_DIR=\""/usr/local/share/locale"\" -DPACKAGE_SRC_DIR=\""."\" -DPACKAGE_DATA_DIR=\""/usr/local/share"\" -DQUIVER_DATADIR=\""/app/data"\" -I/usr/include/gtk-3.0 -I/usr/include/pango-1.0 -I/usr/include/glib-2.0 -I/usr/lib/x86_64-linux-gnu/glib-2.0/include -I/usr/include/harfbuzz -I/usr/include/freetype2 -I/usr/include/libpng16 -I/usr/include/libmount -I/usr/include/blkid -I/usr/include/fribidi -I/usr/include/cairo -I/usr/include/pixman-1 -I/usr/include/gdk-pixbuf-2.0 -I/usr/include/x86_64-linux-gnu -I/usr/include/webp -I/usr/include/gio-unix-2.0 -I/usr/include/atk-1.0 -I/usr/include/at-spi2-atk/2.0 -I/usr/include/at-spi-2.0 -I/usr/include/dbus-1.0 -I/usr/lib/x86_64-linux-gnu/dbus-1.0/include -pthread        -I/usr/include   -I/usr/include/gstreamer-1.0 -I/usr/include/glib-2.0 -I/usr/lib/x86_64-linux-gnu/glib-2.0/include -I/usr/include/x86_64-linux-gnu -I/usr/include/orc-0.4 -pthread  -Wall    -Wincompatible-pointer-types -Werror=incompatible-pointer-types -Werror=int-conversion -Werror=implicit-function-declaration -Wwrite-strings -MT MessageBox.o -MD -MP -MF $depbase.Tpo -c -o MessageBox.o MessageBox.cpp &&\
mv -f $depbase.Tpo $depbase.Po
cc1plus: warning: command-line option ‘-Wincompatible-pointer-types’ is valid for C/ObjC but not for C++
cc1plus: warning: ‘-Werror=’ argument ‘-Werror=incompatible-pointer-types’ is not valid for C++
cc1plus: warning: ‘-Werror=’ argument ‘-Werror=int-conversion’ is not valid for C++
cc1plus: warning: ‘-Werror=’ argument ‘-Werror=implicit-function-declaration’ is not valid for C++
In file included from /usr/include/boost/function/detail/requires_cxx11.hpp:9,
                 from /usr/include/boost/function/detail/prologue.hpp:12,
                 from /usr/include/boost/function.hpp:30,
                 from /usr/include/boost/signals2/signal.hpp:19,
                 from AbstractEventSource.h:5,
                 from TaskManagerEventSource.h:4,
                 from TaskManagerEventSource.cpp:1:
/usr/include/boost/bind.hpp:36:1: note: ‘#pragma message: The practice of declaring the Bind placeholders (_1, _2, ...) in the global namespace is deprecated. Please use <boost/bind/bind.hpp> + using namespace boost::placeholders, or define BOOST_BIND_GLOBAL_PLACEHOLDERS to retain the current behavior.’
   36 | BOOST_PRAGMA_MESSAGE(
      | ^~~~~~~~~~~~~~~~~~~~
MessageBox.cpp: In constructor ‘MessageBox::PrivateImpl::PrivateImpl(MessageBox*, MessageBox::IconType, MessageBox::ButtonType, std::string, std::string)’:
MessageBox.cpp:66:49: warning: format not a string literal and no format arguments [-Wformat-security]
   66 |                 m_pDlg = gtk_message_dialog_new (window,
      |                          ~~~~~~~~~~~~~~~~~~~~~~~^~~~~~~~
   67 |                           GTK_DIALOG_DESTROY_WITH_PARENT,
      |                           ~~~~~~~~~~~~~~~~~~~~~~~~~~~~~~~
   68 |                           messageType,
      |                           ~~~~~~~~~~~~
   69 |                           button_type,
      |                           ~~~~~~~~~~~~
   70 |                           m_strMsg.c_str());
      |                           ~~~~~~~~~~~~~~~~~
MessageBox.cpp:72:57: warning: format not a string literal and no format arguments [-Wformat-security]
   72 |                 gtk_message_dialog_format_secondary_text(GTK_MESSAGE_DIALOG(m_pDlg),
      |                 ~~~~~~~~~~~~~~~~~~~~~~~~~~~~~~~~~~~~~~~~^~~~~~~~~~~~~~~~~~~~~~~~~~~~
   73 |                                 m_strDetails.c_str());
      |                                 ~~~~~~~~~~~~~~~~~~~~~
MessageBox.cpp: In destructor ‘MessageBox::PrivateImpl::~PrivateImpl()’:
MessageBox.cpp:81:42: warning: ‘void gdk_threads_enter()’ is deprecated [-Wdeprecated-declarations]
   81 |                         gdk_threads_enter();
      |                         ~~~~~~~~~~~~~~~~~^~
In file included from /usr/include/gtk-3.0/gdk/gdk.h:61,
                 from /usr/include/gtk-3.0/gtk/gtk.h:30,
                 from MessageBox.cpp:3:
/usr/include/gtk-3.0/gdk/gdkthreads.h:46:10: note: declared here
   46 | void     gdk_threads_enter                    (void);
      |          ^~~~~~~~~~~~~~~~~
MessageBox.cpp:88:42: warning: ‘void gdk_threads_leave()’ is deprecated [-Wdeprecated-declarations]
   88 |                         gdk_threads_leave();
      |                         ~~~~~~~~~~~~~~~~~^~
/usr/include/gtk-3.0/gdk/gdkthreads.h:48:10: note: declared here
   48 | void     gdk_threads_leave                    (void);
      |          ^~~~~~~~~~~~~~~~~
MessageBox.cpp: In member function ‘MessageBox::ResponseType MessageBox::PrivateImpl::Run()’:
MessageBox.cpp:97:42: warning: ‘void gdk_threads_enter()’ is deprecated [-Wdeprecated-declarations]
   97 |                         gdk_threads_enter();
      |                         ~~~~~~~~~~~~~~~~~^~
/usr/include/gtk-3.0/gdk/gdkthreads.h:46:10: note: declared here
   46 | void     gdk_threads_enter                    (void);
      |          ^~~~~~~~~~~~~~~~~
MessageBox.cpp:104:42: warning: ‘void gdk_threads_leave()’ is deprecated [-Wdeprecated-declarations]
  104 |                         gdk_threads_leave();
      |                         ~~~~~~~~~~~~~~~~~^~
/usr/include/gtk-3.0/gdk/gdkthreads.h:48:10: note: declared here
   48 | void     gdk_threads_leave                    (void);
      |          ^~~~~~~~~~~~~~~~~
MessageBox.cpp: In member function ‘MessageBox::ResponseType MessageBox::Run()’:
MessageBox.cpp:161:1: warning: no return statement in function returning non-void [-Wreturn-type]
  161 | }
      | ^
In file included from /usr/include/gtk-3.0/gtk/deprecated/gtkactiongroup.h:37,
                 from /usr/include/gtk-3.0/gtk/gtk.h:254:
MessageBox.cpp: In member function ‘void MessageBox::AddButton(BUTTON_ICON, const std::string&, ResponseType)’:
/usr/include/gtk-3.0/gtk/deprecated/gtkstock.h:132:38: warning: ‘GtkStock’ is deprecated [-Wdeprecated-declarations]
  132 | #define GTK_STOCK_ADD              ((GtkStock)"gtk-add")
      |                                      ^~~~~~~~
MessageBox.cpp:180:30: note: in expansion of macro ‘GTK_STOCK_ADD’
  180 |                 stock_icon = GTK_STOCK_ADD;
      |                              ^~~~~~~~~~~~~
/usr/include/gtk-3.0/gtk/deprecated/gtkstock.h:108:16: note: declared here
  108 | typedef char * GtkStock;
      |                ^~~~~~~~
/usr/include/gtk-3.0/gtk/deprecated/gtkstock.h:141:38: warning: ‘GtkStock’ is deprecated [-Wdeprecated-declarations]
  141 | #define GTK_STOCK_APPLY            ((GtkStock)"gtk-apply")
      |                                      ^~~~~~~~
MessageBox.cpp:184:30: note: in expansion of macro ‘GTK_STOCK_APPLY’
  184 |                 stock_icon = GTK_STOCK_APPLY;
      |                              ^~~~~~~~~~~~~~~
/usr/include/gtk-3.0/gtk/deprecated/gtkstock.h:108:16: note: declared here
  108 | typedef char * GtkStock;
      |                ^~~~~~~~
/usr/include/gtk-3.0/gtk/deprecated/gtkstock.h:159:38: warning: ‘GtkStock’ is deprecated [-Wdeprecated-declarations]
  159 | #define GTK_STOCK_CANCEL           ((GtkStock)"gtk-cancel")
      |                                      ^~~~~~~~
MessageBox.cpp:188:30: note: in expansion of macro ‘GTK_STOCK_CANCEL’
  188 |                 stock_icon = GTK_STOCK_CANCEL;
      |                              ^~~~~~~~~~~~~~~~
/usr/include/gtk-3.0/gtk/deprecated/gtkstock.h:108:16: note: declared here
  108 | typedef char * GtkStock;
      |                ^~~~~~~~
/usr/include/gtk-3.0/gtk/deprecated/gtkstock.h:188:38: warning: ‘GtkStock’ is deprecated [-Wdeprecated-declarations]
  188 | #define GTK_STOCK_CLEAR            ((GtkStock)"gtk-clear")
      |                                      ^~~~~~~~
MessageBox.cpp:192:30: note: in expansion of macro ‘GTK_STOCK_CLEAR’
  192 |                 stock_icon = GTK_STOCK_CLEAR;
      |                              ^~~~~~~~~~~~~~~
/usr/include/gtk-3.0/gtk/deprecated/gtkstock.h:108:16: note: declared here
  108 | typedef char * GtkStock;
      |                ^~~~~~~~
/usr/include/gtk-3.0/gtk/deprecated/gtkstock.h:197:38: warning: ‘GtkStock’ is deprecated [-Wdeprecated-declarations]
  197 | #define GTK_STOCK_CLOSE            ((GtkStock)"gtk-close")
      |                                      ^~~~~~~~
MessageBox.cpp:196:30: note: in expansion of macro ‘GTK_STOCK_CLOSE’
  196 |                 stock_icon = GTK_STOCK_CLOSE;
      |                              ^~~~~~~~~~~~~~~
/usr/include/gtk-3.0/gtk/deprecated/gtkstock.h:108:16: note: declared here
  108 | typedef char * GtkStock;
      |                ^~~~~~~~
/usr/include/gtk-3.0/gtk/deprecated/gtkstock.h:219:38: warning: ‘GtkStock’ is deprecated [-Wdeprecated-declarations]
  219 | #define GTK_STOCK_CONNECT          ((GtkStock)"gtk-connect")
      |                                      ^~~~~~~~
MessageBox.cpp:200:30: note: in expansion of macro ‘GTK_STOCK_CONNECT’
  200 |                 stock_icon = GTK_STOCK_CONNECT;
      |                              ^~~~~~~~~~~~~~~~~
/usr/include/gtk-3.0/gtk/deprecated/gtkstock.h:108:16: note: declared here
  108 | typedef char * GtkStock;
      |                ^~~~~~~~
/usr/include/gtk-3.0/gtk/deprecated/gtkstock.h:255:38: warning: ‘GtkStock’ is deprecated [-Wdeprecated-declarations]
  255 | #define GTK_STOCK_DELETE           ((GtkStock)"gtk-delete")
      |                                      ^~~~~~~~
MessageBox.cpp:204:30: note: in expansion of macro ‘GTK_STOCK_DELETE’
  204 |                 stock_icon = GTK_STOCK_DELETE;
      |                              ^~~~~~~~~~~~~~~~
/usr/include/gtk-3.0/gtk/deprecated/gtkstock.h:108:16: note: declared here
  108 | typedef char * GtkStock;
      |                ^~~~~~~~
/usr/include/gtk-3.0/gtk/deprecated/gtkstock.h:313:38: warning: ‘GtkStock’ is deprecated [-Wdeprecated-declarations]
  313 | #define GTK_STOCK_DIRECTORY        ((GtkStock)"gtk-directory")
      |                                      ^~~~~~~~
MessageBox.cpp:208:30: note: in expansion of macro ‘GTK_STOCK_DIRECTORY’
  208 |                 stock_icon = GTK_STOCK_DIRECTORY;
      |                              ^~~~~~~~~~~~~~~~~~~
/usr/include/gtk-3.0/gtk/deprecated/gtkstock.h:108:16: note: declared here
  108 | typedef char * GtkStock;
      |                ^~~~~~~~
/usr/include/gtk-3.0/gtk/deprecated/gtkstock.h:335:38: warning: ‘GtkStock’ is deprecated [-Wdeprecated-declarations]
  335 | #define GTK_STOCK_DISCONNECT       ((GtkStock)"gtk-disconnect")
      |                                      ^~~~~~~~
MessageBox.cpp:212:30: note: in expansion of macro ‘GTK_STOCK_DISCONNECT’
  212 |                 stock_icon = GTK_STOCK_DISCONNECT;
      |                              ^~~~~~~~~~~~~~~~~~~~
/usr/include/gtk-3.0/gtk/deprecated/gtkstock.h:108:16: note: declared here
  108 | typedef char * GtkStock;
      |                ^~~~~~~~
/usr/include/gtk-3.0/gtk/deprecated/gtkstock.h:364:38: warning: ‘GtkStock’ is deprecated [-Wdeprecated-declarations]
  364 | #define GTK_STOCK_EDIT             ((GtkStock)"gtk-edit")
      |                                      ^~~~~~~~
MessageBox.cpp:216:30: note: in expansion of macro ‘GTK_STOCK_EDIT’
  216 |                 stock_icon = GTK_STOCK_EDIT;
      |                              ^~~~~~~~~~~~~~
/usr/include/gtk-3.0/gtk/deprecated/gtkstock.h:108:16: note: declared here
  108 | typedef char * GtkStock;
      |                ^~~~~~~~
/usr/include/gtk-3.0/gtk/deprecated/gtkstock.h:373:38: warning: ‘GtkStock’ is deprecated [-Wdeprecated-declarations]
  373 | #define GTK_STOCK_EXECUTE          ((GtkStock)"gtk-execute")
      |                                      ^~~~~~~~
MessageBox.cpp:220:30: note: in expansion of macro ‘GTK_STOCK_EXECUTE’
  220 |                 stock_icon = GTK_STOCK_EXECUTE;
      |                              ^~~~~~~~~~~~~~~~~
/usr/include/gtk-3.0/gtk/deprecated/gtkstock.h:108:16: note: declared here
  108 | typedef char * GtkStock;
      |                ^~~~~~~~
/usr/include/gtk-3.0/gtk/deprecated/gtkstock.h:556:38: warning: ‘GtkStock’ is deprecated [-Wdeprecated-declarations]
  556 | #define GTK_STOCK_INFO             ((GtkStock)"gtk-info")
      |                                      ^~~~~~~~
MessageBox.cpp:224:30: note: in expansion of macro ‘GTK_STOCK_INFO’
  224 |                 stock_icon = GTK_STOCK_INFO;
      |                              ^~~~~~~~~~~~~~
/usr/include/gtk-3.0/gtk/deprecated/gtkstock.h:108:16: note: declared here
  108 | typedef char * GtkStock;
      |                ^~~~~~~~
/usr/include/gtk-3.0/gtk/deprecated/gtkstock.h:747:38: warning: ‘GtkStock’ is deprecated [-Wdeprecated-declarations]
  747 | #define GTK_STOCK_NO               ((GtkStock)"gtk-no")
      |                                      ^~~~~~~~
MessageBox.cpp:228:30: note: in expansion of macro ‘GTK_STOCK_NO’
  228 |                 stock_icon = GTK_STOCK_NO;
      |                              ^~~~~~~~~~~~
/usr/include/gtk-3.0/gtk/deprecated/gtkstock.h:108:16: note: declared here
  108 | typedef char * GtkStock;
      |                ^~~~~~~~
/usr/include/gtk-3.0/gtk/deprecated/gtkstock.h:756:38: warning: ‘GtkStock’ is deprecated [-Wdeprecated-declarations]
  756 | #define GTK_STOCK_OK               ((GtkStock)"gtk-ok")
      |                                      ^~~~~~~~
MessageBox.cpp:232:30: note: in expansion of macro ‘GTK_STOCK_OK’
  232 |                 stock_icon = GTK_STOCK_OK;
      |                              ^~~~~~~~~~~~
/usr/include/gtk-3.0/gtk/deprecated/gtkstock.h:108:16: note: declared here
  108 | typedef char * GtkStock;
      |                ^~~~~~~~
/usr/include/gtk-3.0/gtk/deprecated/gtkstock.h:928:38: warning: ‘GtkStock’ is deprecated [-Wdeprecated-declarations]
  928 | #define GTK_STOCK_REDO             ((GtkStock)"gtk-redo")
      |                                      ^~~~~~~~
MessageBox.cpp:236:30: note: in expansion of macro ‘GTK_STOCK_REDO’
  236 |                 stock_icon = GTK_STOCK_REDO;
      |                              ^~~~~~~~~~~~~~
/usr/include/gtk-3.0/gtk/deprecated/gtkstock.h:108:16: note: declared here
  108 | typedef char * GtkStock;
      |                ^~~~~~~~
/usr/include/gtk-3.0/gtk/deprecated/gtkstock.h:937:38: warning: ‘GtkStock’ is deprecated [-Wdeprecated-declarations]
  937 | #define GTK_STOCK_REFRESH          ((GtkStock)"gtk-refresh")
      |                                      ^~~~~~~~
MessageBox.cpp:240:30: note: in expansion of macro ‘GTK_STOCK_REFRESH’
  240 |                 stock_icon = GTK_STOCK_REFRESH;
      |                              ^~~~~~~~~~~~~~~~~
/usr/include/gtk-3.0/gtk/deprecated/gtkstock.h:108:16: note: declared here
  108 | typedef char * GtkStock;
      |                ^~~~~~~~
/usr/include/gtk-3.0/gtk/deprecated/gtkstock.h:946:38: warning: ‘GtkStock’ is deprecated [-Wdeprecated-declarations]
  946 | #define GTK_STOCK_REMOVE           ((GtkStock)"gtk-remove")
      |                                      ^~~~~~~~
MessageBox.cpp:244:30: note: in expansion of macro ‘GTK_STOCK_REMOVE’
  244 |                 stock_icon = GTK_STOCK_REMOVE;
      |                              ^~~~~~~~~~~~~~~~
/usr/include/gtk-3.0/gtk/deprecated/gtkstock.h:108:16: note: declared here
  108 | typedef char * GtkStock;
      |                ^~~~~~~~
/usr/include/gtk-3.0/gtk/deprecated/gtkstock.h:964:38: warning: ‘GtkStock’ is deprecated [-Wdeprecated-declarations]
  964 | #define GTK_STOCK_SAVE             ((GtkStock)"gtk-save")
      |                                      ^~~~~~~~
MessageBox.cpp:248:30: note: in expansion of macro ‘GTK_STOCK_SAVE’
  248 |                 stock_icon = GTK_STOCK_SAVE;
      |                              ^~~~~~~~~~~~~~
/usr/include/gtk-3.0/gtk/deprecated/gtkstock.h:108:16: note: declared here
  108 | typedef char * GtkStock;
      |                ^~~~~~~~
/usr/include/gtk-3.0/gtk/deprecated/gtkstock.h:973:38: warning: ‘GtkStock’ is deprecated [-Wdeprecated-declarations]
  973 | #define GTK_STOCK_SAVE_AS          ((GtkStock)"gtk-save-as")
      |                                      ^~~~~~~~
MessageBox.cpp:252:30: note: in expansion of macro ‘GTK_STOCK_SAVE_AS’
  252 |                 stock_icon = GTK_STOCK_SAVE_AS;
      |                              ^~~~~~~~~~~~~~~~~
/usr/include/gtk-3.0/gtk/deprecated/gtkstock.h:108:16: note: declared here
  108 | typedef char * GtkStock;
      |                ^~~~~~~~
/usr/include/gtk-3.0/gtk/deprecated/gtkstock.h:1038:38: warning: ‘GtkStock’ is deprecated [-Wdeprecated-declarations]
 1038 | #define GTK_STOCK_STOP             ((GtkStock)"gtk-stop")
      |                                      ^~~~~~~~
MessageBox.cpp:256:30: note: in expansion of macro ‘GTK_STOCK_STOP’
  256 |                 stock_icon = GTK_STOCK_STOP;
      |                              ^~~~~~~~~~~~~~
/usr/include/gtk-3.0/gtk/deprecated/gtkstock.h:108:16: note: declared here
  108 | typedef char * GtkStock;
      |                ^~~~~~~~
/usr/include/gtk-3.0/gtk/deprecated/gtkstock.h:1074:38: warning: ‘GtkStock’ is deprecated [-Wdeprecated-declarations]
 1074 | #define GTK_STOCK_UNDO             ((GtkStock)"gtk-undo")
      |                                      ^~~~~~~~
MessageBox.cpp:260:30: note: in expansion of macro ‘GTK_STOCK_UNDO’
  260 |                 stock_icon = GTK_STOCK_UNDO;
      |                              ^~~~~~~~~~~~~~
/usr/include/gtk-3.0/gtk/deprecated/gtkstock.h:108:16: note: declared here
  108 | typedef char * GtkStock;
      |                ^~~~~~~~
/usr/include/gtk-3.0/gtk/deprecated/gtkstock.h:1094:38: warning: ‘GtkStock’ is deprecated [-Wdeprecated-declarations]
 1094 | #define GTK_STOCK_YES              ((GtkStock)"gtk-yes")
      |                                      ^~~~~~~~
MessageBox.cpp:264:30: note: in expansion of macro ‘GTK_STOCK_YES’
  264 |                 stock_icon = GTK_STOCK_YES;
      |                              ^~~~~~~~~~~~~
/usr/include/gtk-3.0/gtk/deprecated/gtkstock.h:108:16: note: declared here
  108 | typedef char * GtkStock;
      |                ^~~~~~~~
MessageBox.cpp:297:61: warning: ‘GtkWidget* gtk_image_new_from_stock(const gchar*, GtkIconSize)’ is deprecated: Use 'gtk_image_new_from_icon_name' instead [-Wdeprecated-declarations]
  297 |                 GtkWidget* image  = gtk_image_new_from_stock(stock_icon, GTK_ICON_SIZE_BUTTON);
      |                                     ~~~~~~~~~~~~~~~~~~~~~~~~^~~~~~~~~~~~~~~~~~~~~~~~~~~~~~~~~~
In file included from /usr/include/gtk-3.0/gtk/gtkentry.h:42,
                 from /usr/include/gtk-3.0/gtk/gtktreeview.h:29,
                 from /usr/include/gtk-3.0/gtk/gtkcombobox.h:27,
                 from /usr/include/gtk-3.0/gtk/gtkappchooserbutton.h:29,
                 from /usr/include/gtk-3.0/gtk/gtk.h:42:
/usr/include/gtk-3.0/gtk/gtkimage.h:122:12: note: declared here
  122 | GtkWidget* gtk_image_new_from_stock     (const gchar     *stock_id,
      |            ^~~~~~~~~~~~~~~~~~~~~~~~
depbase=`echo OrganizeDlg.o | sed 's|[^/]*$|.deps/&|;s|\.o$||'`;\
g++ -DHAVE_CONFIG_H -I. -I..  -I.. -DPACKAGE_LOCALE_DIR=\""/usr/local/share/locale"\" -DPACKAGE_SRC_DIR=\""."\" -DPACKAGE_DATA_DIR=\""/usr/local/share"\" -DQUIVER_DATADIR=\""/app/data"\" -I/usr/include/gtk-3.0 -I/usr/include/pango-1.0 -I/usr/include/glib-2.0 -I/usr/lib/x86_64-linux-gnu/glib-2.0/include -I/usr/include/harfbuzz -I/usr/include/freetype2 -I/usr/include/libpng16 -I/usr/include/libmount -I/usr/include/blkid -I/usr/include/fribidi -I/usr/include/cairo -I/usr/include/pixman-1 -I/usr/include/gdk-pixbuf-2.0 -I/usr/include/x86_64-linux-gnu -I/usr/include/webp -I/usr/include/gio-unix-2.0 -I/usr/include/atk-1.0 -I/usr/include/at-spi2-atk/2.0 -I/usr/include/at-spi-2.0 -I/usr/include/dbus-1.0 -I/usr/lib/x86_64-linux-gnu/dbus-1.0/include -pthread        -I/usr/include   -I/usr/include/gstreamer-1.0 -I/usr/include/glib-2.0 -I/usr/lib/x86_64-linux-gnu/glib-2.0/include -I/usr/include/x86_64-linux-gnu -I/usr/include/orc-0.4 -pthread  -Wall    -Wincompatible-pointer-types -Werror=incompatible-pointer-types -Werror=int-conversion -Werror=implicit-function-declaration -Wwrite-strings -MT OrganizeDlg.o -MD -MP -MF $depbase.Tpo -c -o OrganizeDlg.o OrganizeDlg.cpp &&\
mv -f $depbase.Tpo $depbase.Po
cc1plus: warning: command-line option ‘-Wincompatible-pointer-types’ is valid for C/ObjC but not for C++
cc1plus: warning: ‘-Werror=’ argument ‘-Werror=incompatible-pointer-types’ is not valid for C++
cc1plus: warning: ‘-Werror=’ argument ‘-Werror=int-conversion’ is not valid for C++
cc1plus: warning: ‘-Werror=’ argument ‘-Werror=implicit-function-declaration’ is not valid for C++
In file included from /usr/include/boost/smart_ptr/detail/requires_cxx11.hpp:9,
                 from /usr/include/boost/smart_ptr/shared_ptr.hpp:17,
                 from /usr/include/boost/shared_ptr.hpp:17,
                 from AbstractTask.h:4,
                 from AbstractTask.cpp:1:
/usr/include/boost/bind.hpp:36:1: note: ‘#pragma message: The practice of declaring the Bind placeholders (_1, _2, ...) in the global namespace is deprecated. Please use <boost/bind/bind.hpp> + using namespace boost::placeholders, or define BOOST_BIND_GLOBAL_PLACEHOLDERS to retain the current behavior.’
   36 | BOOST_PRAGMA_MESSAGE(
      | ^~~~~~~~~~~~~~~~~~~~
depbase=`echo strnatcmp.o | sed 's|[^/]*$|.deps/&|;s|\.o$||'`;\
gcc -DHAVE_CONFIG_H -I. -I..  -I.. -DPACKAGE_LOCALE_DIR=\""/usr/local/share/locale"\" -DPACKAGE_SRC_DIR=\""."\" -DPACKAGE_DATA_DIR=\""/usr/local/share"\" -DQUIVER_DATADIR=\""/app/data"\" -I/usr/include/gtk-3.0 -I/usr/include/pango-1.0 -I/usr/include/glib-2.0 -I/usr/lib/x86_64-linux-gnu/glib-2.0/include -I/usr/include/harfbuzz -I/usr/include/freetype2 -I/usr/include/libpng16 -I/usr/include/libmount -I/usr/include/blkid -I/usr/include/fribidi -I/usr/include/cairo -I/usr/include/pixman-1 -I/usr/include/gdk-pixbuf-2.0 -I/usr/include/x86_64-linux-gnu -I/usr/include/webp -I/usr/include/gio-unix-2.0 -I/usr/include/atk-1.0 -I/usr/include/at-spi2-atk/2.0 -I/usr/include/at-spi-2.0 -I/usr/include/dbus-1.0 -I/usr/lib/x86_64-linux-gnu/dbus-1.0/include -pthread        -I/usr/include   -I/usr/include/gstreamer-1.0 -I/usr/include/glib-2.0 -I/usr/lib/x86_64-linux-gnu/glib-2.0/include -I/usr/include/x86_64-linux-gnu -I/usr/include/orc-0.4 -pthread  -Wall   -I.. -DPACKAGE_LOCALE_DIR=\""/usr/local/share/locale"\" -DPACKAGE_SRC_DIR=\""."\" -DPACKAGE_DATA_DIR=\""/usr/local/share"\" -DQUIVER_DATADIR=\""/app/data"\" -I/usr/include/gtk-3.0 -I/usr/include/pango-1.0 -I/usr/include/glib-2.0 -I/usr/lib/x86_64-linux-gnu/glib-2.0/include -I/usr/include/harfbuzz -I/usr/include/freetype2 -I/usr/include/libpng16 -I/usr/include/libmount -I/usr/include/blkid -I/usr/include/fribidi -I/usr/include/cairo -I/usr/include/pixman-1 -I/usr/include/gdk-pixbuf-2.0 -I/usr/include/x86_64-linux-gnu -I/usr/include/webp -I/usr/include/gio-unix-2.0 -I/usr/include/atk-1.0 -I/usr/include/at-spi2-atk/2.0 -I/usr/include/at-spi-2.0 -I/usr/include/dbus-1.0 -I/usr/lib/x86_64-linux-gnu/dbus-1.0/include -pthread          -I/usr/include/gstreamer-1.0 -I/usr/include/glib-2.0 -I/usr/lib/x86_64-linux-gnu/glib-2.0/include -I/usr/include/x86_64-linux-gnu -I/usr/include/orc-0.4 -pthread  -Wall  -Wincompatible-pointer-types -Werror=incompatible-pointer-types -Werror=int-conversion -Werror=implicit-function-declaration -Wwrite-strings -MT strnatcmp.o -MD -MP -MF $depbase.Tpo -c -o strnatcmp.o strnatcmp.c &&\
mv -f $depbase.Tpo $depbase.Po
depbase=`echo ExternalTools.o | sed 's|[^/]*$|.deps/&|;s|\.o$||'`;\
g++ -DHAVE_CONFIG_H -I. -I..  -I.. -DPACKAGE_LOCALE_DIR=\""/usr/local/share/locale"\" -DPACKAGE_SRC_DIR=\""."\" -DPACKAGE_DATA_DIR=\""/usr/local/share"\" -DQUIVER_DATADIR=\""/app/data"\" -I/usr/include/gtk-3.0 -I/usr/include/pango-1.0 -I/usr/include/glib-2.0 -I/usr/lib/x86_64-linux-gnu/glib-2.0/include -I/usr/include/harfbuzz -I/usr/include/freetype2 -I/usr/include/libpng16 -I/usr/include/libmount -I/usr/include/blkid -I/usr/include/fribidi -I/usr/include/cairo -I/usr/include/pixman-1 -I/usr/include/gdk-pixbuf-2.0 -I/usr/include/x86_64-linux-gnu -I/usr/include/webp -I/usr/include/gio-unix-2.0 -I/usr/include/atk-1.0 -I/usr/include/at-spi2-atk/2.0 -I/usr/include/at-spi-2.0 -I/usr/include/dbus-1.0 -I/usr/lib/x86_64-linux-gnu/dbus-1.0/include -pthread        -I/usr/include   -I/usr/include/gstreamer-1.0 -I/usr/include/glib-2.0 -I/usr/lib/x86_64-linux-gnu/glib-2.0/include -I/usr/include/x86_64-linux-gnu -I/usr/include/orc-0.4 -pthread  -Wall    -Wincompatible-pointer-types -Werror=incompatible-pointer-types -Werror=int-conversion -Werror=implicit-function-declaration -Wwrite-strings -MT ExternalTools.o -MD -MP -MF $depbase.Tpo -c -o ExternalTools.o ExternalTools.cpp &&\
mv -f $depbase.Tpo $depbase.Po
In file included from /usr/include/boost/smart_ptr/detail/requires_cxx11.hpp:9,
                 from /usr/include/boost/smart_ptr/shared_ptr.hpp:17,
                 from /usr/include/boost/shared_ptr.hpp:17,
                 from AbstractTask.h:4,
                 from OrganizeTask.h:4,
                 from OrganizeTask.cpp:1:
/usr/include/boost/bind.hpp:36:1: note: ‘#pragma message: The practice of declaring the Bind placeholders (_1, _2, ...) in the global namespace is deprecated. Please use <boost/bind/bind.hpp> + using namespace boost::placeholders, or define BOOST_BIND_GLOBAL_PLACEHOLDERS to retain the current behavior.’
   36 | BOOST_PRAGMA_MESSAGE(
      | ^~~~~~~~~~~~~~~~~~~~
cc1plus: warning: command-line option ‘-Wincompatible-pointer-types’ is valid for C/ObjC but not for C++
cc1plus: warning: ‘-Werror=’ argument ‘-Werror=incompatible-pointer-types’ is not valid for C++
cc1plus: warning: ‘-Werror=’ argument ‘-Werror=int-conversion’ is not valid for C++
cc1plus: warning: ‘-Werror=’ argument ‘-Werror=implicit-function-declaration’ is not valid for C++
depbase=`echo ExternalToolsDlg.o | sed 's|[^/]*$|.deps/&|;s|\.o$||'`;\
g++ -DHAVE_CONFIG_H -I. -I..  -I.. -DPACKAGE_LOCALE_DIR=\""/usr/local/share/locale"\" -DPACKAGE_SRC_DIR=\""."\" -DPACKAGE_DATA_DIR=\""/usr/local/share"\" -DQUIVER_DATADIR=\""/app/data"\" -I/usr/include/gtk-3.0 -I/usr/include/pango-1.0 -I/usr/include/glib-2.0 -I/usr/lib/x86_64-linux-gnu/glib-2.0/include -I/usr/include/harfbuzz -I/usr/include/freetype2 -I/usr/include/libpng16 -I/usr/include/libmount -I/usr/include/blkid -I/usr/include/fribidi -I/usr/include/cairo -I/usr/include/pixman-1 -I/usr/include/gdk-pixbuf-2.0 -I/usr/include/x86_64-linux-gnu -I/usr/include/webp -I/usr/include/gio-unix-2.0 -I/usr/include/atk-1.0 -I/usr/include/at-spi2-atk/2.0 -I/usr/include/at-spi-2.0 -I/usr/include/dbus-1.0 -I/usr/lib/x86_64-linux-gnu/dbus-1.0/include -pthread        -I/usr/include   -I/usr/include/gstreamer-1.0 -I/usr/include/glib-2.0 -I/usr/lib/x86_64-linux-gnu/glib-2.0/include -I/usr/include/x86_64-linux-gnu -I/usr/include/orc-0.4 -pthread  -Wall    -Wincompatible-pointer-types -Werror=incompatible-pointer-types -Werror=int-conversion -Werror=implicit-function-declaration -Wwrite-strings -MT ExternalToolsDlg.o -MD -MP -MF $depbase.Tpo -c -o ExternalToolsDlg.o ExternalToolsDlg.cpp &&\
mv -f $depbase.Tpo $depbase.Po
cc1plus: warning: command-line option ‘-Wincompatible-pointer-types’ is valid for C/ObjC but not for C++
cc1plus: warning: ‘-Werror=’ argument ‘-Werror=incompatible-pointer-types’ is not valid for C++
cc1plus: warning: ‘-Werror=’ argument ‘-Werror=int-conversion’ is not valid for C++
cc1plus: warning: ‘-Werror=’ argument ‘-Werror=implicit-function-declaration’ is not valid for C++
OrganizeTask.cpp: In member function ‘virtual void OrganizeTask::Run()’:
OrganizeTask.cpp:213:31: warning: comparison of integer expressions of different signedness: ‘int’ and ‘std::vector<QuiverFile>::size_type’ {aka ‘long unsigned int’} [-Wsign-compare]
  213 |         while (m_iCurrentFile < m_vectQuiverFiles.size() )
      |                ~~~~~~~~~~~~~~~^~~~~~~~~~~~~~~~~~~~~~~~~~
OrganizeTask.cpp:228:26: warning: unused variable ‘made_dir’ [-Wunused-variable]
  228 |                 gboolean made_dir =
      |                          ^~~~~~~~
OrganizeTask.cpp:340:26: warning: unused variable ‘copied’ [-Wunused-variable]
  340 |                 gboolean copied =
      |                          ^~~~~~
In file included from /usr/include/boost/smart_ptr/detail/requires_cxx11.hpp:9,
                 from /usr/include/boost/smart_ptr/shared_ptr.hpp:17,
                 from /usr/include/boost/shared_ptr.hpp:17,
                 from OrganizeDlg.h:6,
                 from OrganizeDlg.cpp:2:
/usr/include/boost/bind.hpp:36:1: note: ‘#pragma message: The practice of declaring the Bind placeholders (_1, _2, ...) in the global namespace is deprecated. Please use <boost/bind/bind.hpp> + using namespace boost::placeholders, or define BOOST_BIND_GLOBAL_PLACEHOLDERS to retain the current behavior.’
   36 | BOOST_PRAGMA_MESSAGE(
      | ^~~~~~~~~~~~~~~~~~~~
OrganizeDlg.cpp: In constructor ‘OrganizeDlg::OrganizeDlgPriv::OrganizeDlgPriv(OrganizeDlg*)’:
OrganizeDlg.cpp:192:17: warning: ISO C++ forbids converting a string constant to ‘gchar*’ {aka ‘char*’} [-Wwrite-strings]
  192 |                 "OrganizeDialog",
      |                 ^~~~~~~~~~~~~~~~
OrganizeDlg.cpp:193:17: warning: ISO C++ forbids converting a string constant to ‘gchar*’ {aka ‘char*’} [-Wwrite-strings]
  193 |                 "adjustment8",
      |                 ^~~~~~~~~~~~~
OrganizeDlg.cpp:194:17: warning: ISO C++ forbids converting a string constant to ‘gchar*’ {aka ‘char*’} [-Wwrite-strings]
  194 |                 "liststore3",
      |                 ^~~~~~~~~~~~
In file included from /usr/include/gtk-3.0/gtk/deprecated/gtkactiongroup.h:37,
                 from /usr/include/gtk-3.0/gtk/gtk.h:254,
                 from OrganizeDlg.h:4:
OrganizeDlg.cpp: In member function ‘void OrganizeDlg::OrganizeDlgPriv::LoadWidgets()’:
/usr/include/gtk-3.0/gtk/deprecated/gtkstock.h:756:38: warning: ‘GtkStock’ is deprecated [-Wdeprecated-declarations]
  756 | #define GTK_STOCK_OK               ((GtkStock)"gtk-ok")
      |                                      ^~~~~~~~
QuiverStockIcons.h:14:38: note: in expansion of macro ‘GTK_STOCK_OK’
   14 | #define QUIVER_STOCK_OK              GTK_STOCK_OK
      |                                      ^~~~~~~~~~~~
OrganizeDlg.cpp:223:60: note: in expansion of macro ‘QUIVER_STOCK_OK’
  223 |         m_pBtnOK               = gtk_button_new_from_stock(QUIVER_STOCK_OK);
      |                                                            ^~~~~~~~~~~~~~~
/usr/include/gtk-3.0/gtk/deprecated/gtkstock.h:108:16: note: declared here
  108 | typedef char * GtkStock;
      |                ^~~~~~~~
OrganizeDlg.cpp:223:59: warning: ‘GtkWidget* gtk_button_new_from_stock(const gchar*)’ is deprecated: Use 'gtk_button_new_with_label' instead [-Wdeprecated-declarations]
  223 |         m_pBtnOK               = gtk_button_new_from_stock(QUIVER_STOCK_OK);
      |                                  ~~~~~~~~~~~~~~~~~~~~~~~~~^~~~~~~~~~~~~~~~~
In file included from /usr/include/gtk-3.0/gtk/gtk.h:54:
/usr/include/gtk-3.0/gtk/gtkbutton.h:103:16: note: declared here
  103 | GtkWidget*     gtk_button_new_from_stock    (const gchar    *stock_id);
      |                ^~~~~~~~~~~~~~~~~~~~~~~~~
In file included from /usr/include/glib-2.0/gobject/gobject.h:26,
                 from /usr/include/glib-2.0/gobject/gbinding.h:31,
                 from /usr/include/glib-2.0/glib-object.h:24,
                 from /usr/include/glib-2.0/gio/gioenums.h:30,
                 from /usr/include/glib-2.0/gio/giotypes.h:30,
                 from /usr/include/glib-2.0/gio/gio.h:28,
                 from /usr/include/gtk-3.0/gdk/gdkapplaunchcontext.h:28,
                 from /usr/include/gtk-3.0/gdk/gdk.h:32,
                 from /usr/include/gtk-3.0/gtk/gtk.h:30:
OrganizeDlg.cpp:225:67: warning: ‘GtkWidget* gtk_dialog_get_action_area(GtkDialog*)’ is deprecated [-Wdeprecated-declarations]
  225 |         gtk_container_add(GTK_CONTAINER(gtk_dialog_get_action_area(m_pDialogOrganize)),m_pBtnOK);
      |                                         ~~~~~~~~~~~~~~~~~~~~~~~~~~^~~~~~~~~~~~~~~~~~~
/usr/include/glib-2.0/gobject/gtype.h:2660:66: note: in definition of macro ‘_G_TYPE_CIC’
 2660 |     ((ct*) (void *) g_type_check_instance_cast ((GTypeInstance*) ip, gt))
      |                                                                  ^~
/usr/include/gtk-3.0/gtk/gtkcontainer.h:38:42: note: in expansion of macro ‘G_TYPE_CHECK_INSTANCE_CAST’
   38 | #define GTK_CONTAINER(obj)              (G_TYPE_CHECK_INSTANCE_CAST ((obj), GTK_TYPE_CONTAINER, GtkContainer))
      |                                          ^~~~~~~~~~~~~~~~~~~~~~~~~~
OrganizeDlg.cpp:225:27: note: in expansion of macro ‘GTK_CONTAINER’
  225 |         gtk_container_add(GTK_CONTAINER(gtk_dialog_get_action_area(m_pDialogOrganize)),m_pBtnOK);
      |                           ^~~~~~~~~~~~~
In file included from /usr/include/gtk-3.0/gtk/gtkaboutdialog.h:30,
                 from /usr/include/gtk-3.0/gtk/gtk.h:31:
/usr/include/gtk-3.0/gtk/gtkdialog.h:203:13: note: declared here
  203 | GtkWidget * gtk_dialog_get_action_area  (GtkDialog *dialog);
      |             ^~~~~~~~~~~~~~~~~~~~~~~~~~
OrganizeDlg.cpp: At global scope:
OrganizeDlg.cpp:562:14: warning: ‘void on_toggled(GtkToggleButton*, gpointer)’ defined but not used [-Wunused-function]
  562 | static void  on_toggled (GtkToggleButton *togglebutton, gpointer user_data)
      |              ^~~~~~~~~~
depbase=`echo ExternalToolAddEditDlg.o | sed 's|[^/]*$|.deps/&|;s|\.o$||'`;\
g++ -DHAVE_CONFIG_H -I. -I..  -I.. -DPACKAGE_LOCALE_DIR=\""/usr/local/share/locale"\" -DPACKAGE_SRC_DIR=\""."\" -DPACKAGE_DATA_DIR=\""/usr/local/share"\" -DQUIVER_DATADIR=\""/app/data"\" -I/usr/include/gtk-3.0 -I/usr/include/pango-1.0 -I/usr/include/glib-2.0 -I/usr/lib/x86_64-linux-gnu/glib-2.0/include -I/usr/include/harfbuzz -I/usr/include/freetype2 -I/usr/include/libpng16 -I/usr/include/libmount -I/usr/include/blkid -I/usr/include/fribidi -I/usr/include/cairo -I/usr/include/pixman-1 -I/usr/include/gdk-pixbuf-2.0 -I/usr/include/x86_64-linux-gnu -I/usr/include/webp -I/usr/include/gio-unix-2.0 -I/usr/include/atk-1.0 -I/usr/include/at-spi2-atk/2.0 -I/usr/include/at-spi-2.0 -I/usr/include/dbus-1.0 -I/usr/lib/x86_64-linux-gnu/dbus-1.0/include -pthread        -I/usr/include   -I/usr/include/gstreamer-1.0 -I/usr/include/glib-2.0 -I/usr/lib/x86_64-linux-gnu/glib-2.0/include -I/usr/include/x86_64-linux-gnu -I/usr/include/orc-0.4 -pthread  -Wall    -Wincompatible-pointer-types -Werror=incompatible-pointer-types -Werror=int-conversion -Werror=implicit-function-declaration -Wwrite-strings -MT ExternalToolAddEditDlg.o -MD -MP -MF $depbase.Tpo -c -o ExternalToolAddEditDlg.o ExternalToolAddEditDlg.cpp &&\
mv -f $depbase.Tpo $depbase.Po
cc1plus: warning: command-line option ‘-Wincompatible-pointer-types’ is valid for C/ObjC but not for C++
cc1plus: warning: ‘-Werror=’ argument ‘-Werror=incompatible-pointer-types’ is not valid for C++
cc1plus: warning: ‘-Werror=’ argument ‘-Werror=int-conversion’ is not valid for C++
cc1plus: warning: ‘-Werror=’ argument ‘-Werror=implicit-function-declaration’ is not valid for C++
In file included from /usr/include/boost/smart_ptr/detail/requires_cxx11.hpp:9,
                 from /usr/include/boost/smart_ptr/shared_ptr.hpp:17,
                 from /usr/include/boost/shared_ptr.hpp:17,
                 from ./ExternalTools.h:7,
                 from ExternalTools.cpp:1:
/usr/include/boost/bind.hpp:36:1: note: ‘#pragma message: The practice of declaring the Bind placeholders (_1, _2, ...) in the global namespace is deprecated. Please use <boost/bind/bind.hpp> + using namespace boost::placeholders, or define BOOST_BIND_GLOBAL_PLACEHOLDERS to retain the current behavior.’
   36 | BOOST_PRAGMA_MESSAGE(
      | ^~~~~~~~~~~~~~~~~~~~
depbase=`echo ExternalToolsEventSource.o | sed 's|[^/]*$|.deps/&|;s|\.o$||'`;\
g++ -DHAVE_CONFIG_H -I. -I..  -I.. -DPACKAGE_LOCALE_DIR=\""/usr/local/share/locale"\" -DPACKAGE_SRC_DIR=\""."\" -DPACKAGE_DATA_DIR=\""/usr/local/share"\" -DQUIVER_DATADIR=\""/app/data"\" -I/usr/include/gtk-3.0 -I/usr/include/pango-1.0 -I/usr/include/glib-2.0 -I/usr/lib/x86_64-linux-gnu/glib-2.0/include -I/usr/include/harfbuzz -I/usr/include/freetype2 -I/usr/include/libpng16 -I/usr/include/libmount -I/usr/include/blkid -I/usr/include/fribidi -I/usr/include/cairo -I/usr/include/pixman-1 -I/usr/include/gdk-pixbuf-2.0 -I/usr/include/x86_64-linux-gnu -I/usr/include/webp -I/usr/include/gio-unix-2.0 -I/usr/include/atk-1.0 -I/usr/include/at-spi2-atk/2.0 -I/usr/include/at-spi-2.0 -I/usr/include/dbus-1.0 -I/usr/lib/x86_64-linux-gnu/dbus-1.0/include -pthread        -I/usr/include   -I/usr/include/gstreamer-1.0 -I/usr/include/glib-2.0 -I/usr/lib/x86_64-linux-gnu/glib-2.0/include -I/usr/include/x86_64-linux-gnu -I/usr/include/orc-0.4 -pthread  -Wall    -Wincompatible-pointer-types -Werror=incompatible-pointer-types -Werror=int-conversion -Werror=implicit-function-declaration -Wwrite-strings -MT ExternalToolsEventSource.o -MD -MP -MF $depbase.Tpo -c -o ExternalToolsEventSource.o ExternalToolsEventSource.cpp &&\
mv -f $depbase.Tpo $depbase.Po
cc1plus: warning: command-line option ‘-Wincompatible-pointer-types’ is valid for C/ObjC but not for C++
cc1plus: warning: ‘-Werror=’ argument ‘-Werror=incompatible-pointer-types’ is not valid for C++
cc1plus: warning: ‘-Werror=’ argument ‘-Werror=int-conversion’ is not valid for C++
cc1plus: warning: ‘-Werror=’ argument ‘-Werror=implicit-function-declaration’ is not valid for C++
ExternalTools.cpp:76:45: warning: ‘template<class _Arg1, class _Arg2, class _Result> struct std::binary_function’ is deprecated [-Wdeprecated-declarations]
   76 |         class SortBySortOrder : public std::binary_function<ExternalTool,ExternalTool,bool>,
      |                                             ^~~~~~~~~~~~~~~
In file included from /usr/include/c++/13/bits/refwrap.h:39,
                 from /usr/include/c++/13/vector:68,
                 from ./ExternalTools.h:3:
/usr/include/c++/13/bits/stl_function.h:131:12: note: declared here
  131 |     struct binary_function
      |            ^~~~~~~~~~~~~~~
ExternalTools.cpp:77:29: warning: ‘template<class _Arg1, class _Arg2, class _Result> struct std::binary_function’ is deprecated [-Wdeprecated-declarations]
   77 |                 public std::binary_function<int,int,bool>
      |                             ^~~~~~~~~~~~~~~
/usr/include/c++/13/bits/stl_function.h:131:12: note: declared here
  131 |     struct binary_function
      |            ^~~~~~~~~~~~~~~
In file included from /usr/include/boost/smart_ptr/detail/requires_cxx11.hpp:9,
                 from /usr/include/boost/smart_ptr/shared_ptr.hpp:17,
                 from /usr/include/boost/shared_ptr.hpp:17,
                 from ExternalToolsDlg.h:6,
                 from ExternalToolsDlg.cpp:3:
/usr/include/boost/bind.hpp:36:1: note: ‘#pragma message: The practice of declaring the Bind placeholders (_1, _2, ...) in the global namespace is deprecated. Please use <boost/bind/bind.hpp> + using namespace boost::placeholders, or define BOOST_BIND_GLOBAL_PLACEHOLDERS to retain the current behavior.’
   36 | BOOST_PRAGMA_MESSAGE(
      | ^~~~~~~~~~~~~~~~~~~~
In file included from /usr/include/gtk-3.0/gtk/deprecated/gtkactiongroup.h:37,
                 from /usr/include/gtk-3.0/gtk/gtk.h:254,
                 from ExternalTools.cpp:3:
ExternalTools.cpp: In member function ‘void ExternalTools::LoadFromPreferences()’:
/usr/include/gtk-3.0/gtk/deprecated/gtkstock.h:373:38: warning: ‘GtkStock’ is deprecated [-Wdeprecated-declarations]
  373 | #define GTK_STOCK_EXECUTE          ((GtkStock)"gtk-execute")
      |                                      ^~~~~~~~
QuiverStockIcons.h:31:38: note: in expansion of macro ‘GTK_STOCK_EXECUTE’
   31 | #define QUIVER_STOCK_EXECUTE         GTK_STOCK_EXECUTE
      |                                      ^~~~~~~~~~~~~~~~~
ExternalTools.cpp:148:48: note: in expansion of macro ‘QUIVER_STOCK_EXECUTE’
  148 |                                         icon = QUIVER_STOCK_EXECUTE;
      |                                                ^~~~~~~~~~~~~~~~~~~~
/usr/include/gtk-3.0/gtk/deprecated/gtkstock.h:108:16: note: declared here
  108 | typedef char * GtkStock;
      |                ^~~~~~~~
ExternalTools.cpp: In member function ‘void ExternalTools::SaveToPreferences()’:
/usr/include/gtk-3.0/gtk/deprecated/gtkstock.h:373:38: warning: ‘GtkStock’ is deprecated [-Wdeprecated-declarations]
  373 | #define GTK_STOCK_EXECUTE          ((GtkStock)"gtk-execute")
      |                                      ^~~~~~~~
QuiverStockIcons.h:31:38: note: in expansion of macro ‘GTK_STOCK_EXECUTE’
   31 | #define QUIVER_STOCK_EXECUTE         GTK_STOCK_EXECUTE
      |                                      ^~~~~~~~~~~~~~~~~
ExternalTools.cpp:182:45: note: in expansion of macro ‘QUIVER_STOCK_EXECUTE’
  182 |                         itr->second.SetIcon(QUIVER_STOCK_EXECUTE);
      |                                             ^~~~~~~~~~~~~~~~~~~~
/usr/include/gtk-3.0/gtk/deprecated/gtkstock.h:108:16: note: declared here
  108 | typedef char * GtkStock;
      |                ^~~~~~~~
ExternalTools.cpp: In member function ‘bool ExternalTools::AddExternalTool(ExternalTool)’:
/usr/include/gtk-3.0/gtk/deprecated/gtkstock.h:373:38: warning: ‘GtkStock’ is deprecated [-Wdeprecated-declarations]
  373 | #define GTK_STOCK_EXECUTE          ((GtkStock)"gtk-execute")
      |                                      ^~~~~~~~
QuiverStockIcons.h:31:38: note: in expansion of macro ‘GTK_STOCK_EXECUTE’
   31 | #define QUIVER_STOCK_EXECUTE         GTK_STOCK_EXECUTE
      |                                      ^~~~~~~~~~~~~~~~~
ExternalTools.cpp:214:39: note: in expansion of macro ‘QUIVER_STOCK_EXECUTE’
  214 |                 external_tool.SetIcon(QUIVER_STOCK_EXECUTE);
      |                                       ^~~~~~~~~~~~~~~~~~~~
/usr/include/gtk-3.0/gtk/deprecated/gtkstock.h:108:16: note: declared here
  108 | typedef char * GtkStock;
      |                ^~~~~~~~
ExternalToolsDlg.cpp: In constructor ‘ExternalToolsDlg::ExternalToolsDlgPriv::ExternalToolsDlgPriv(ExternalToolsDlg*)’:
ExternalToolsDlg.cpp:108:17: warning: ISO C++ forbids converting a string constant to ‘gchar*’ {aka ‘char*’} [-Wwrite-strings]
  108 |                 "ExternalToolsDialog",
      |                 ^~~~~~~~~~~~~~~~~~~~~
In file included from /usr/include/glib-2.0/gobject/gobject.h:26,
                 from /usr/include/glib-2.0/gobject/gbinding.h:31,
                 from /usr/include/glib-2.0/glib-object.h:24,
                 from /usr/include/glib-2.0/gio/gioenums.h:30,
                 from /usr/include/glib-2.0/gio/giotypes.h:30,
                 from /usr/include/glib-2.0/gio/gio.h:28,
                 from /usr/include/gtk-3.0/gdk/gdkapplaunchcontext.h:28,
                 from /usr/include/gtk-3.0/gdk/gdk.h:32,
                 from /usr/include/gtk-3.0/gtk/gtk.h:30,
                 from ExternalToolsDlg.h:4:
ExternalToolsDlg.cpp: In member function ‘void ExternalToolsDlg::ExternalToolsDlgPriv::LoadWidgets()’:
/usr/include/gtk-3.0/gtk/deprecated/gtkstock.h:197:38: warning: ‘GtkStock’ is deprecated [-Wdeprecated-declarations]
  197 | #define GTK_STOCK_CLOSE            ((GtkStock)"gtk-close")
      |                                      ^~~~~~~~
/usr/include/glib-2.0/gobject/gtype.h:2660:66: note: in definition of macro ‘_G_TYPE_CIC’
 2660 |     ((ct*) (void *) g_type_check_instance_cast ((GTypeInstance*) ip, gt))
      |                                                                  ^~
/usr/include/gtk-3.0/gtk/gtkbutton.h:40:42: note: in expansion of macro ‘G_TYPE_CHECK_INSTANCE_CAST’
   40 | #define GTK_BUTTON(obj)                 (G_TYPE_CHECK_INSTANCE_CAST ((obj), GTK_TYPE_BUTTON, GtkButton))
      |                                          ^~~~~~~~~~~~~~~~~~~~~~~~~~
ExternalToolsDlg.cpp:135:44: note: in expansion of macro ‘GTK_BUTTON’
  135 |                 m_pButtonClose           = GTK_BUTTON( gtk_button_new_from_stock(QUIVER_STOCK_CLOSE) );
      |                                            ^~~~~~~~~~
QuiverStockIcons.h:21:38: note: in expansion of macro ‘GTK_STOCK_CLOSE’
   21 | #define QUIVER_STOCK_CLOSE           GTK_STOCK_CLOSE
      |                                      ^~~~~~~~~~~~~~~
ExternalToolsDlg.cpp:135:82: note: in expansion of macro ‘QUIVER_STOCK_CLOSE’
  135 |                 m_pButtonClose           = GTK_BUTTON( gtk_button_new_from_stock(QUIVER_STOCK_CLOSE) );
      |                                                                                  ^~~~~~~~~~~~~~~~~~
In file included from /usr/include/gtk-3.0/gtk/deprecated/gtkactiongroup.h:37,
                 from /usr/include/gtk-3.0/gtk/gtk.h:254:
/usr/include/gtk-3.0/gtk/deprecated/gtkstock.h:108:16: note: declared here
  108 | typedef char * GtkStock;
      |                ^~~~~~~~
ExternalToolsDlg.cpp:135:81: warning: ‘GtkWidget* gtk_button_new_from_stock(const gchar*)’ is deprecated: Use 'gtk_button_new_with_label' instead [-Wdeprecated-declarations]
  135 |                 m_pButtonClose           = GTK_BUTTON( gtk_button_new_from_stock(QUIVER_STOCK_CLOSE) );
      |                                                        ~~~~~~~~~~~~~~~~~~~~~~~~~^~~~~~~~~~~~~~~~~~~~
/usr/include/glib-2.0/gobject/gtype.h:2660:66: note: in definition of macro ‘_G_TYPE_CIC’
 2660 |     ((ct*) (void *) g_type_check_instance_cast ((GTypeInstance*) ip, gt))
      |                                                                  ^~
/usr/include/gtk-3.0/gtk/gtkbutton.h:40:42: note: in expansion of macro ‘G_TYPE_CHECK_INSTANCE_CAST’
   40 | #define GTK_BUTTON(obj)                 (G_TYPE_CHECK_INSTANCE_CAST ((obj), GTK_TYPE_BUTTON, GtkButton))
      |                                          ^~~~~~~~~~~~~~~~~~~~~~~~~~
ExternalToolsDlg.cpp:135:44: note: in expansion of macro ‘GTK_BUTTON’
  135 |                 m_pButtonClose           = GTK_BUTTON( gtk_button_new_from_stock(QUIVER_STOCK_CLOSE) );
      |                                            ^~~~~~~~~~
In file included from /usr/include/gtk-3.0/gtk/gtk.h:54:
/usr/include/gtk-3.0/gtk/gtkbutton.h:103:16: note: declared here
  103 | GtkWidget*     gtk_button_new_from_stock    (const gchar    *stock_id);
      |                ^~~~~~~~~~~~~~~~~~~~~~~~~
ExternalToolsDlg.cpp:155:78: warning: ‘GtkWidget* gtk_dialog_get_action_area(GtkDialog*)’ is deprecated [-Wdeprecated-declarations]
  155 |                         gtk_box_pack_start(GTK_BOX(gtk_dialog_get_action_area(GTK_DIALOG(m_pWidget))),GTK_WIDGET(m_pButtonClose),FALSE,TRUE,5);
      |                                                    ~~~~~~~~~~~~~~~~~~~~~~~~~~^~~~~~~~~~~~~~~~~~~~~~~
/usr/include/glib-2.0/gobject/gtype.h:2660:66: note: in definition of macro ‘_G_TYPE_CIC’
 2660 |     ((ct*) (void *) g_type_check_instance_cast ((GTypeInstance*) ip, gt))
      |                                                                  ^~
/usr/include/gtk-3.0/gtk/gtkbox.h:40:34: note: in expansion of macro ‘G_TYPE_CHECK_INSTANCE_CAST’
   40 | #define GTK_BOX(obj)            (G_TYPE_CHECK_INSTANCE_CAST ((obj), GTK_TYPE_BOX, GtkBox))
      |                                  ^~~~~~~~~~~~~~~~~~~~~~~~~~
ExternalToolsDlg.cpp:155:44: note: in expansion of macro ‘GTK_BOX’
  155 |                         gtk_box_pack_start(GTK_BOX(gtk_dialog_get_action_area(GTK_DIALOG(m_pWidget))),GTK_WIDGET(m_pButtonClose),FALSE,TRUE,5);
      |                                            ^~~~~~~
In file included from /usr/include/gtk-3.0/gtk/gtkaboutdialog.h:30,
                 from /usr/include/gtk-3.0/gtk/gtk.h:31:
/usr/include/gtk-3.0/gtk/gtkdialog.h:203:13: note: declared here
  203 | GtkWidget * gtk_dialog_get_action_area  (GtkDialog *dialog);
      |             ^~~~~~~~~~~~~~~~~~~~~~~~~~
depbase=`echo RenameDlg.o | sed 's|[^/]*$|.deps/&|;s|\.o$||'`;\
g++ -DHAVE_CONFIG_H -I. -I..  -I.. -DPACKAGE_LOCALE_DIR=\""/usr/local/share/locale"\" -DPACKAGE_SRC_DIR=\""."\" -DPACKAGE_DATA_DIR=\""/usr/local/share"\" -DQUIVER_DATADIR=\""/app/data"\" -I/usr/include/gtk-3.0 -I/usr/include/pango-1.0 -I/usr/include/glib-2.0 -I/usr/lib/x86_64-linux-gnu/glib-2.0/include -I/usr/include/harfbuzz -I/usr/include/freetype2 -I/usr/include/libpng16 -I/usr/include/libmount -I/usr/include/blkid -I/usr/include/fribidi -I/usr/include/cairo -I/usr/include/pixman-1 -I/usr/include/gdk-pixbuf-2.0 -I/usr/include/x86_64-linux-gnu -I/usr/include/webp -I/usr/include/gio-unix-2.0 -I/usr/include/atk-1.0 -I/usr/include/at-spi2-atk/2.0 -I/usr/include/at-spi-2.0 -I/usr/include/dbus-1.0 -I/usr/lib/x86_64-linux-gnu/dbus-1.0/include -pthread        -I/usr/include   -I/usr/include/gstreamer-1.0 -I/usr/include/glib-2.0 -I/usr/lib/x86_64-linux-gnu/glib-2.0/include -I/usr/include/x86_64-linux-gnu -I/usr/include/orc-0.4 -pthread  -Wall    -Wincompatible-pointer-types -Werror=incompatible-pointer-types -Werror=int-conversion -Werror=implicit-function-declaration -Wwrite-strings -MT RenameDlg.o -MD -MP -MF $depbase.Tpo -c -o RenameDlg.o RenameDlg.cpp &&\
mv -f $depbase.Tpo $depbase.Po
cc1plus: warning: command-line option ‘-Wincompatible-pointer-types’ is valid for C/ObjC but not for C++
cc1plus: warning: ‘-Werror=’ argument ‘-Werror=incompatible-pointer-types’ is not valid for C++
cc1plus: warning: ‘-Werror=’ argument ‘-Werror=int-conversion’ is not valid for C++
cc1plus: warning: ‘-Werror=’ argument ‘-Werror=implicit-function-declaration’ is not valid for C++
depbase=`echo RenameTask.o | sed 's|[^/]*$|.deps/&|;s|\.o$||'`;\
g++ -DHAVE_CONFIG_H -I. -I..  -I.. -DPACKAGE_LOCALE_DIR=\""/usr/local/share/locale"\" -DPACKAGE_SRC_DIR=\""."\" -DPACKAGE_DATA_DIR=\""/usr/local/share"\" -DQUIVER_DATADIR=\""/app/data"\" -I/usr/include/gtk-3.0 -I/usr/include/pango-1.0 -I/usr/include/glib-2.0 -I/usr/lib/x86_64-linux-gnu/glib-2.0/include -I/usr/include/harfbuzz -I/usr/include/freetype2 -I/usr/include/libpng16 -I/usr/include/libmount -I/usr/include/blkid -I/usr/include/fribidi -I/usr/include/cairo -I/usr/include/pixman-1 -I/usr/include/gdk-pixbuf-2.0 -I/usr/include/x86_64-linux-gnu -I/usr/include/webp -I/usr/include/gio-unix-2.0 -I/usr/include/atk-1.0 -I/usr/include/at-spi2-atk/2.0 -I/usr/include/at-spi-2.0 -I/usr/include/dbus-1.0 -I/usr/lib/x86_64-linux-gnu/dbus-1.0/include -pthread        -I/usr/include   -I/usr/include/gstreamer-1.0 -I/usr/include/glib-2.0 -I/usr/lib/x86_64-linux-gnu/glib-2.0/include -I/usr/include/x86_64-linux-gnu -I/usr/include/orc-0.4 -pthread  -Wall    -Wincompatible-pointer-types -Werror=incompatible-pointer-types -Werror=int-conversion -Werror=implicit-function-declaration -Wwrite-strings -MT RenameTask.o -MD -MP -MF $depbase.Tpo -c -o RenameTask.o RenameTask.cpp &&\
mv -f $depbase.Tpo $depbase.Po
cc1plus: warning: command-line option ‘-Wincompatible-pointer-types’ is valid for C/ObjC but not for C++
cc1plus: warning: ‘-Werror=’ argument ‘-Werror=incompatible-pointer-types’ is not valid for C++
cc1plus: warning: ‘-Werror=’ argument ‘-Werror=int-conversion’ is not valid for C++
cc1plus: warning: ‘-Werror=’ argument ‘-Werror=implicit-function-declaration’ is not valid for C++
In file included from /usr/include/boost/function/detail/requires_cxx11.hpp:9,
                 from /usr/include/boost/function/detail/prologue.hpp:12,
                 from /usr/include/boost/function.hpp:30,
                 from /usr/include/boost/signals2/signal.hpp:19,
                 from AbstractEventSource.h:5,
                 from ExternalToolsEventSource.h:4,
                 from ExternalToolsEventSource.cpp:1:
/usr/include/boost/bind.hpp:36:1: note: ‘#pragma message: The practice of declaring the Bind placeholders (_1, _2, ...) in the global namespace is deprecated. Please use <boost/bind/bind.hpp> + using namespace boost::placeholders, or define BOOST_BIND_GLOBAL_PLACEHOLDERS to retain the current behavior.’
   36 | BOOST_PRAGMA_MESSAGE(
      | ^~~~~~~~~~~~~~~~~~~~
In file included from /usr/include/boost/smart_ptr/detail/requires_cxx11.hpp:9,
                 from /usr/include/boost/smart_ptr/shared_ptr.hpp:17,
                 from /usr/include/boost/shared_ptr.hpp:17,
                 from ExternalToolAddEditDlg.h:6,
                 from ExternalToolAddEditDlg.cpp:3:
/usr/include/boost/bind.hpp:36:1: note: ‘#pragma message: The practice of declaring the Bind placeholders (_1, _2, ...) in the global namespace is deprecated. Please use <boost/bind/bind.hpp> + using namespace boost::placeholders, or define BOOST_BIND_GLOBAL_PLACEHOLDERS to retain the current behavior.’
   36 | BOOST_PRAGMA_MESSAGE(
      | ^~~~~~~~~~~~~~~~~~~~
ExternalToolAddEditDlg.cpp: In constructor ‘ExternalToolAddEditDlg::ExternalToolAddEditDlgPriv::ExternalToolAddEditDlgPriv(ExternalTool, ExternalToolAddEditDlg*)’:
ExternalToolAddEditDlg.cpp:117:17: warning: ISO C++ forbids converting a string constant to ‘gchar*’ {aka ‘char*’} [-Wwrite-strings]
  117 |                 "ExternalToolAddEditDialog",
      |                 ^~~~~~~~~~~~~~~~~~~~~~~~~~~
In file included from /usr/include/glib-2.0/gobject/gobject.h:26,
                 from /usr/include/glib-2.0/gobject/gbinding.h:31,
                 from /usr/include/glib-2.0/glib-object.h:24,
                 from /usr/include/glib-2.0/gio/gioenums.h:30,
                 from /usr/include/glib-2.0/gio/giotypes.h:30,
                 from /usr/include/glib-2.0/gio/gio.h:28,
                 from /usr/include/gtk-3.0/gdk/gdkapplaunchcontext.h:28,
                 from /usr/include/gtk-3.0/gdk/gdk.h:32,
                 from /usr/include/gtk-3.0/gtk/gtk.h:30,
                 from ExternalToolAddEditDlg.h:4:
ExternalToolAddEditDlg.cpp: In member function ‘void ExternalToolAddEditDlg::ExternalToolAddEditDlgPriv::LoadWidgets()’:
/usr/include/gtk-3.0/gtk/deprecated/gtkstock.h:159:38: warning: ‘GtkStock’ is deprecated [-Wdeprecated-declarations]
  159 | #define GTK_STOCK_CANCEL           ((GtkStock)"gtk-cancel")
      |                                      ^~~~~~~~
/usr/include/glib-2.0/gobject/gtype.h:2660:66: note: in definition of macro ‘_G_TYPE_CIC’
 2660 |     ((ct*) (void *) g_type_check_instance_cast ((GTypeInstance*) ip, gt))
      |                                                                  ^~
/usr/include/gtk-3.0/gtk/gtkbutton.h:40:42: note: in expansion of macro ‘G_TYPE_CHECK_INSTANCE_CAST’
   40 | #define GTK_BUTTON(obj)                 (G_TYPE_CHECK_INSTANCE_CAST ((obj), GTK_TYPE_BUTTON, GtkButton))
      |                                          ^~~~~~~~~~~~~~~~~~~~~~~~~~
ExternalToolAddEditDlg.cpp:142:44: note: in expansion of macro ‘GTK_BUTTON’
  142 |                 m_pButtonCancel          = GTK_BUTTON( gtk_button_new_from_stock(QUIVER_STOCK_CANCEL) );
      |                                            ^~~~~~~~~~
QuiverStockIcons.h:15:38: note: in expansion of macro ‘GTK_STOCK_CANCEL’
   15 | #define QUIVER_STOCK_CANCEL          GTK_STOCK_CANCEL
      |                                      ^~~~~~~~~~~~~~~~
ExternalToolAddEditDlg.cpp:142:82: note: in expansion of macro ‘QUIVER_STOCK_CANCEL’
  142 |                 m_pButtonCancel          = GTK_BUTTON( gtk_button_new_from_stock(QUIVER_STOCK_CANCEL) );
      |                                                                                  ^~~~~~~~~~~~~~~~~~~
In file included from /usr/include/gtk-3.0/gtk/deprecated/gtkactiongroup.h:37,
                 from /usr/include/gtk-3.0/gtk/gtk.h:254:
/usr/include/gtk-3.0/gtk/deprecated/gtkstock.h:108:16: note: declared here
  108 | typedef char * GtkStock;
      |                ^~~~~~~~
ExternalToolAddEditDlg.cpp:142:81: warning: ‘GtkWidget* gtk_button_new_from_stock(const gchar*)’ is deprecated: Use 'gtk_button_new_with_label' instead [-Wdeprecated-declarations]
  142 |                 m_pButtonCancel          = GTK_BUTTON( gtk_button_new_from_stock(QUIVER_STOCK_CANCEL) );
      |                                                        ~~~~~~~~~~~~~~~~~~~~~~~~~^~~~~~~~~~~~~~~~~~~~~
/usr/include/glib-2.0/gobject/gtype.h:2660:66: note: in definition of macro ‘_G_TYPE_CIC’
 2660 |     ((ct*) (void *) g_type_check_instance_cast ((GTypeInstance*) ip, gt))
      |                                                                  ^~
/usr/include/gtk-3.0/gtk/gtkbutton.h:40:42: note: in expansion of macro ‘G_TYPE_CHECK_INSTANCE_CAST’
   40 | #define GTK_BUTTON(obj)                 (G_TYPE_CHECK_INSTANCE_CAST ((obj), GTK_TYPE_BUTTON, GtkButton))
      |                                          ^~~~~~~~~~~~~~~~~~~~~~~~~~
ExternalToolAddEditDlg.cpp:142:44: note: in expansion of macro ‘GTK_BUTTON’
  142 |                 m_pButtonCancel          = GTK_BUTTON( gtk_button_new_from_stock(QUIVER_STOCK_CANCEL) );
      |                                            ^~~~~~~~~~
In file included from /usr/include/gtk-3.0/gtk/gtk.h:54:
/usr/include/gtk-3.0/gtk/gtkbutton.h:103:16: note: declared here
  103 | GtkWidget*     gtk_button_new_from_stock    (const gchar    *stock_id);
      |                ^~~~~~~~~~~~~~~~~~~~~~~~~
/usr/include/gtk-3.0/gtk/deprecated/gtkstock.h:756:38: warning: ‘GtkStock’ is deprecated [-Wdeprecated-declarations]
  756 | #define GTK_STOCK_OK               ((GtkStock)"gtk-ok")
      |                                      ^~~~~~~~
/usr/include/glib-2.0/gobject/gtype.h:2660:66: note: in definition of macro ‘_G_TYPE_CIC’
 2660 |     ((ct*) (void *) g_type_check_instance_cast ((GTypeInstance*) ip, gt))
      |                                                                  ^~
/usr/include/gtk-3.0/gtk/gtkbutton.h:40:42: note: in expansion of macro ‘G_TYPE_CHECK_INSTANCE_CAST’
   40 | #define GTK_BUTTON(obj)                 (G_TYPE_CHECK_INSTANCE_CAST ((obj), GTK_TYPE_BUTTON, GtkButton))
      |                                          ^~~~~~~~~~~~~~~~~~~~~~~~~~
ExternalToolAddEditDlg.cpp:143:44: note: in expansion of macro ‘GTK_BUTTON’
  143 |                 m_pButtonOk              = GTK_BUTTON( gtk_button_new_from_stock(QUIVER_STOCK_OK) );
      |                                            ^~~~~~~~~~
QuiverStockIcons.h:14:38: note: in expansion of macro ‘GTK_STOCK_OK’
   14 | #define QUIVER_STOCK_OK              GTK_STOCK_OK
      |                                      ^~~~~~~~~~~~
ExternalToolAddEditDlg.cpp:143:82: note: in expansion of macro ‘QUIVER_STOCK_OK’
  143 |                 m_pButtonOk              = GTK_BUTTON( gtk_button_new_from_stock(QUIVER_STOCK_OK) );
      |                                                                                  ^~~~~~~~~~~~~~~
/usr/include/gtk-3.0/gtk/deprecated/gtkstock.h:108:16: note: declared here
  108 | typedef char * GtkStock;
      |                ^~~~~~~~
ExternalToolAddEditDlg.cpp:143:81: warning: ‘GtkWidget* gtk_button_new_from_stock(const gchar*)’ is deprecated: Use 'gtk_button_new_with_label' instead [-Wdeprecated-declarations]
  143 |                 m_pButtonOk              = GTK_BUTTON( gtk_button_new_from_stock(QUIVER_STOCK_OK) );
      |                                                        ~~~~~~~~~~~~~~~~~~~~~~~~~^~~~~~~~~~~~~~~~~
/usr/include/glib-2.0/gobject/gtype.h:2660:66: note: in definition of macro ‘_G_TYPE_CIC’
 2660 |     ((ct*) (void *) g_type_check_instance_cast ((GTypeInstance*) ip, gt))
      |                                                                  ^~
/usr/include/gtk-3.0/gtk/gtkbutton.h:40:42: note: in expansion of macro ‘G_TYPE_CHECK_INSTANCE_CAST’
   40 | #define GTK_BUTTON(obj)                 (G_TYPE_CHECK_INSTANCE_CAST ((obj), GTK_TYPE_BUTTON, GtkButton))
      |                                          ^~~~~~~~~~~~~~~~~~~~~~~~~~
ExternalToolAddEditDlg.cpp:143:44: note: in expansion of macro ‘GTK_BUTTON’
  143 |                 m_pButtonOk              = GTK_BUTTON( gtk_button_new_from_stock(QUIVER_STOCK_OK) );
      |                                            ^~~~~~~~~~
/usr/include/gtk-3.0/gtk/gtkbutton.h:103:16: note: declared here
  103 | GtkWidget*     gtk_button_new_from_stock    (const gchar    *stock_id);
      |                ^~~~~~~~~~~~~~~~~~~~~~~~~
ExternalToolAddEditDlg.cpp:151:78: warning: ‘GtkWidget* gtk_dialog_get_action_area(GtkDialog*)’ is deprecated [-Wdeprecated-declarations]
  151 |                         gtk_box_pack_start(GTK_BOX(gtk_dialog_get_action_area(GTK_DIALOG(m_pWidget))),GTK_WIDGET(m_pButtonCancel),FALSE,TRUE,5);
      |                                                    ~~~~~~~~~~~~~~~~~~~~~~~~~~^~~~~~~~~~~~~~~~~~~~~~~
/usr/include/glib-2.0/gobject/gtype.h:2660:66: note: in definition of macro ‘_G_TYPE_CIC’
 2660 |     ((ct*) (void *) g_type_check_instance_cast ((GTypeInstance*) ip, gt))
      |                                                                  ^~
/usr/include/gtk-3.0/gtk/gtkbox.h:40:34: note: in expansion of macro ‘G_TYPE_CHECK_INSTANCE_CAST’
   40 | #define GTK_BOX(obj)            (G_TYPE_CHECK_INSTANCE_CAST ((obj), GTK_TYPE_BOX, GtkBox))
      |                                  ^~~~~~~~~~~~~~~~~~~~~~~~~~
ExternalToolAddEditDlg.cpp:151:44: note: in expansion of macro ‘GTK_BOX’
  151 |                         gtk_box_pack_start(GTK_BOX(gtk_dialog_get_action_area(GTK_DIALOG(m_pWidget))),GTK_WIDGET(m_pButtonCancel),FALSE,TRUE,5);
      |                                            ^~~~~~~
In file included from /usr/include/gtk-3.0/gtk/gtkaboutdialog.h:30,
                 from /usr/include/gtk-3.0/gtk/gtk.h:31:
/usr/include/gtk-3.0/gtk/gtkdialog.h:203:13: note: declared here
  203 | GtkWidget * gtk_dialog_get_action_area  (GtkDialog *dialog);
      |             ^~~~~~~~~~~~~~~~~~~~~~~~~~
ExternalToolAddEditDlg.cpp:152:78: warning: ‘GtkWidget* gtk_dialog_get_action_area(GtkDialog*)’ is deprecated [-Wdeprecated-declarations]
  152 |                         gtk_box_pack_start(GTK_BOX(gtk_dialog_get_action_area(GTK_DIALOG(m_pWidget))),GTK_WIDGET(m_pButtonOk),FALSE,TRUE,5);
      |                                                    ~~~~~~~~~~~~~~~~~~~~~~~~~~^~~~~~~~~~~~~~~~~~~~~~~
/usr/include/glib-2.0/gobject/gtype.h:2660:66: note: in definition of macro ‘_G_TYPE_CIC’
 2660 |     ((ct*) (void *) g_type_check_instance_cast ((GTypeInstance*) ip, gt))
      |                                                                  ^~
/usr/include/gtk-3.0/gtk/gtkbox.h:40:34: note: in expansion of macro ‘G_TYPE_CHECK_INSTANCE_CAST’
   40 | #define GTK_BOX(obj)            (G_TYPE_CHECK_INSTANCE_CAST ((obj), GTK_TYPE_BOX, GtkBox))
      |                                  ^~~~~~~~~~~~~~~~~~~~~~~~~~
ExternalToolAddEditDlg.cpp:152:44: note: in expansion of macro ‘GTK_BOX’
  152 |                         gtk_box_pack_start(GTK_BOX(gtk_dialog_get_action_area(GTK_DIALOG(m_pWidget))),GTK_WIDGET(m_pButtonOk),FALSE,TRUE,5);
      |                                            ^~~~~~~
/usr/include/gtk-3.0/gtk/gtkdialog.h:203:13: note: declared here
  203 | GtkWidget * gtk_dialog_get_action_area  (GtkDialog *dialog);
      |             ^~~~~~~~~~~~~~~~~~~~~~~~~~
depbase=`echo SaveImageTask.o | sed 's|[^/]*$|.deps/&|;s|\.o$||'`;\
g++ -DHAVE_CONFIG_H -I. -I..  -I.. -DPACKAGE_LOCALE_DIR=\""/usr/local/share/locale"\" -DPACKAGE_SRC_DIR=\""."\" -DPACKAGE_DATA_DIR=\""/usr/local/share"\" -DQUIVER_DATADIR=\""/app/data"\" -I/usr/include/gtk-3.0 -I/usr/include/pango-1.0 -I/usr/include/glib-2.0 -I/usr/lib/x86_64-linux-gnu/glib-2.0/include -I/usr/include/harfbuzz -I/usr/include/freetype2 -I/usr/include/libpng16 -I/usr/include/libmount -I/usr/include/blkid -I/usr/include/fribidi -I/usr/include/cairo -I/usr/include/pixman-1 -I/usr/include/gdk-pixbuf-2.0 -I/usr/include/x86_64-linux-gnu -I/usr/include/webp -I/usr/include/gio-unix-2.0 -I/usr/include/atk-1.0 -I/usr/include/at-spi2-atk/2.0 -I/usr/include/at-spi-2.0 -I/usr/include/dbus-1.0 -I/usr/lib/x86_64-linux-gnu/dbus-1.0/include -pthread        -I/usr/include   -I/usr/include/gstreamer-1.0 -I/usr/include/glib-2.0 -I/usr/lib/x86_64-linux-gnu/glib-2.0/include -I/usr/include/x86_64-linux-gnu -I/usr/include/orc-0.4 -pthread  -Wall    -Wincompatible-pointer-types -Werror=incompatible-pointer-types -Werror=int-conversion -Werror=implicit-function-declaration -Wwrite-strings -MT SaveImageTask.o -MD -MP -MF $depbase.Tpo -c -o SaveImageTask.o SaveImageTask.cpp &&\
mv -f $depbase.Tpo $depbase.Po
cc1plus: warning: command-line option ‘-Wincompatible-pointer-types’ is valid for C/ObjC but not for C++
cc1plus: warning: ‘-Werror=’ argument ‘-Werror=incompatible-pointer-types’ is not valid for C++
cc1plus: warning: ‘-Werror=’ argument ‘-Werror=int-conversion’ is not valid for C++
cc1plus: warning: ‘-Werror=’ argument ‘-Werror=implicit-function-declaration’ is not valid for C++
depbase=`echo libjpeg/gio_jdatadst.o | sed 's|[^/]*$|.deps/&|;s|\.o$||'`;\
gcc -DHAVE_CONFIG_H -I. -I..  -I.. -DPACKAGE_LOCALE_DIR=\""/usr/local/share/locale"\" -DPACKAGE_SRC_DIR=\""."\" -DPACKAGE_DATA_DIR=\""/usr/local/share"\" -DQUIVER_DATADIR=\""/app/data"\" -I/usr/include/gtk-3.0 -I/usr/include/pango-1.0 -I/usr/include/glib-2.0 -I/usr/lib/x86_64-linux-gnu/glib-2.0/include -I/usr/include/harfbuzz -I/usr/include/freetype2 -I/usr/include/libpng16 -I/usr/include/libmount -I/usr/include/blkid -I/usr/include/fribidi -I/usr/include/cairo -I/usr/include/pixman-1 -I/usr/include/gdk-pixbuf-2.0 -I/usr/include/x86_64-linux-gnu -I/usr/include/webp -I/usr/include/gio-unix-2.0 -I/usr/include/atk-1.0 -I/usr/include/at-spi2-atk/2.0 -I/usr/include/at-spi-2.0 -I/usr/include/dbus-1.0 -I/usr/lib/x86_64-linux-gnu/dbus-1.0/include -pthread        -I/usr/include   -I/usr/include/gstreamer-1.0 -I/usr/include/glib-2.0 -I/usr/lib/x86_64-linux-gnu/glib-2.0/include -I/usr/include/x86_64-linux-gnu -I/usr/include/orc-0.4 -pthread  -Wall   -I.. -DPACKAGE_LOCALE_DIR=\""/usr/local/share/locale"\" -DPACKAGE_SRC_DIR=\""."\" -DPACKAGE_DATA_DIR=\""/usr/local/share"\" -DQUIVER_DATADIR=\""/app/data"\" -I/usr/include/gtk-3.0 -I/usr/include/pango-1.0 -I/usr/include/glib-2.0 -I/usr/lib/x86_64-linux-gnu/glib-2.0/include -I/usr/include/harfbuzz -I/usr/include/freetype2 -I/usr/include/libpng16 -I/usr/include/libmount -I/usr/include/blkid -I/usr/include/fribidi -I/usr/include/cairo -I/usr/include/pixman-1 -I/usr/include/gdk-pixbuf-2.0 -I/usr/include/x86_64-linux-gnu -I/usr/include/webp -I/usr/include/gio-unix-2.0 -I/usr/include/atk-1.0 -I/usr/include/at-spi2-atk/2.0 -I/usr/include/at-spi-2.0 -I/usr/include/dbus-1.0 -I/usr/lib/x86_64-linux-gnu/dbus-1.0/include -pthread          -I/usr/include/gstreamer-1.0 -I/usr/include/glib-2.0 -I/usr/lib/x86_64-linux-gnu/glib-2.0/include -I/usr/include/x86_64-linux-gnu -I/usr/include/orc-0.4 -pthread  -Wall  -Wincompatible-pointer-types -Werror=incompatible-pointer-types -Werror=int-conversion -Werror=implicit-function-declaration -Wwrite-strings -MT libjpeg/gio_jdatadst.o -MD -MP -MF $depbase.Tpo -c -o libjpeg/gio_jdatadst.o libjpeg/gio_jdatadst.c &&\
mv -f $depbase.Tpo $depbase.Po
depbase=`echo libjpeg/gio_jdatasrc.o | sed 's|[^/]*$|.deps/&|;s|\.o$||'`;\
gcc -DHAVE_CONFIG_H -I. -I..  -I.. -DPACKAGE_LOCALE_DIR=\""/usr/local/share/locale"\" -DPACKAGE_SRC_DIR=\""."\" -DPACKAGE_DATA_DIR=\""/usr/local/share"\" -DQUIVER_DATADIR=\""/app/data"\" -I/usr/include/gtk-3.0 -I/usr/include/pango-1.0 -I/usr/include/glib-2.0 -I/usr/lib/x86_64-linux-gnu/glib-2.0/include -I/usr/include/harfbuzz -I/usr/include/freetype2 -I/usr/include/libpng16 -I/usr/include/libmount -I/usr/include/blkid -I/usr/include/fribidi -I/usr/include/cairo -I/usr/include/pixman-1 -I/usr/include/gdk-pixbuf-2.0 -I/usr/include/x86_64-linux-gnu -I/usr/include/webp -I/usr/include/gio-unix-2.0 -I/usr/include/atk-1.0 -I/usr/include/at-spi2-atk/2.0 -I/usr/include/at-spi-2.0 -I/usr/include/dbus-1.0 -I/usr/lib/x86_64-linux-gnu/dbus-1.0/include -pthread        -I/usr/include   -I/usr/include/gstreamer-1.0 -I/usr/include/glib-2.0 -I/usr/lib/x86_64-linux-gnu/glib-2.0/include -I/usr/include/x86_64-linux-gnu -I/usr/include/orc-0.4 -pthread  -Wall   -I.. -DPACKAGE_LOCALE_DIR=\""/usr/local/share/locale"\" -DPACKAGE_SRC_DIR=\""."\" -DPACKAGE_DATA_DIR=\""/usr/local/share"\" -DQUIVER_DATADIR=\""/app/data"\" -I/usr/include/gtk-3.0 -I/usr/include/pango-1.0 -I/usr/include/glib-2.0 -I/usr/lib/x86_64-linux-gnu/glib-2.0/include -I/usr/include/harfbuzz -I/usr/include/freetype2 -I/usr/include/libpng16 -I/usr/include/libmount -I/usr/include/blkid -I/usr/include/fribidi -I/usr/include/cairo -I/usr/include/pixman-1 -I/usr/include/gdk-pixbuf-2.0 -I/usr/include/x86_64-linux-gnu -I/usr/include/webp -I/usr/include/gio-unix-2.0 -I/usr/include/atk-1.0 -I/usr/include/at-spi2-atk/2.0 -I/usr/include/at-spi-2.0 -I/usr/include/dbus-1.0 -I/usr/lib/x86_64-linux-gnu/dbus-1.0/include -pthread          -I/usr/include/gstreamer-1.0 -I/usr/include/glib-2.0 -I/usr/lib/x86_64-linux-gnu/glib-2.0/include -I/usr/include/x86_64-linux-gnu -I/usr/include/orc-0.4 -pthread  -Wall  -Wincompatible-pointer-types -Werror=incompatible-pointer-types -Werror=int-conversion -Werror=implicit-function-declaration -Wwrite-strings -MT libjpeg/gio_jdatasrc.o -MD -MP -MF $depbase.Tpo -c -o libjpeg/gio_jdatasrc.o libjpeg/gio_jdatasrc.c &&\
mv -f $depbase.Tpo $depbase.Po
In file included from /usr/include/boost/smart_ptr/detail/requires_cxx11.hpp:9,
                 from /usr/include/boost/smart_ptr/shared_ptr.hpp:17,
                 from /usr/include/boost/shared_ptr.hpp:17,
                 from RenameDlg.h:6,
                 from RenameDlg.cpp:2:
/usr/include/boost/bind.hpp:36:1: note: ‘#pragma message: The practice of declaring the Bind placeholders (_1, _2, ...) in the global namespace is deprecated. Please use <boost/bind/bind.hpp> + using namespace boost::placeholders, or define BOOST_BIND_GLOBAL_PLACEHOLDERS to retain the current behavior.’
   36 | BOOST_PRAGMA_MESSAGE(
      | ^~~~~~~~~~~~~~~~~~~~
libjpeg/gio_jdatasrc.c: In function ‘fill_input_buffer’:
libjpeg/gio_jdatasrc.c:100:17: warning: this ‘if’ clause does not guard... [-Wmisleading-indentation]
  100 |                 if (src->start_of_file) /* Treat empty input file as fatal error */
      |                 ^~
In file included from libjpeg/gio_jdatasrc.c:20:
libjpeg/gio_jdatasrc.c:104:25: note: ...this statement, but the latter is misleadingly indented as if it were guarded by the ‘if’
  104 |                         WARNMS(cinfo, JWRN_JPEG_EOF);
      |                         ^~~~~~
depbase=`echo libjpeg/transupp.o | sed 's|[^/]*$|.deps/&|;s|\.o$||'`;\
gcc -DHAVE_CONFIG_H -I. -I..  -I.. -DPACKAGE_LOCALE_DIR=\""/usr/local/share/locale"\" -DPACKAGE_SRC_DIR=\""."\" -DPACKAGE_DATA_DIR=\""/usr/local/share"\" -DQUIVER_DATADIR=\""/app/data"\" -I/usr/include/gtk-3.0 -I/usr/include/pango-1.0 -I/usr/include/glib-2.0 -I/usr/lib/x86_64-linux-gnu/glib-2.0/include -I/usr/include/harfbuzz -I/usr/include/freetype2 -I/usr/include/libpng16 -I/usr/include/libmount -I/usr/include/blkid -I/usr/include/fribidi -I/usr/include/cairo -I/usr/include/pixman-1 -I/usr/include/gdk-pixbuf-2.0 -I/usr/include/x86_64-linux-gnu -I/usr/include/webp -I/usr/include/gio-unix-2.0 -I/usr/include/atk-1.0 -I/usr/include/at-spi2-atk/2.0 -I/usr/include/at-spi-2.0 -I/usr/include/dbus-1.0 -I/usr/lib/x86_64-linux-gnu/dbus-1.0/include -pthread        -I/usr/include   -I/usr/include/gstreamer-1.0 -I/usr/include/glib-2.0 -I/usr/lib/x86_64-linux-gnu/glib-2.0/include -I/usr/include/x86_64-linux-gnu -I/usr/include/orc-0.4 -pthread  -Wall   -I.. -DPACKAGE_LOCALE_DIR=\""/usr/local/share/locale"\" -DPACKAGE_SRC_DIR=\""."\" -DPACKAGE_DATA_DIR=\""/usr/local/share"\" -DQUIVER_DATADIR=\""/app/data"\" -I/usr/include/gtk-3.0 -I/usr/include/pango-1.0 -I/usr/include/glib-2.0 -I/usr/lib/x86_64-linux-gnu/glib-2.0/include -I/usr/include/harfbuzz -I/usr/include/freetype2 -I/usr/include/libpng16 -I/usr/include/libmount -I/usr/include/blkid -I/usr/include/fribidi -I/usr/include/cairo -I/usr/include/pixman-1 -I/usr/include/gdk-pixbuf-2.0 -I/usr/include/x86_64-linux-gnu -I/usr/include/webp -I/usr/include/gio-unix-2.0 -I/usr/include/atk-1.0 -I/usr/include/at-spi2-atk/2.0 -I/usr/include/at-spi-2.0 -I/usr/include/dbus-1.0 -I/usr/lib/x86_64-linux-gnu/dbus-1.0/include -pthread          -I/usr/include/gstreamer-1.0 -I/usr/include/glib-2.0 -I/usr/lib/x86_64-linux-gnu/glib-2.0/include -I/usr/include/x86_64-linux-gnu -I/usr/include/orc-0.4 -pthread  -Wall  -Wincompatible-pointer-types -Werror=incompatible-pointer-types -Werror=int-conversion -Werror=implicit-function-declaration -Wwrite-strings -MT libjpeg/transupp.o -MD -MP -MF $depbase.Tpo -c -o libjpeg/transupp.o libjpeg/transupp.c &&\
mv -f $depbase.Tpo $depbase.Po
In file included from /usr/include/boost/smart_ptr/detail/requires_cxx11.hpp:9,
                 from /usr/include/boost/smart_ptr/shared_ptr.hpp:17,
                 from /usr/include/boost/shared_ptr.hpp:17,
                 from AbstractTask.h:4,
                 from RenameTask.h:4,
                 from RenameTask.cpp:1:
/usr/include/boost/bind.hpp:36:1: note: ‘#pragma message: The practice of declaring the Bind placeholders (_1, _2, ...) in the global namespace is deprecated. Please use <boost/bind/bind.hpp> + using namespace boost::placeholders, or define BOOST_BIND_GLOBAL_PLACEHOLDERS to retain the current behavior.’
   36 | BOOST_PRAGMA_MESSAGE(
      | ^~~~~~~~~~~~~~~~~~~~
RenameDlg.cpp: In constructor ‘RenameDlg::RenameDlgPriv::RenameDlgPriv(RenameDlg*)’:
RenameDlg.cpp:132:17: warning: ISO C++ forbids converting a string constant to ‘gchar*’ {aka ‘char*’} [-Wwrite-strings]
  132 |                 "RenameDialog",
      |                 ^~~~~~~~~~~~~~
In file included from /usr/include/gtk-3.0/gtk/deprecated/gtkactiongroup.h:37,
                 from /usr/include/gtk-3.0/gtk/gtk.h:254,
                 from RenameDlg.h:4:
RenameDlg.cpp: In member function ‘void RenameDlg::RenameDlgPriv::LoadWidgets()’:
/usr/include/gtk-3.0/gtk/deprecated/gtkstock.h:756:38: warning: ‘GtkStock’ is deprecated [-Wdeprecated-declarations]
  756 | #define GTK_STOCK_OK               ((GtkStock)"gtk-ok")
      |                                      ^~~~~~~~
QuiverStockIcons.h:14:38: note: in expansion of macro ‘GTK_STOCK_OK’
   14 | #define QUIVER_STOCK_OK              GTK_STOCK_OK
      |                                      ^~~~~~~~~~~~
RenameDlg.cpp:161:60: note: in expansion of macro ‘QUIVER_STOCK_OK’
  161 |         m_pBtnOK               = gtk_button_new_from_stock(QUIVER_STOCK_OK);
      |                                                            ^~~~~~~~~~~~~~~
/usr/include/gtk-3.0/gtk/deprecated/gtkstock.h:108:16: note: declared here
  108 | typedef char * GtkStock;
      |                ^~~~~~~~
RenameDlg.cpp:161:59: warning: ‘GtkWidget* gtk_button_new_from_stock(const gchar*)’ is deprecated: Use 'gtk_button_new_with_label' instead [-Wdeprecated-declarations]
  161 |         m_pBtnOK               = gtk_button_new_from_stock(QUIVER_STOCK_OK);
      |                                  ~~~~~~~~~~~~~~~~~~~~~~~~~^~~~~~~~~~~~~~~~~
In file included from /usr/include/gtk-3.0/gtk/gtk.h:54:
/usr/include/gtk-3.0/gtk/gtkbutton.h:103:16: note: declared here
  103 | GtkWidget*     gtk_button_new_from_stock    (const gchar    *stock_id);
      |                ^~~~~~~~~~~~~~~~~~~~~~~~~
In file included from /usr/include/glib-2.0/gobject/gobject.h:26,
                 from /usr/include/glib-2.0/gobject/gbinding.h:31,
                 from /usr/include/glib-2.0/glib-object.h:24,
                 from /usr/include/glib-2.0/gio/gioenums.h:30,
                 from /usr/include/glib-2.0/gio/giotypes.h:30,
                 from /usr/include/glib-2.0/gio/gio.h:28,
                 from /usr/include/gtk-3.0/gdk/gdkapplaunchcontext.h:28,
                 from /usr/include/gtk-3.0/gdk/gdk.h:32,
                 from /usr/include/gtk-3.0/gtk/gtk.h:30:
RenameDlg.cpp:163:67: warning: ‘GtkWidget* gtk_dialog_get_action_area(GtkDialog*)’ is deprecated [-Wdeprecated-declarations]
  163 |         gtk_container_add(GTK_CONTAINER(gtk_dialog_get_action_area(m_pDialogRename)),m_pBtnOK);
      |                                         ~~~~~~~~~~~~~~~~~~~~~~~~~~^~~~~~~~~~~~~~~~~
/usr/include/glib-2.0/gobject/gtype.h:2660:66: note: in definition of macro ‘_G_TYPE_CIC’
 2660 |     ((ct*) (void *) g_type_check_instance_cast ((GTypeInstance*) ip, gt))
      |                                                                  ^~
/usr/include/gtk-3.0/gtk/gtkcontainer.h:38:42: note: in expansion of macro ‘G_TYPE_CHECK_INSTANCE_CAST’
   38 | #define GTK_CONTAINER(obj)              (G_TYPE_CHECK_INSTANCE_CAST ((obj), GTK_TYPE_CONTAINER, GtkContainer))
      |                                          ^~~~~~~~~~~~~~~~~~~~~~~~~~
RenameDlg.cpp:163:27: note: in expansion of macro ‘GTK_CONTAINER’
  163 |         gtk_container_add(GTK_CONTAINER(gtk_dialog_get_action_area(m_pDialogRename)),m_pBtnOK);
      |                           ^~~~~~~~~~~~~
In file included from /usr/include/gtk-3.0/gtk/gtkaboutdialog.h:30,
                 from /usr/include/gtk-3.0/gtk/gtk.h:31:
/usr/include/gtk-3.0/gtk/gtkdialog.h:203:13: note: declared here
  203 | GtkWidget * gtk_dialog_get_action_area  (GtkDialog *dialog);
      |             ^~~~~~~~~~~~~~~~~~~~~~~~~~
RenameDlg.cpp: In member function ‘bool RenameDlg::RenameDlgPriv::ValidateInput()’:
RenameDlg.cpp:315:60: warning: format not a string literal and no format arguments [-Wformat-security]
  315 |                 GtkWidget* dialog = gtk_message_dialog_new (GTK_WINDOW(m_pDialogRename),
      |                                     ~~~~~~~~~~~~~~~~~~~~~~~^~~~~~~~~~~~~~~~~~~~~~~~~~~~~
  316 |                         GTK_DIALOG_DESTROY_WITH_PARENT,
      |                         ~~~~~~~~~~~~~~~~~~~~~~~~~~~~~~~
  317 |                         GTK_MESSAGE_ERROR,
      |                         ~~~~~~~~~~~~~~~~~~
  318 |                         GTK_BUTTONS_CLOSE,
      |                         ~~~~~~~~~~~~~~~~~~
  319 |                         strMsg.c_str());
      |                         ~~~~~~~~~~~~~~~
In file included from /usr/include/boost/smart_ptr/detail/requires_cxx11.hpp:9,
                 from /usr/include/boost/smart_ptr/shared_ptr.hpp:17,
                 from /usr/include/boost/shared_ptr.hpp:17,
                 from AbstractTask.h:4,
                 from SaveImageTask.h:4,
                 from SaveImageTask.cpp:1:
/usr/include/boost/bind.hpp:36:1: note: ‘#pragma message: The practice of declaring the Bind placeholders (_1, _2, ...) in the global namespace is deprecated. Please use <boost/bind/bind.hpp> + using namespace boost::placeholders, or define BOOST_BIND_GLOBAL_PLACEHOLDERS to retain the current behavior.’
   36 | BOOST_PRAGMA_MESSAGE(
      | ^~~~~~~~~~~~~~~~~~~~
RenameDlg.cpp: At global scope:
RenameDlg.cpp:415:6: warning: ‘void combo_changed(GtkComboBox*, gpointer)’ defined but not used [-Wunused-function]
  415 | void combo_changed (GtkComboBox *widget, gpointer user_data)
      |      ^~~~~~~~~~~~~
RenameTask.cpp: In member function ‘virtual void RenameTask::Run()’:
RenameTask.cpp:266:55: warning: format ‘%s’ expects argument of type ‘char*’, but argument 3 has type ‘std::string’ {aka ‘std::__cxx11::basic_string<char>’} [-Wformat=]
  266 |                         dstname = g_strdup_printf("%s%s.%s", strDstName.c_str(), strSpecialCase, strExtension.c_str());
      |                                                      ~^
      |                                                       |
      |                                                       char*
RenameTask.cpp:293:24: warning: format not a string literal and no format arguments [-Wformat-security]
  293 |                 printf(szText);
      |                        ^~~~~~
RenameTask.cpp:304:26: warning: unused variable ‘copied’ [-Wunused-variable]
  304 |                 gboolean copied =
      |                          ^~~~~~
RenameTask.cpp: At global scope:
RenameTask.cpp:172:1: warning: ‘std::string get_display_name(GFile*)’ defined but not used [-Wunused-function]
  172 | get_display_name(GFile* file)
      | ^~~~~~~~~~~~~~~~
/bin/bash ../libtool  --tag=CXX   --mode=link g++  -Wincompatible-pointer-types -Werror=incompatible-pointer-types -Werror=int-conversion -Werror=implicit-function-declaration -Wwrite-strings   -o quiver MD5.o ExifView.o PreferencesEventSource.o Preferences.o PreferencesDlg.o FolderTree.o FolderTreeEventSource.o ImageCache.o ImageList.o ImageListEventSource.o ImageLoader.o IconViewThumbLoader.o ImageSaveManager.o QuiverFile.o QuiverFileOps.o PixbufLoaderObserver.o Timer.o Browser.o Viewer.o Statusbar.o QuiverUtils.o QuiverStockIcons.o Quiver.o QuiverVideoOps.o AbstractEventSource.o BrowserEventSource.o ViewerEventSource.o AdjustDateDlg.o AdjustDateTask.o BookmarksEventSource.o BookmarksDlg.o BookmarkAddEditDlg.o Bookmarks.o BrowserHistory.o DonateDlg.o TaskEventSource.o TaskManagerDlg.o TaskManager.o TaskManagerEventSource.o AbstractTask.o OrganizeTask.o ThreadUtil.o MessageBox.o OrganizeDlg.o strnatcmp.o ExternalTools.o ExternalToolsDlg.o ExternalToolAddEditDlg.o ExternalToolsEventSource.o RenameDlg.o RenameTask.o SaveImageTask.o libjpeg/gio_jdatadst.o libjpeg/gio_jdatasrc.o libjpeg/transupp.o ../libquiver/libquiver.la -lgtk-3 -lgdk-3 -lz -lpangocairo-1.0 -lpango-1.0 -lharfbuzz -latk-1.0 -lcairo-gobject -lcairo -lgdk_pixbuf-2.0 -lgio-2.0 -lgobject-2.0 -lglib-2.0        -L/usr/lib -lexif  -lsqlite3  -lgstvideo-1.0 -lgstapp-1.0 -lgstbase-1.0 -lgstreamer-1.0 -lgobject-2.0 -lglib-2.0  -ljpeg
libtool: link: g++ -Wincompatible-pointer-types -Werror=incompatible-pointer-types -Werror=int-conversion -Werror=implicit-function-declaration -Wwrite-strings -o quiver MD5.o ExifView.o PreferencesEventSource.o Preferences.o PreferencesDlg.o FolderTree.o FolderTreeEventSource.o ImageCache.o ImageList.o ImageListEventSource.o ImageLoader.o IconViewThumbLoader.o ImageSaveManager.o QuiverFile.o QuiverFileOps.o PixbufLoaderObserver.o Timer.o Browser.o Viewer.o Statusbar.o QuiverUtils.o QuiverStockIcons.o Quiver.o QuiverVideoOps.o AbstractEventSource.o BrowserEventSource.o ViewerEventSource.o AdjustDateDlg.o AdjustDateTask.o BookmarksEventSource.o BookmarksDlg.o BookmarkAddEditDlg.o Bookmarks.o BrowserHistory.o DonateDlg.o TaskEventSource.o TaskManagerDlg.o TaskManager.o TaskManagerEventSource.o AbstractTask.o OrganizeTask.o ThreadUtil.o MessageBox.o OrganizeDlg.o strnatcmp.o ExternalTools.o ExternalToolsDlg.o ExternalToolAddEditDlg.o ExternalToolsEventSource.o RenameDlg.o RenameTask.o SaveImageTask.o libjpeg/gio_jdatadst.o libjpeg/gio_jdatasrc.o libjpeg/transupp.o  ../libquiver/.libs/libquiver.a -lgtk-3 -lgdk-3 -lz -lpangocairo-1.0 -lpango-1.0 -lharfbuzz -latk-1.0 -lcairo-gobject -lcairo -lgdk_pixbuf-2.0 -lgio-2.0 -L/usr/lib -lexif -lsqlite3 -lgstvideo-1.0 -lgstapp-1.0 -lgstbase-1.0 -lgstreamer-1.0 -lgobject-2.0 -lglib-2.0 -ljpeg -pthread
make[3]: Leaving directory '/app/src'
make[2]: Leaving directory '/app/src'
make[2]: Entering directory '/app'
make[2]: Leaving directory '/app'
make[1]: Leaving directory '/app'
